[{"id":"101000136","id_course":"101000003","name":"Th\u1ee9c \u0103n v\u00e0 Tr\u1ed3ng tr\u1ecdt","mean":"","total":"20","num_word":"20","time_date":""},{"id":"101000137","id_course":"101000003","name":"To\u00e1n v\u00e0 Tin h\u1ecdc","mean":"","total":"20","num_word":"20","time_date":""},{"id":"101000138","id_course":"101000003","name":"N\u0103ng l\u01b0\u1ee3ng","mean":"","total":"20","num_word":"20","time_date":""},{"id":"101000139","id_course":"101000003","name":"T\u00e2m linh","mean":"","total":"20","num_word":"20","time_date":""},{"id":"101000140","id_course":"101000003","name":"Khoa h\u1ecdc v\u00e0 Nghi\u00ean c\u1ee9u","mean":"","total":"20","num_word":"20","time_date":""},{"id":"101000141","id_course":"101000003","name":"L\u1ecbch s\u1eed c\u1ed5 \u0111\u1ea1i","mean":"","total":"20","num_word":"20","time_date":""},{"id":"101000142","id_course":"101000003","name":"B\u1ec7nh t\u1eadt","mean":"","total":"20","num_word":"20","time_date":""},{"id":"101000143","id_course":"101000003","name":"Chuy\u00ean ng\u00e0nh v\u00e0 H\u1ecdc thu\u1eadt","mean":"","total":"20","num_word":"20","time_date":""},{"id":"101000144","id_course":"101000003","name":"Chi\u1ebfn tranh v\u00e0 Qu\u00e2n s\u1ef1","mean":"","total":"20","num_word":"20","time_date":""},{"id":"101000145","id_course":"101000003","name":"T\u00e0i s\u1ea3n v\u00e0 Giai c\u1ea5p x\u00e3 h\u1ed9i","mean":"","total":"20","num_word":"20","time_date":""},{"id":"101000146","id_course":"101000003","name":"T\u00e0i ch\u00ednh v\u00e0 Th\u01b0\u01a1ng m\u1ea1i","mean":"","total":"20","num_word":"20","time_date":""},{"id":"101000147","id_course":"101000003","name":"Ch\u00ednh tr\u1ecb","mean":"","total":"19","num_word":"19","time_date":""},{"id":"101000148","id_course":"101000003","name":"C\u00f4ng l\u00fd","mean":"","total":"20","num_word":"20","time_date":""},{"id":"101000149","id_course":"101000003","name":"Th\u1ebf gi\u1edbi ng\u1ea7m","mean":"","total":"20","num_word":"20","time_date":""},{"id":"101000150","id_course":"101000003","name":"Gia \u0111\u00ecnh v\u00e0 B\u1ea1n b\u00e8","mean":"","total":"20","num_word":"20","time_date":""},{"id":"101000151","id_course":"101000003","name":"S\u1ef1 say m\u00ea v\u00e0 C\u1ea3m x\u00fac","mean":"","total":"20","num_word":"20","time_date":""},{"id":"101000152","id_course":"101000003","name":"V\u1ea5n \u0111\u1ec1 x\u00e3 h\u1ed9i","mean":"","total":"20","num_word":"20","time_date":""},{"id":"101000153","id_course":"101000003","name":"\u0110i\u1ec1u tra h\u00ecnh s\u1ef1","mean":"","total":"20","num_word":"20","time_date":""},{"id":"101000154","id_course":"101000003","name":"Ngh\u1ec7 thu\u1eadt v\u00e0 V\u0103n h\u1ecdc","mean":"","total":"20","num_word":"20","time_date":""},{"id":"101000155","id_course":"101000003","name":"Gi\u1ea3i tr\u00ed","mean":"","total":"19","num_word":"19","time_date":""}]