[{"id":"101000162","name":"Part 1","id_course":"101000005","mean":"","total":"20","num_word":"","time_date":""},{"id":"101000163","name":"Part 2","id_course":"101000005","mean":"","total":"10","num_word":"","time_date":""},{"id":"101000164","name":"Part 3","id_course":"101000005","mean":"","total":"10","num_word":"","time_date":""},{"id":"101000165","name":"Part 4","id_course":"101000005","mean":"","total":"10","num_word":"","time_date":""},{"id":"101000166","name":"Part 5","id_course":"101000005","mean":"","total":"10","num_word":"","time_date":""},{"id":"101000167","name":"Part 6","id_course":"101000005","mean":"","total":"10","num_word":"","time_date":""},{"id":"101000168","name":"Part 7","id_course":"101000005","mean":"","total":"10","num_word":"","time_date":""},{"id":"101000169","name":"Part 8","id_course":"101000005","mean":"","total":"10","num_word":"","time_date":""},{"id":"101000170","name":"Part 9","id_course":"101000005","mean":"","total":"10","num_word":"","time_date":""},{"id":"101000171","name":"Part 10","id_course":"101000005","mean":"","total":"10","num_word":"","time_date":""},{"id":"101000172","name":"Part 11","id_course":"101000005","mean":"","total":"10","num_word":"","time_date":""},{"id":"101000173","name":"Part 12","id_course":"101000005","mean":"","total":"10","num_word":"","time_date":""},{"id":"101000174","name":"Part 13","id_course":"101000005","mean":"","total":"10","num_word":"","time_date":""},{"id":"101000175","name":"Part 14","id_course":"101000005","mean":"","total":"10","num_word":"","time_date":""},{"id":"101000176","name":"Part 15","id_course":"101000005","mean":"","total":"10","num_word":"","time_date":""},{"id":"101000177","name":"Part 16","id_course":"101000005","mean":"","total":"10","num_word":"","time_date":""},{"id":"101000178","name":"Part 17","id_course":"101000005","mean":"","total":"10","num_word":"","time_date":""},{"id":"101000179","name":"Part 18","id_course":"101000005","mean":"","total":"10","num_word":"","time_date":""},{"id":"101000180","name":"Part 19","id_course":"101000005","mean":"","total":"10","num_word":"","time_date":""},{"id":"101000181","name":"Part 20","id_course":"101000005","mean":"","total":"10","num_word":"","time_date":""},{"id":"101000182","name":"Part 21","id_course":"101000005","mean":"","total":"10","num_word":"","time_date":""},{"id":"101000183","name":"Part 22","id_course":"101000005","mean":"","total":"10","num_word":"","time_date":""},{"id":"101000184","name":"Part 23","id_course":"101000005","mean":"","total":"10","num_word":"","time_date":""},{"id":"101000185","name":"Part 24","id_course":"101000005","mean":"","total":"10","num_word":"","time_date":""},{"id":"101000186","name":"Part 25","id_course":"101000005","mean":"","total":"10","num_word":"","time_date":""},{"id":"101000187","name":"Part 26","id_course":"101000005","mean":"","total":"10","num_word":"","time_date":""},{"id":"101000188","name":"Part 27","id_course":"101000005","mean":"","total":"10","num_word":"","time_date":""},{"id":"101000189","name":"Part 28","id_course":"101000005","mean":"","total":"10","num_word":"","time_date":""},{"id":"101000190","name":"Part 29","id_course":"101000005","mean":"","total":"10","num_word":"","time_date":""}]