[
  {
    "id_word": "101003184",
    "id_subject": "101000162",
    "id_course": "101000005",
    "word": "magazine",
    "mean": "tạp chí",
    "example": "",
    "example_mean": "",
    "phonetic": "/ˌmægʌˈziːn/",
  },
  {
    "id_word": "101003185",
    "id_subject": "101000162",
    "id_course": "101000005",
    "word": "hotel",
    "mean": "khách sạn",
    "example": "",
    "example_mean": "",
    "phonetic": "/hoʊˈtel/",
  },
  {
    "id_word": "101003186",
    "id_subject": "101000162",
    "id_course": "101000005",
    "word": "soldier",
    "mean": "người lính",
    "example": "",
    "example_mean": "",
    "phonetic": "/ˈsoʊlʤər/",
  },
  {
    "id_word": "101003187",
    "id_subject": "101000162",
    "id_course": "101000005",
    "word": "reflect",
    "mean": "phản chiếu",
    "example": "",
    "example_mean": "",
    "phonetic": "/rɪˈflekt/",
  },
  {
    "id_word": "101003188",
    "id_subject": "101000162",
    "id_course": "101000005",
    "word": "heavy",
    "mean": "nặng",
    "example": "",
    "example_mean": "",
    "phonetic": "/ˈheviː/",
  },
  {
    "id_word": "101003189",
    "id_subject": "101000162",
    "id_course": "101000005",
    "word": "I prefer newspapers to magazines",
    "mean": "tôi thích báo hơn tạp chí",
    "example": "",
    "example_mean": "",
    "phonetic": "/aɪ prɪˈfɜːr nuːzˌpeɪpərz tuː ˌmægʌˈziːnz/",
  },
  {
    "id_word": "101003190",
    "id_subject": "101000162",
    "id_course": "101000005",
    "word": "we stayed one night at the hotel",
    "mean": "chúng tôi ở một đêm tại khách sạn",
    "example": "",
    "example_mean": "",
    "phonetic": "/wiː ˈsteɪd wʌn naɪt ʌt ðə hoʊˈtel/",
  },
  {
    "id_word": "101003191",
    "id_subject": "101000162",
    "id_course": "101000005",
    "word": "the soldier was young",
    "mean": "người lính đó đã trẻ",
    "example": "",
    "example_mean": "",
    "phonetic": "/ðə ˈsoʊlʤər wʌz jʌŋ/",
  },
  {
    "id_word": "101003192",
    "id_subject": "101000162",
    "id_course": "101000005",
    "word": "it reflects its value",
    "mean": "nó phản chiếu giá trị của nó",
    "example": "",
    "example_mean": "",
    "phonetic": "/ɪt rɪˈflekts ɪts ˈvæljuː/",
  },
  {
    "id_word": "101003193",
    "id_subject": "101000162",
    "id_course": "101000005",
    "word": "it's too heavy!",
    "mean": "nó quá nặng!",
    "example": "",
    "example_mean": "",
    "phonetic": "/its tuː ˈheviː/",
  },
  {
    "id_word": "101003194",
    "id_subject": "101000162",
    "id_course": "101000005",
    "word": "sexual",
    "mean": "tình dục",
    "example": "",
    "example_mean": "",
    "phonetic": "/ˈsekʃuːəl/",
  },
  {
    "id_word": "101003195",
    "id_subject": "101000162",
    "id_course": "101000005",
    "word": "cause",
    "mean": "nguyên nhân",
    "example": "",
    "example_mean": "",
    "phonetic": "/kɔːz/",
  },
  {
    "id_word": "101003196",
    "id_subject": "101000162",
    "id_course": "101000005",
    "word": "bag",
    "mean": "túi",
    "example": "",
    "example_mean": "",
    "phonetic": "/bæg/",
  },
  {
    "id_word": "101003197",
    "id_subject": "101000162",
    "id_course": "101000005",
    "word": "heat",
    "mean": "nhiệt độ",
    "example": "",
    "example_mean": "",
    "phonetic": "/hiːt/",
  },
  {
    "id_word": "101003198",
    "id_subject": "101000162",
    "id_course": "101000005",
    "word": "autumn",
    "mean": "mùa thu",
    "example": "",
    "example_mean": "",
    "phonetic": "/ˈɔːtəm/",
  },
  {
    "id_word": "101003199",
    "id_subject": "101000162",
    "id_course": "101000005",
    "word": "the doctor asked about her sexual history",
    "mean": "bác sĩ đó đã hỏi về lịch sử tình dục của cô ấy",
    "example": "",
    "example_mean": "",
    "phonetic": "/ðə ˈdɑːktər æskt əˈbaʊt hɜːr ˈsekʃuːəl ˈhɪstəriː/",
  },
  {
    "id_word": "101003200",
    "id_subject": "101000162",
    "id_course": "101000005",
    "word": "what was the cause of death?",
    "mean": "nguyên nhân cái chết là gì?",
    "example": "",
    "example_mean": "",
    "phonetic": "/hwʌt wʌz ðə kɔːz əv deθ/",
  },
  {
    "id_word": "101003201",
    "id_subject": "101000162",
    "id_course": "101000005",
    "word": "I have a plastic bag",
    "mean": "tôi có một túi nhựa",
    "example": "",
    "example_mean": "",
    "phonetic": "/aɪ həv ə ˈplæstɪk bæg/",
  },
  {
    "id_word": "101003202",
    "id_subject": "101000162",
    "id_course": "101000005",
    "word": "reduce the heat",
    "mean": "giảm nhiệt độ",
    "example": "",
    "example_mean": "",
    "phonetic": "/rɪˈduːs ðə hiːt/",
  },
  {
    "id_word": "101003203",
    "id_subject": "101000162",
    "id_course": "101000005",
    "word": "it happened during autumn",
    "mean": "nó diễn ra trong mùa thu",
    "example": "",
    "example_mean": "",
    "phonetic": "/ɪt ˈhæpʌnd ˈdʊrɪŋ ˈɔːtəm/",
  },
  {
    "id_word": "101003204",
    "id_subject": "101000163",
    "id_course": "101000005",
    "word": "marriage",
    "mean": "hôn nhân",
    "example": "",
    "example_mean": "",
    "phonetic": "/ˈmiːrɑːʤ/",
  },
  {
    "id_word": "101003205",
    "id_subject": "101000163",
    "id_course": "101000005",
    "word": "tough",
    "mean": "khó khăn",
    "example": "",
    "example_mean": "",
    "phonetic": "/tʌf/",
  },
  {
    "id_word": "101003206",
    "id_subject": "101000163",
    "id_course": "101000005",
    "word": "sing",
    "mean": "hát",
    "example": "",
    "example_mean": "",
    "phonetic": "/sɪŋ/",
  },
  {
    "id_word": "101003207",
    "id_subject": "101000163",
    "id_course": "101000005",
    "word": "purpose",
    "mean": "mục đích",
    "example": "",
    "example_mean": "",
    "phonetic": "/ˈpɜːrpəs/",
  },
  {
    "id_word": "101003208",
    "id_subject": "101000163",
    "id_course": "101000005",
    "word": "surface",
    "mean": "bề mặt",
    "example": "",
    "example_mean": "",
    "phonetic": "/ˈsɜːrfɪs/",
  },
  {
    "id_word": "101003209",
    "id_subject": "101000163",
    "id_course": "101000005",
    "word": "she ended the marriage",
    "mean": "cô ấy đã chấm dứt hôn nhân",
    "example": "",
    "example_mean": "",
    "phonetic": "/ʃiː ˈendɪd ðə ˈmiːrɑːʤ/",
  },
  {
    "id_word": "101003210",
    "id_subject": "101000163",
    "id_course": "101000005",
    "word": "she's having a tough time",
    "mean": "cô ấy đang có một thời gian khó khăn",
    "example": "",
    "example_mean": "",
    "phonetic": "/ʃiːz ˈhəvɪŋ ə tʌf taɪm/",
  },
  {
    "id_word": "101003211",
    "id_subject": "101000163",
    "id_course": "101000005",
    "word": "sing me a song",
    "mean": "hát cho tôi một bài hát",
    "example": "",
    "example_mean": "",
    "phonetic": "/sɪŋ ˈmiː ə sɔːŋ/",
  },
  {
    "id_word": "101003212",
    "id_subject": "101000163",
    "id_course": "101000005",
    "word": "does it serve a purpose?",
    "mean": "nó phục vụ một mục đích không?",
    "example": "",
    "example_mean": "",
    "phonetic": "/dʌz ɪt sɜːrv ə ˈpɜːrpəs/",
  },
  {
    "id_word": "101003213",
    "id_subject": "101000163",
    "id_course": "101000005",
    "word": "what is beneath the surface?",
    "mean": "ở dưới bề mặt là gì?",
    "example": "",
    "example_mean": "",
    "phonetic": "/hwʌt ɪz bɪˈniːθ ðə ˈsɜːrfɪs/",
  },
  {
    "id_word": "101003214",
    "id_subject": "101000164",
    "id_course": "101000005",
    "word": "exist",
    "mean": "tồn tại",
    "example": "",
    "example_mean": "",
    "phonetic": "/ɪgˈzɪst/",
  },
  {
    "id_word": "101003215",
    "id_subject": "101000164",
    "id_course": "101000005",
    "word": "pattern",
    "mean": "kiểu",
    "example": "",
    "example_mean": "",
    "phonetic": "/ˈpætʌrn/",
  },
  {
    "id_word": "101003216",
    "id_subject": "101000164",
    "id_course": "101000005",
    "word": "skin",
    "mean": "da",
    "example": "",
    "example_mean": "",
    "phonetic": "/skɪn/",
  },
  {
    "id_word": "101003217",
    "id_subject": "101000164",
    "id_course": "101000005",
    "word": "agent",
    "mean": "điệp viên",
    "example": "",
    "example_mean": "",
    "phonetic": "/ˈeɪʤənt/",
  },
  {
    "id_word": "101003218",
    "id_subject": "101000164",
    "id_course": "101000005",
    "word": "owner",
    "mean": "người sở hữu",
    "example": "",
    "example_mean": "",
    "phonetic": "/ˈoʊnər/",
  },
  {
    "id_word": "101003219",
    "id_subject": "101000164",
    "id_course": "101000005",
    "word": "does that still exist?",
    "mean": "nó còn tồn tại không?",
    "example": "",
    "example_mean": "",
    "phonetic": "/dʌz ðæt stɪl ɪgˈzɪst/",
  },
  {
    "id_word": "101003220",
    "id_subject": "101000164",
    "id_course": "101000005",
    "word": "we found a similar pattern",
    "mean": "chúng tôi đã tìm một kiểu tương tự",
    "example": "",
    "example_mean": "",
    "phonetic": "/wiː faʊnd ə ˈsɪmjələr ˈpætʌrn/",
  },
  {
    "id_word": "101003221",
    "id_subject": "101000164",
    "id_course": "101000005",
    "word": "he's getting under my skin",
    "mean": "anh ấy làm tôi khó chịu",
    "example": "",
    "example_mean": "",
    "phonetic": "/hiːz ˈgetɪŋ ˈʌndər maɪ skɪn/",
  },
  {
    "id_word": "101003222",
    "id_subject": "101000164",
    "id_course": "101000005",
    "word": "she was a secret agent",
    "mean": "cô ấy từng là một điệp viên bí mật",
    "example": "",
    "example_mean": "",
    "phonetic": "/ʃiː wʌz ə ˈsiːkrɪt ˈeɪʤənt/",
  },
  {
    "id_word": "101003223",
    "id_subject": "101000164",
    "id_course": "101000005",
    "word": "are you a property owner?",
    "mean": "bạn là một người sở hữu tài sản phải không?",
    "example": "",
    "example_mean": "",
    "phonetic": "/ɑːr juː ə ˈprɑːpərtiː ˈoʊnər/",
  },
  {
    "id_word": "101003224",
    "id_subject": "101000165",
    "id_course": "101000005",
    "word": "machine",
    "mean": "máy",
    "example": "",
    "example_mean": "",
    "phonetic": "/məˈʃiːn/",
  },
  {
    "id_word": "101003225",
    "id_subject": "101000165",
    "id_course": "101000005",
    "word": "gas",
    "mean": "ga, khí",
    "example": "",
    "example_mean": "",
    "phonetic": "/gæs/",
  },
  {
    "id_word": "101003226",
    "id_subject": "101000165",
    "id_course": "101000005",
    "word": "ahead",
    "mean": "phía trước",
    "example": "",
    "example_mean": "",
    "phonetic": "/əˈhed/",
  },
  {
    "id_word": "101003227",
    "id_subject": "101000165",
    "id_course": "101000005",
    "word": "generation",
    "mean": "thế hệ",
    "example": "",
    "example_mean": "",
    "phonetic": "/ˌʤenəˈreɪʃən/",
  },
  {
    "id_word": "101003228",
    "id_subject": "101000165",
    "id_course": "101000005",
    "word": "commercial",
    "mean": "thương mại",
    "example": "",
    "example_mean": "",
    "phonetic": "/kəˈmɜːrʃəl/",
  },
  {
    "id_word": "101003229",
    "id_subject": "101000165",
    "id_course": "101000005",
    "word": "it's in the washing machine",
    "mean": "nó trong máy giặt",
    "example": "",
    "example_mean": "",
    "phonetic": "/its ɪn ðə ˈwɑːʃɪŋ məˈʃiːn/",
  },
  {
    "id_word": "101003230",
    "id_subject": "101000165",
    "id_course": "101000005",
    "word": "greenhouse gases heat up the planet",
    "mean": "khí nhà kính làm nóng trái đất",
    "example": "",
    "example_mean": "",
    "phonetic": "/griːnˌhaʊs ˈgæsɪz hiːt ʌp ðə ˈplænɪt/",
  },
  {
    "id_word": "101003231",
    "id_subject": "101000165",
    "id_course": "101000005",
    "word": "he's still ahead of us",
    "mean": "anh ấy vẫn trước chúng tôi",
    "example": "",
    "example_mean": "",
    "phonetic": "/hiːz stɪl əˈhed əv ʌs/",
  },
  {
    "id_word": "101003232",
    "id_subject": "101000165",
    "id_course": "101000005",
    "word": "we should consider future generations",
    "mean": "chúng tôi nên cân nhắc thế hệ tương lai",
    "example": "",
    "example_mean": "",
    "phonetic": "/wiː ʃəd kənˈsɪdər ˈfjuːʧər ˌʤenəˈreɪʃənz/",
  },
  {
    "id_word": "101003233",
    "id_subject": "101000165",
    "id_course": "101000005",
    "word": "is it a residential or commercial area?",
    "mean": "nó là một khu vực dân cư hay thương mại?",
    "example": "",
    "example_mean": "",
    "phonetic": "/ɪz ɪt ə ˌrezɪˈdenʃəl ər kəˈmɜːrʃəl ˈeriːə/",
  },
  {
    "id_word": "101003234",
    "id_subject": "101000166",
    "id_course": "101000005",
    "word": "address",
    "mean": "đề cập",
    "example": "",
    "example_mean": "",
    "phonetic": "/əˈdres/",
  },
  {
    "id_word": "101003235",
    "id_subject": "101000166",
    "id_course": "101000005",
    "word": "cancer",
    "mean": "ung thư",
    "example": "",
    "example_mean": "",
    "phonetic": "/ˈkænsʌr/",
  },
  {
    "id_word": "101003236",
    "id_subject": "101000166",
    "id_course": "101000005",
    "word": "test",
    "mean": "kiểm tra",
    "example": "",
    "example_mean": "",
    "phonetic": "/test/",
  },
  {
    "id_word": "101003237",
    "id_subject": "101000166",
    "id_course": "101000005",
    "word": "item",
    "mean": "món đồ",
    "example": "",
    "example_mean": "",
    "phonetic": "/ˈaɪtəm/",
  },
  {
    "id_word": "101003238",
    "id_subject": "101000166",
    "id_course": "101000005",
    "word": "reality",
    "mean": "thực tế",
    "example": "",
    "example_mean": "",
    "phonetic": "/riːˈælɪtiː/",
  },
  {
    "id_word": "101003239",
    "id_subject": "101000166",
    "id_course": "101000005",
    "word": "we addressed the issue",
    "mean": "chúng tôi đã đề cập vấn đề đó",
    "example": "",
    "example_mean": "",
    "phonetic": "/wiː əˈdrest ðiː ˈɪʃuː/",
  },
  {
    "id_word": "101003240",
    "id_subject": "101000166",
    "id_course": "101000005",
    "word": "only women get breast cancer",
    "mean": "chỉ phụ nữ có ung thu ngực",
    "example": "",
    "example_mean": "",
    "phonetic": "/ˈoʊnliː ˈwɪmɪn get brest ˈkænsʌr/",
  },
  {
    "id_word": "101003241",
    "id_subject": "101000166",
    "id_course": "101000005",
    "word": "we should test whether it works",
    "mean": "chúng tôi nên kiểm tra nó hoạt động hay không",
    "example": "",
    "example_mean": "",
    "phonetic": "/wiː ʃəd test ˈhweðər ɪt wɜːrks/",
  },
  {
    "id_word": "101003242",
    "id_subject": "101000166",
    "id_course": "101000005",
    "word": "I have removed these items",
    "mean": "tôi đã vừa bỏ những món đồ",
    "example": "",
    "example_mean": "",
    "phonetic": "/aɪ həv rɪˈmuːvd ðiːz ˈaɪtəmz/",
  },
  {
    "id_word": "101003243",
    "id_subject": "101000166",
    "id_course": "101000005",
    "word": "it's a virtual reality game",
    "mean": "nó là một trò chơi thực tế ảo",
    "example": "",
    "example_mean": "",
    "phonetic": "/its ə ˈvɜːrʧuːəl riːˈælɪtiː geɪm/",
  },
  {
    "id_word": "101003244",
    "id_subject": "101000167",
    "id_course": "101000005",
    "word": "coach",
    "mean": "huấn luyện viên",
    "example": "",
    "example_mean": "",
    "phonetic": "/koʊʧ/",
  },
  {
    "id_word": "101003245",
    "id_subject": "101000167",
    "id_course": "101000005",
    "word": "step",
    "mean": "bước",
    "example": "",
    "example_mean": "",
    "phonetic": "/step/",
  },
  {
    "id_word": "101003246",
    "id_subject": "101000167",
    "id_course": "101000005",
    "word": "yard",
    "mean": "thước (đơn vị đo lường ở Anh)",
    "example": "",
    "example_mean": "",
    "phonetic": "/jɑːrd/",
  },
  {
    "id_word": "101003247",
    "id_subject": "101000167",
    "id_course": "101000005",
    "word": "beat",
    "mean": "đập",
    "example": "",
    "example_mean": "",
    "phonetic": "/biːt/",
  },
  {
    "id_word": "101003248",
    "id_subject": "101000167",
    "id_course": "101000005",
    "word": "violence",
    "mean": "bạo lực",
    "example": "",
    "example_mean": "",
    "phonetic": "/ˈvaɪələns/",
  },
  {
    "id_word": "101003249",
    "id_subject": "101000167",
    "id_course": "101000005",
    "word": "he was the assistant coach",
    "mean": "anh ấy đã à trợ lý huấn luyện viên",
    "example": "",
    "example_mean": "",
    "phonetic": "/hiː wʌz ðiː əˈsɪstənt koʊʧ/",
  },
  {
    "id_word": "101003250",
    "id_subject": "101000167",
    "id_course": "101000005",
    "word": "step back!",
    "mean": "bước lùi!",
    "example": "",
    "example_mean": "",
    "phonetic": "/step bæk/",
  },
  {
    "id_word": "101003251",
    "id_subject": "101000167",
    "id_course": "101000005",
    "word": "she threw the ball one hundred yards",
    "mean": "cô ấy đã ném banh một trăm thước",
    "example": "",
    "example_mean": "",
    "phonetic": "/ʃiː θruː ðə bɔːl wʌn ˈhʌndrɪd jɑːrdz/",
  },
  {
    "id_word": "101003252",
    "id_subject": "101000167",
    "id_course": "101000005",
    "word": "her heart was beating fast",
    "mean": "trái tim của cô ấy đã đang đập nhanh",
    "example": "",
    "example_mean": "",
    "phonetic": "/hɜːr hɑːrt wʌz ˈbiːtɪŋ fæst/",
  },
  {
    "id_word": "101003253",
    "id_subject": "101000167",
    "id_course": "101000005",
    "word": "he committed an act of violence",
    "mean": "anh ấy đã dính vào một hành động bạo lực",
    "example": "",
    "example_mean": "",
    "phonetic": "/hiː kəˈmɪtɪd ʌn ækt əv ˈvaɪələns/",
  },
  {
    "id_word": "101003254",
    "id_subject": "101000168",
    "id_course": "101000005",
    "word": "total",
    "mean": "tổng cộng",
    "example": "",
    "example_mean": "",
    "phonetic": "/ˈtoʊtl/",
  },
  {
    "id_word": "101003255",
    "id_subject": "101000168",
    "id_course": "101000005",
    "word": "tend",
    "mean": "có khuynh hướng",
    "example": "",
    "example_mean": "",
    "phonetic": "/tend/",
  },
  {
    "id_word": "101003256",
    "id_subject": "101000168",
    "id_course": "101000005",
    "word": "investment",
    "mean": "đầu tư",
    "example": "",
    "example_mean": "",
    "phonetic": "/ɪnˈvestmənt/",
  },
  {
    "id_word": "101003257",
    "id_subject": "101000168",
    "id_course": "101000005",
    "word": "discussion",
    "mean": "cuộc thảo luận",
    "example": "",
    "example_mean": "",
    "phonetic": "/dɪˈskʌʃən/",
  },
  {
    "id_word": "101003258",
    "id_subject": "101000168",
    "id_course": "101000005",
    "word": "finger",
    "mean": "ngón tay",
    "example": "",
    "example_mean": "",
    "phonetic": "/ˈfɪŋgər/",
  },
  {
    "id_word": "101003259",
    "id_subject": "101000168",
    "id_course": "101000005",
    "word": "what was your total score?",
    "mean": "điểm số tổng cộng của bạn là gì?",
    "example": "",
    "example_mean": "",
    "phonetic": "/hwʌt wʌz jʊr ˈtoʊtl skɔːr/",
  },
  {
    "id_word": "101003260",
    "id_subject": "101000168",
    "id_course": "101000005",
    "word": "they tend to favour me",
    "mean": "họ có khuynh hướng ưu đãi tôi",
    "example": "",
    "example_mean": "",
    "phonetic": "/ðeɪ tend tuː ˈfeɪvər ˈmiː/",
  },
  {
    "id_word": "101003261",
    "id_subject": "101000168",
    "id_course": "101000005",
    "word": "she works in investment banking",
    "mean": "cô ấy làm trong ngân hàng đầu tư",
    "example": "",
    "example_mean": "",
    "phonetic": "/ʃiː wɜːrks ɪn ɪnˈvestmənt ˈbæŋkɪŋ/",
  },
  {
    "id_word": "101003262",
    "id_subject": "101000168",
    "id_course": "101000005",
    "word": "let's continue our discussion later",
    "mean": "hãy tiếp tục cuộc thảo luận của chúng ta sau",
    "example": "",
    "example_mean": "",
    "phonetic": "/lets kənˈtɪnjuː aʊr dɪˈskʌʃən ˈleɪtər/",
  },
  {
    "id_word": "101003263",
    "id_subject": "101000168",
    "id_course": "101000005",
    "word": "stop pointing the finger",
    "mean": "dừng chỉ ngón tay",
    "example": "",
    "example_mean": "",
    "phonetic": "/stɑːp ˈpɔɪntiːŋ ðə ˈfɪŋgər/",
  },
  {
    "id_word": "101003264",
    "id_subject": "101000169",
    "id_course": "101000005",
    "word": "garden",
    "mean": "khu vườn",
    "example": "",
    "example_mean": "",
    "phonetic": "/ˈgɑːrdn/",
  },
  {
    "id_word": "101003265",
    "id_subject": "101000169",
    "id_course": "101000005",
    "word": "notice",
    "mean": "chú ý",
    "example": "",
    "example_mean": "",
    "phonetic": "/ˈnoʊtɪs/",
  },
  {
    "id_word": "101003266",
    "id_subject": "101000169",
    "id_course": "101000005",
    "word": "collection",
    "mean": "bộ sưu tập",
    "example": "",
    "example_mean": "",
    "phonetic": "/kəˈlekʃən/",
  },
  {
    "id_word": "101003267",
    "id_subject": "101000169",
    "id_course": "101000005",
    "word": "modern",
    "mean": "hiện đại",
    "example": "",
    "example_mean": "",
    "phonetic": "/ˈmɑːdərn/",
  },
  {
    "id_word": "101003268",
    "id_subject": "101000169",
    "id_course": "101000005",
    "word": "task",
    "mean": "nhiệm vụ",
    "example": "",
    "example_mean": "",
    "phonetic": "/tæsk/",
  },
  {
    "id_word": "101003269",
    "id_subject": "101000169",
    "id_course": "101000005",
    "word": "this is my vegetable garden",
    "mean": "đây là khu vườn rau của tôi",
    "example": "",
    "example_mean": "",
    "phonetic": "/ðɪs ɪz maɪ ˈveʤtəbəl ˈgɑːrdn/",
  },
  {
    "id_word": "101003270",
    "id_subject": "101000169",
    "id_course": "101000005",
    "word": "she didn't even notice!",
    "mean": "cô ấy thậm chí đã không chú ý!",
    "example": "",
    "example_mean": "",
    "phonetic": "/ʃiː ˈdidənt ˈiːvən ˈnoʊtɪs/",
  },
  {
    "id_word": "101003271",
    "id_subject": "101000169",
    "id_course": "101000005",
    "word": "it's the artist's latest collection",
    "mean": "nó là bộ sưu tập gần nhất của nghệ sĩ đó",
    "example": "",
    "example_mean": "",
    "phonetic": "/its ðiː ˈɑːrtɪsts ˈleɪtɪst kəˈlekʃən/",
  },
  {
    "id_word": "101003272",
    "id_subject": "101000169",
    "id_course": "101000005",
    "word": "do you like modern art?",
    "mean": "bạn thích nghệ thuật hiện đại không?",
    "example": "",
    "example_mean": "",
    "phonetic": "/duː juː laɪk ˈmɑːdərn ɑːrt/",
  },
  {
    "id_word": "101003273",
    "id_subject": "101000169",
    "id_course": "101000005",
    "word": "that was not a difficult task",
    "mean": "nó đã không là một nhiệm vụ khó khăn",
    "example": "",
    "example_mean": "",
    "phonetic": "/ðæt wʌz nɑːt ə ˈdɪfəkʌlt tæsk/",
  },
  {
    "id_word": "101003274",
    "id_subject": "101000170",
    "id_course": "101000005",
    "word": "partner",
    "mean": "đối tác",
    "example": "",
    "example_mean": "",
    "phonetic": "/ˈpɑːrtnər/",
  },
  {
    "id_word": "101003275",
    "id_subject": "101000170",
    "id_course": "101000005",
    "word": "positive",
    "mean": "tích cực",
    "example": "",
    "example_mean": "",
    "phonetic": "/ˈpɑːzɪtɪv/",
  },
  {
    "id_word": "101003276",
    "id_subject": "101000170",
    "id_course": "101000005",
    "word": "civil",
    "mean": "công dân",
    "example": "",
    "example_mean": "",
    "phonetic": "/ˈsɪvəl/",
  },
  {
    "id_word": "101003277",
    "id_subject": "101000170",
    "id_course": "101000005",
    "word": "kitchen",
    "mean": "nhà bếp",
    "example": "",
    "example_mean": "",
    "phonetic": "/ˈkɪʧən/",
  },
  {
    "id_word": "101003278",
    "id_subject": "101000170",
    "id_course": "101000005",
    "word": "consumer",
    "mean": "người tiêu dùng",
    "example": "",
    "example_mean": "",
    "phonetic": "/kənˈsuːmər/",
  },
  {
    "id_word": "101003279",
    "id_subject": "101000170",
    "id_course": "101000005",
    "word": "he's my trading partner",
    "mean": "anh ấy là đối tác thương mại của tôi",
    "example": "",
    "example_mean": "",
    "phonetic": "/hiːz maɪ ˈtreɪdiːŋ ˈpɑːrtnər/",
  },
  {
    "id_word": "101003280",
    "id_subject": "101000170",
    "id_course": "101000005",
    "word": "you should be more positive",
    "mean": "bạn nên tích cực hơn",
    "example": "",
    "example_mean": "",
    "phonetic": "/juː ʃəd biː mɔːr ˈpɑːzɪtɪv/",
  },
  {
    "id_word": "101003281",
    "id_subject": "101000170",
    "id_course": "101000005",
    "word": "she works in the civil service",
    "mean": "cô ấy làm trong dịch vụ công dân",
    "example": "",
    "example_mean": "",
    "phonetic": "/ʃiː wɜːrks ɪn ðə ˈsɪvəl ˈsɜːrvɪs/",
  },
  {
    "id_word": "101003282",
    "id_subject": "101000170",
    "id_course": "101000005",
    "word": "it's on the kitchen table",
    "mean": "nó là trên bàn nhà bếp",
    "example": "",
    "example_mean": "",
    "phonetic": "/its ɑːn ðə ˈkɪʧən ˈteɪbəl/",
  },
  {
    "id_word": "101003283",
    "id_subject": "101000170",
    "id_course": "101000005",
    "word": "the price will affect consumers",
    "mean": "giá cả đó sẽ ảnh hưởng nhiều người tiêu dùng",
    "example": "",
    "example_mean": "",
    "phonetic": "/ðə praɪs wɪl əˈfekt kənˈsuːmərz/",
  },
  {
    "id_word": "101003284",
    "id_subject": "101000171",
    "id_course": "101000005",
    "word": "shot",
    "mean": "viên đạn",
    "example": "",
    "example_mean": "",
    "phonetic": "/ʃɑːt/",
  },
  {
    "id_word": "101003285",
    "id_subject": "101000171",
    "id_course": "101000005",
    "word": "budget",
    "mean": "ngân sách",
    "example": "",
    "example_mean": "",
    "phonetic": "/ˈbʌʤɪt/",
  },
  {
    "id_word": "101003286",
    "id_subject": "101000171",
    "id_course": "101000005",
    "word": "wish",
    "mean": "chúc",
    "example": "",
    "example_mean": "",
    "phonetic": "/wɪʃ/",
  },
  {
    "id_word": "101003287",
    "id_subject": "101000171",
    "id_course": "101000005",
    "word": "painting",
    "mean": "bức tranh",
    "example": "",
    "example_mean": "",
    "phonetic": "/ˈpeɪntɪŋ/",
  },
  {
    "id_word": "101003288",
    "id_subject": "101000171",
    "id_course": "101000005",
    "word": "scientist",
    "mean": "nhà khoa học",
    "example": "",
    "example_mean": "",
    "phonetic": "/ˈsaɪəntɪst/",
  },
  {
    "id_word": "101003289",
    "id_subject": "101000171",
    "id_course": "101000005",
    "word": "that's a long shot!",
    "mean": "nó là một viên đạn dài!",
    "example": "",
    "example_mean": "",
    "phonetic": "/ðæts ə lɔːŋ ʃɑːt/",
  },
  {
    "id_word": "101003290",
    "id_subject": "101000171",
    "id_course": "101000005",
    "word": "they have cut the budget",
    "mean": "họ đã vừa giảm ngân sách đó",
    "example": "",
    "example_mean": "",
    "phonetic": "/ðeɪ həv kʌt ðə ˈbʌʤɪt/",
  },
  {
    "id_word": "101003291",
    "id_subject": "101000171",
    "id_course": "101000005",
    "word": "wish me luck",
    "mean": "chúc tôi may mắn",
    "example": "",
    "example_mean": "",
    "phonetic": "/wɪʃ ˈmiː lʌk/",
  },
  {
    "id_word": "101003292",
    "id_subject": "101000171",
    "id_course": "101000005",
    "word": "he bought an oil painting",
    "mean": "anh ấy đã mua một bức tranh sơn dầu",
    "example": "",
    "example_mean": "",
    "phonetic": "/hiː bɔːt ʌn ɔɪl ˈpeɪntɪŋ/",
  },
  {
    "id_word": "101003293",
    "id_subject": "101000171",
    "id_course": "101000005",
    "word": "a social scientist studies societies",
    "mean": "một nhà khoa học xã hội học những xã hội",
    "example": "",
    "example_mean": "",
    "phonetic": "/ə ˈsoʊʃəl ˈsaɪəntɪst ˈstʌdiːz səˈsaɪɪtiːz/",
  },
  {
    "id_word": "101003294",
    "id_subject": "101000172",
    "id_course": "101000005",
    "word": "safe",
    "mean": "an toàn",
    "example": "",
    "example_mean": "",
    "phonetic": "/seɪf/",
  },
  {
    "id_word": "101003295",
    "id_subject": "101000172",
    "id_course": "101000005",
    "word": "agreement",
    "mean": "sự đồng thuận",
    "example": "",
    "example_mean": "",
    "phonetic": "/əˈgriːmənt/",
  },
  {
    "id_word": "101003296",
    "id_subject": "101000172",
    "id_course": "101000005",
    "word": "mouth",
    "mean": "cái miệng",
    "example": "",
    "example_mean": "",
    "phonetic": "/ˈmaʊθ/",
  },
  {
    "id_word": "101003297",
    "id_subject": "101000172",
    "id_course": "101000005",
    "word": "capital",
    "mean": "thủ đô",
    "example": "",
    "example_mean": "",
    "phonetic": "/ˈkæpɪtl/",
  },
  {
    "id_word": "101003298",
    "id_subject": "101000172",
    "id_course": "101000005",
    "word": "victim",
    "mean": "nạn nhân",
    "example": "",
    "example_mean": "",
    "phonetic": "/ˈvɪktɪm/",
  },
  {
    "id_word": "101003299",
    "id_subject": "101000172",
    "id_course": "101000005",
    "word": "I feel safe here",
    "mean": "tôi cảm thấy an toàn ở đây",
    "example": "",
    "example_mean": "",
    "phonetic": "/aɪ fiːl seɪf hiːr/",
  },
  {
    "id_word": "101003300",
    "id_subject": "101000172",
    "id_course": "101000005",
    "word": "they reached an agreement",
    "mean": "họ đã tới một sự đồng thuận",
    "example": "",
    "example_mean": "",
    "phonetic": "/ðeɪ riːʧt ʌn əˈgriːmənt/",
  },
  {
    "id_word": "101003301",
    "id_subject": "101000172",
    "id_course": "101000005",
    "word": "she covered her mouth",
    "mean": "cô ấy che cái miệng của cô ấy",
    "example": "",
    "example_mean": "",
    "phonetic": "/ʃiː ˈkʌvərd hɜːr ˈmaʊθ/",
  },
  {
    "id_word": "101003302",
    "id_subject": "101000172",
    "id_course": "101000005",
    "word": "capital punishment has been outlawed",
    "mean": "tử hành nên bị đưa ra khỏi luật",
    "example": "",
    "example_mean": "",
    "phonetic": "/ˈkæpɪtl ˈpʌnɪʃmənt həz bɪn ˈaʊtlɔːd/",
  },
  {
    "id_word": "101003303",
    "id_subject": "101000172",
    "id_course": "101000005",
    "word": "think of all the innocent victims",
    "mean": "nghĩ về tất cả những nạn nhân vô tội",
    "example": "",
    "example_mean": "",
    "phonetic": "/θɪŋk əv ɔːl ðiː ˈɪnəsənt ˈvɪktɪmz/",
  },
  {
    "id_word": "101003304",
    "id_subject": "101000173",
    "id_course": "101000005",
    "word": "newspaper",
    "mean": "báo",
    "example": "",
    "example_mean": "",
    "phonetic": "/nuːzˌpeɪpər/",
  },
  {
    "id_word": "101003305",
    "id_subject": "101000173",
    "id_course": "101000005",
    "word": "threat",
    "mean": "mối nguy hiểm",
    "example": "",
    "example_mean": "",
    "phonetic": "/θret/",
  },
  {
    "id_word": "101003306",
    "id_subject": "101000173",
    "id_course": "101000005",
    "word": "responsibility",
    "mean": "trách nhiệm",
    "example": "",
    "example_mean": "",
    "phonetic": "/rɪˌspɑːnsəˈbɪlɪtiː/",
  },
  {
    "id_word": "101003307",
    "id_subject": "101000173",
    "id_course": "101000005",
    "word": "smile",
    "mean": "nụ cười",
    "example": "",
    "example_mean": "",
    "phonetic": "/smaɪl/",
  },
  {
    "id_word": "101003308",
    "id_subject": "101000173",
    "id_course": "101000005",
    "word": "solicitor",
    "mean": "cố vấn pháp luật",
    "example": "",
    "example_mean": "",
    "phonetic": "/səˈlɪsɪtər/",
  },
  {
    "id_word": "101003309",
    "id_subject": "101000173",
    "id_course": "101000005",
    "word": "I read the local newspaper",
    "mean": "tôi đọc báo địa phương",
    "example": "",
    "example_mean": "",
    "phonetic": "/aɪ riːd ðə ˈloʊkəl nuːzˌpeɪpər/",
  },
  {
    "id_word": "101003310",
    "id_subject": "101000173",
    "id_course": "101000005",
    "word": "I'm a security threat",
    "mean": "tôi là một mối nguy hiểm an ninh",
    "example": "",
    "example_mean": "",
    "phonetic": "/aɪm ə sɪˈkjʊrɪtiː θret/",
  },
  {
    "id_word": "101003311",
    "id_subject": "101000173",
    "id_course": "101000005",
    "word": "I'll take responsibility for it",
    "mean": "tôi sẽ nhận trách nhiệm cho nó",
    "example": "",
    "example_mean": "",
    "phonetic": "/aɪl teɪk rɪˌspɑːnsəˈbɪlɪtiː fər ɪt/",
  },
  {
    "id_word": "101003312",
    "id_subject": "101000173",
    "id_course": "101000005",
    "word": "it's nice to see her smile again",
    "mean": "tốt khi thấy nụ cười của cô ấy một lần nữa",
    "example": "",
    "example_mean": "",
    "phonetic": "/its naɪs tuː siː hɜːr smaɪl əˈgen/",
  },
  {
    "id_word": "101003313",
    "id_subject": "101000173",
    "id_course": "101000005",
    "word": "I hired a solicitor",
    "mean": "tôi đã thuê một cố vấn pháp luật",
    "example": "",
    "example_mean": "",
    "phonetic": "/aɪ haɪrd ə səˈlɪsɪtər/",
  },
  {
    "id_word": "101003314",
    "id_subject": "101000174",
    "id_course": "101000005",
    "word": "score",
    "mean": "điểm số",
    "example": "",
    "example_mean": "",
    "phonetic": "/skɔːr/",
  },
  {
    "id_word": "101003315",
    "id_subject": "101000174",
    "id_course": "101000005",
    "word": "account",
    "mean": "tài khoản",
    "example": "",
    "example_mean": "",
    "phonetic": "/əˈkaʊnt/",
  },
  {
    "id_word": "101003316",
    "id_subject": "101000174",
    "id_course": "101000005",
    "word": "interesting",
    "mean": "thú vị",
    "example": "",
    "example_mean": "",
    "phonetic": "/ˈɪntərɪstɪŋ/",
  },
  {
    "id_word": "101003317",
    "id_subject": "101000174",
    "id_course": "101000005",
    "word": "break",
    "mean": "nghỉ giữ giờ",
    "example": "",
    "example_mean": "",
    "phonetic": "/breɪk/",
  },
  {
    "id_word": "101003318",
    "id_subject": "101000174",
    "id_course": "101000005",
    "word": "audience",
    "mean": "lượng khán giả",
    "example": "",
    "example_mean": "",
    "phonetic": "/ˈɔːdiːəns/",
  },
  {
    "id_word": "101003319",
    "id_subject": "101000174",
    "id_course": "101000005",
    "word": "what's your total score?",
    "mean": "điểm số tổng cộng của bạn là gì?",
    "example": "",
    "example_mean": "",
    "phonetic": "/hwʌts jʊr ˈtoʊtl skɔːr/",
  },
  {
    "id_word": "101003320",
    "id_subject": "101000174",
    "id_course": "101000005",
    "word": "there is no money in my account!",
    "mean": "không có tiền trong tài khoản của tôi!",
    "example": "",
    "example_mean": "",
    "phonetic": "/ðer ɪz noʊ ˈmʌniː ɪn maɪ əˈkaʊnt/",
  },
  {
    "id_word": "101003321",
    "id_subject": "101000174",
    "id_course": "101000005",
    "word": "it's one of the most interesting articles",
    "mean": "nó là một trong những bài viết thú vị nhất",
    "example": "",
    "example_mean": "",
    "phonetic": "/its wʌn əv ðə moʊst ˈɪntərɪstɪŋ ˈɑːrtɪkəlz/",
  },
  {
    "id_word": "101003322",
    "id_subject": "101000174",
    "id_course": "101000005",
    "word": "can we take a break?",
    "mean": "chúng tôi có thể nghỉ giữ giờ không?",
    "example": "",
    "example_mean": "",
    "phonetic": "/kæn wiː teɪk ə breɪk/",
  },
  {
    "id_word": "101003323",
    "id_subject": "101000174",
    "id_course": "101000005",
    "word": "we reach a wide audience",
    "mean": "chúng tôi tiếp cận một lượng khán giả rộng khắp",
    "example": "",
    "example_mean": "",
    "phonetic": "/wiː riːʧ ə waɪd ˈɔːdiːəns/",
  },
  {
    "id_word": "101003324",
    "id_subject": "101000175",
    "id_course": "101000005",
    "word": "rich",
    "mean": "giàu",
    "example": "",
    "example_mean": "",
    "phonetic": "/rɪʧ/",
  },
  {
    "id_word": "101003325",
    "id_subject": "101000175",
    "id_course": "101000005",
    "word": "dinner",
    "mean": "bữa tối",
    "example": "",
    "example_mean": "",
    "phonetic": "/ˈdɪnər/",
  },
  {
    "id_word": "101003326",
    "id_subject": "101000175",
    "id_course": "101000005",
    "word": "figure",
    "mean": "tính toán",
    "example": "",
    "example_mean": "",
    "phonetic": "/ˈfɪgjər/",
  },
  {
    "id_word": "101003327",
    "id_subject": "101000175",
    "id_course": "101000005",
    "word": "vote",
    "mean": "phiếu bầu",
    "example": "",
    "example_mean": "",
    "phonetic": "/voʊt/",
  },
  {
    "id_word": "101003328",
    "id_subject": "101000175",
    "id_course": "101000005",
    "word": "western",
    "mean": "phương Tây",
    "example": "",
    "example_mean": "",
    "phonetic": "/ˈwestərn/",
  },
  {
    "id_word": "101003329",
    "id_subject": "101000175",
    "id_course": "101000005",
    "word": "I love being rich and famous",
    "mean": "tôi yêu tình trạng giàu và nổi tiếng",
    "example": "",
    "example_mean": "",
    "phonetic": "/aɪ lʌv ˈbiːɪŋ rɪʧ ænd ˈfeɪməs/",
  },
  {
    "id_word": "101003330",
    "id_subject": "101000175",
    "id_course": "101000005",
    "word": "I'll talk to you after dinner",
    "mean": "tôi sẽ nói với bạn sau bữa tối",
    "example": "",
    "example_mean": "",
    "phonetic": "/aɪl tɔːk tuː juː ˈæftər ˈdɪnər/",
  },
  {
    "id_word": "101003331",
    "id_subject": "101000175",
    "id_course": "101000005",
    "word": "I'm trying to figure it out",
    "mean": "tôi đang thử tính toán nó ra",
    "example": "",
    "example_mean": "",
    "phonetic": "/aɪm ˈtraɪɪŋ tuː ˈfɪgjər ɪt aʊt/",
  },
  {
    "id_word": "101003332",
    "id_subject": "101000175",
    "id_course": "101000005",
    "word": "they are counting votes",
    "mean": "họ đang đếm số lượng những phiếu bầu",
    "example": "",
    "example_mean": "",
    "phonetic": "/ðeɪ ɑːr counting voʊts/",
  },
  {
    "id_word": "101003333",
    "id_subject": "101000175",
    "id_course": "101000005",
    "word": "it's a critical value of Western society",
    "mean": "nó là một giá trị quan trọng của xã hội phương Tây",
    "example": "",
    "example_mean": "",
    "phonetic": "/its ə ˈkrɪtɪkəl ˈvæljuː əv ˈwestərn səˈsaɪɪtiː/",
  },
  {
    "id_word": "101003334",
    "id_subject": "101000176",
    "id_course": "101000005",
    "word": "relate",
    "mean": "liên quan",
    "example": "",
    "example_mean": "",
    "phonetic": "/rɪˈleɪt/",
  },
  {
    "id_word": "101003335",
    "id_subject": "101000176",
    "id_course": "101000005",
    "word": "travel",
    "mean": "du lịch",
    "example": "",
    "example_mean": "",
    "phonetic": "/ˈtrævʌl/",
  },
  {
    "id_word": "101003336",
    "id_subject": "101000176",
    "id_course": "101000005",
    "word": "debate",
    "mean": "tranh luận",
    "example": "",
    "example_mean": "",
    "phonetic": "/dɪˈbeɪt/",
  },
  {
    "id_word": "101003337",
    "id_subject": "101000176",
    "id_course": "101000005",
    "word": "prevent",
    "mean": "phòng tránh",
    "example": "",
    "example_mean": "",
    "phonetic": "/prɪˈvent/",
  },
  {
    "id_word": "101003338",
    "id_subject": "101000176",
    "id_course": "101000005",
    "word": "citizen",
    "mean": "công dân",
    "example": "",
    "example_mean": "",
    "phonetic": "/ˈsɪtɪzən/",
  },
  {
    "id_word": "101003339",
    "id_subject": "101000176",
    "id_course": "101000005",
    "word": "it's related to a bigger problem",
    "mean": "nó liên quan đến một vấn đề lớn hơn",
    "example": "",
    "example_mean": "",
    "phonetic": "/its riːˈleɪtɪd tuː ə ˈbɪgə ˈprɑːbləm/",
  },
  {
    "id_word": "101003340",
    "id_subject": "101000176",
    "id_course": "101000005",
    "word": "he has travelled for miles",
    "mean": "anh ấy đã vừa du lịch rất xa",
    "example": "",
    "example_mean": "",
    "phonetic": "/hiː həz ˈtrævʌld fər maɪlz/",
  },
  {
    "id_word": "101003341",
    "id_subject": "101000176",
    "id_course": "101000005",
    "word": "it turned into a political debate",
    "mean": "nó đã biến thành một tranh luận chính trị",
    "example": "",
    "example_mean": "",
    "phonetic": "/ɪt tɜːrnd ˈɪntuː ə pəˈlɪtɪkəl dɪˈbeɪt/",
  },
  {
    "id_word": "101003342",
    "id_subject": "101000176",
    "id_course": "101000005",
    "word": "how can we prevent an attack?",
    "mean": "làm sao chúng tôi có thể phòng tránh một cuộc tấn công?",
    "example": "",
    "example_mean": "",
    "phonetic": "/haʊ kæn wiː prɪˈvent ʌn əˈtæk/",
  },
  {
    "id_word": "101003343",
    "id_subject": "101000176",
    "id_course": "101000005",
    "word": "he has become a citizen",
    "mean": "anh ấy đã vừa trở thành một công dân",
    "example": "",
    "example_mean": "",
    "phonetic": "/hiː həz bɪˈkʌm ə ˈsɪtɪzən/",
  },
  {
    "id_word": "101003344",
    "id_subject": "101000177",
    "id_course": "101000005",
    "word": "majority",
    "mean": "đa số",
    "example": "",
    "example_mean": "",
    "phonetic": "/məˈʤɔːrɪtiː/",
  },
  {
    "id_word": "101003345",
    "id_subject": "101000177",
    "id_course": "101000005",
    "word": "born",
    "mean": "sinh",
    "example": "",
    "example_mean": "",
    "phonetic": "/bɔːrn/",
  },
  {
    "id_word": "101003346",
    "id_subject": "101000177",
    "id_course": "101000005",
    "word": "admit",
    "mean": "thừa nhận",
    "example": "",
    "example_mean": "",
    "phonetic": "/ædˈmɪt/",
  },
  {
    "id_word": "101003347",
    "id_subject": "101000177",
    "id_course": "101000005",
    "word": "senior",
    "mean": "cao tuổi",
    "example": "",
    "example_mean": "",
    "phonetic": "/ˈsiːnjər/",
  },
  {
    "id_word": "101003348",
    "id_subject": "101000177",
    "id_course": "101000005",
    "word": "assume",
    "mean": "cho rằng",
    "example": "",
    "example_mean": "",
    "phonetic": "/əˈsuːm/",
  },
  {
    "id_word": "101003349",
    "id_subject": "101000177",
    "id_course": "101000005",
    "word": "the majority of students don't work",
    "mean": "đa số sinh viên không làm",
    "example": "",
    "example_mean": "",
    "phonetic": "/ðə məˈʤɔːrɪtiː əv ˈstuːdnts doʊnt wɜːrk/",
  },
  {
    "id_word": "101003350",
    "id_subject": "101000177",
    "id_course": "101000005",
    "word": "babies are born every minute",
    "mean": "em bé được sinh mỗi phút",
    "example": "",
    "example_mean": "",
    "phonetic": "/ˈbeɪbiːz ɑːr bɔːrn ˈevriː ˈmɪnɪt/",
  },
  {
    "id_word": "101003351",
    "id_subject": "101000177",
    "id_course": "101000005",
    "word": "she admitted her mistake",
    "mean": "cô ấy đã thừa nhận lỗi của cô ấy",
    "example": "",
    "example_mean": "",
    "phonetic": "/ʃiː ædˈmɪtɪd hɜːr mɪˈsteɪk/",
  },
  {
    "id_word": "101003352",
    "id_subject": "101000177",
    "id_course": "101000005",
    "word": "he's a senior citizen",
    "mean": "anh ấy là một công dân cao tuổi",
    "example": "",
    "example_mean": "",
    "phonetic": "/hiːz ə ˈsiːnjər ˈsɪtɪzən/",
  },
  {
    "id_word": "101003353",
    "id_subject": "101000177",
    "id_course": "101000005",
    "word": "everyone assumes that I'm an idiot",
    "mean": "mọi người cho rằng tôi là một kẻ ngốc",
    "example": "",
    "example_mean": "",
    "phonetic": "/evriːˌwʌn əˈsuːmz ðæt aɪm ʌn ˈɪdiːət/",
  },
  {
    "id_word": "101003354",
    "id_subject": "101000178",
    "id_course": "101000005",
    "word": "wind",
    "mean": "gió",
    "example": "",
    "example_mean": "",
    "phonetic": "/wɪnd/",
  },
  {
    "id_word": "101003355",
    "id_subject": "101000178",
    "id_course": "101000005",
    "word": "key",
    "mean": "then chốt",
    "example": "",
    "example_mean": "",
    "phonetic": "/kiː/",
  },
  {
    "id_word": "101003356",
    "id_subject": "101000178",
    "id_course": "101000005",
    "word": "professional",
    "mean": "chuyên nghiệp",
    "example": "",
    "example_mean": "",
    "phonetic": "/prəˈfeʃənl/",
  },
  {
    "id_word": "101003357",
    "id_subject": "101000178",
    "id_course": "101000005",
    "word": "mission",
    "mean": "sứ mệnh",
    "example": "",
    "example_mean": "",
    "phonetic": "/ˈmɪʃən/",
  },
  {
    "id_word": "101003358",
    "id_subject": "101000178",
    "id_course": "101000005",
    "word": "fast",
    "mean": "nhanh",
    "example": "",
    "example_mean": "",
    "phonetic": "/fæst/",
  },
  {
    "id_word": "101003359",
    "id_subject": "101000178",
    "id_course": "101000005",
    "word": "the wind was blowing",
    "mean": "cơn gió đó đã đang thổi",
    "example": "",
    "example_mean": "",
    "phonetic": "/ðə wɪnd wʌz ˈbloʊɪŋ/",
  },
  {
    "id_word": "101003360",
    "id_subject": "101000178",
    "id_course": "101000005",
    "word": "you are a key player",
    "mean": "bạn là một người chơi then chốt",
    "example": "",
    "example_mean": "",
    "phonetic": "/juː ɑːr ə kiː ˈpleɪər/",
  },
  {
    "id_word": "101003361",
    "id_subject": "101000178",
    "id_course": "101000005",
    "word": "it's a professional organisation!",
    "mean": "nó là một tổ chức chuyên nghiệp",
    "example": "",
    "example_mean": "",
    "phonetic": "/its ə prəˈfeʃənl organisation/",
  },
  {
    "id_word": "101003362",
    "id_subject": "101000178",
    "id_course": "101000005",
    "word": "she completed her mission",
    "mean": "cô ấy đã hoàn thành sứ mệnh của cô ấy",
    "example": "",
    "example_mean": "",
    "phonetic": "/ʃiː kəmˈpliːtɪd hɜːr ˈmɪʃən/",
  },
  {
    "id_word": "101003363",
    "id_subject": "101000178",
    "id_course": "101000005",
    "word": "the company has grown fast",
    "mean": "công ty đó đã vừa tăng trưởng nhanh",
    "example": "",
    "example_mean": "",
    "phonetic": "/ðə ˈkʌmpəniː həz groʊn fæst/",
  },
  {
    "id_word": "101003364",
    "id_subject": "101000179",
    "id_course": "101000005",
    "word": "alone",
    "mean": "một mình",
    "example": "",
    "example_mean": "",
    "phonetic": "/əˈloʊn/",
  },
  {
    "id_word": "101003365",
    "id_subject": "101000179",
    "id_course": "101000005",
    "word": "customer",
    "mean": "khách hàng",
    "example": "",
    "example_mean": "",
    "phonetic": "/ˈkʌstəmər/",
  },
  {
    "id_word": "101003366",
    "id_subject": "101000179",
    "id_course": "101000005",
    "word": "suffer",
    "mean": "chịu đựng",
    "example": "",
    "example_mean": "",
    "phonetic": "/ˈsʌfər/",
  },
  {
    "id_word": "101003367",
    "id_subject": "101000179",
    "id_course": "101000005",
    "word": "speech",
    "mean": "bài phát biểu",
    "example": "",
    "example_mean": "",
    "phonetic": "/spiːʧ/",
  },
  {
    "id_word": "101003368",
    "id_subject": "101000179",
    "id_course": "101000005",
    "word": "successful",
    "mean": "thành công",
    "example": "",
    "example_mean": "",
    "phonetic": "/səkˈsesfəl/",
  },
  {
    "id_word": "101003369",
    "id_subject": "101000179",
    "id_course": "101000005",
    "word": "she was sitting alone",
    "mean": "cô ấy đã đang ngồi một mình",
    "example": "",
    "example_mean": "",
    "phonetic": "/ʃiː wʌz ˈsɪtɪŋ əˈloʊn/",
  },
  {
    "id_word": "101003370",
    "id_subject": "101000179",
    "id_course": "101000005",
    "word": "their customer service is good",
    "mean": "dịch vụ khách hàng của họ tốt",
    "example": "",
    "example_mean": "",
    "phonetic": "/ðer ˈkʌstəmər ˈsɜːrvɪs ɪz gʊd/",
  },
  {
    "id_word": "101003371",
    "id_subject": "101000179",
    "id_course": "101000005",
    "word": "it's the children who suffer",
    "mean": "trẻ em là người chịu đựng",
    "example": "",
    "example_mean": "",
    "phonetic": "/its ðə ˈʧɪldrən huː ˈsʌfər/",
  },
  {
    "id_word": "101003372",
    "id_subject": "101000179",
    "id_course": "101000005",
    "word": "she delivered a speech",
    "mean": "cô ấy đã đọc một bài phát biểu",
    "example": "",
    "example_mean": "",
    "phonetic": "/ʃiː dɪˈlɪvərd ə spiːʧ/",
  },
  {
    "id_word": "101003373",
    "id_subject": "101000179",
    "id_course": "101000005",
    "word": "I'm more successful than him",
    "mean": "tôi thành công hơn so với anh ấy",
    "example": "",
    "example_mean": "",
    "phonetic": "/aɪm mɔːr səkˈsesfəl ðæn hɪm/",
  },
  {
    "id_word": "101003374",
    "id_subject": "101000180",
    "id_course": "101000005",
    "word": "option",
    "mean": "lựa chọn",
    "example": "",
    "example_mean": "",
    "phonetic": "/ˈɑːpʃən/",
  },
  {
    "id_word": "101003375",
    "id_subject": "101000180",
    "id_course": "101000005",
    "word": "participant",
    "mean": "người tham gia",
    "example": "",
    "example_mean": "",
    "phonetic": "/pɑːrˈtɪsəpənt/",
  },
  {
    "id_word": "101003376",
    "id_subject": "101000180",
    "id_course": "101000005",
    "word": "southern",
    "mean": "miền nam",
    "example": "",
    "example_mean": "",
    "phonetic": "/ˈsʌðərn/",
  },
  {
    "id_word": "101003377",
    "id_subject": "101000180",
    "id_course": "101000005",
    "word": "eventually",
    "mean": "sau cùng thì",
    "example": "",
    "example_mean": "",
    "phonetic": "/ɪˈvenʧuːəliː/",
  },
  {
    "id_word": "101003378",
    "id_subject": "101000180",
    "id_course": "101000005",
    "word": "fresh",
    "mean": "tươi",
    "example": "",
    "example_mean": "",
    "phonetic": "/freʃ/",
  },
  {
    "id_word": "101003379",
    "id_subject": "101000180",
    "id_course": "101000005",
    "word": "I was offered many options",
    "mean": "tôi đã được cung cấp nhiều lựa chọn",
    "example": "",
    "example_mean": "",
    "phonetic": "/aɪ wʌz ˈɔːfərd ˈmeniː ˈɑːpʃənz/",
  },
  {
    "id_word": "101003380",
    "id_subject": "101000180",
    "id_course": "101000005",
    "word": "there was a huge group of participants",
    "mean": "đã có một nhóm những người tham gia khổng lồ",
    "example": "",
    "example_mean": "",
    "phonetic": "/ðer wʌz ə hjuːʤ gruːp əv pɑːrˈtɪsəpənts/",
  },
  {
    "id_word": "101003381",
    "id_subject": "101000180",
    "id_course": "101000005",
    "word": "it's a town in southern England",
    "mean": "nó là một thị trấn trong miền nam nước Anh",
    "example": "",
    "example_mean": "",
    "phonetic": "/its ə taʊn ɪn ˈsʌðərn England/",
  },
  {
    "id_word": "101003382",
    "id_subject": "101000180",
    "id_course": "101000005",
    "word": "he'll eventually become king",
    "mean": "anh ấy sau cùng thì sẽ trở thành vua",
    "example": "",
    "example_mean": "",
    "phonetic": "/hiːl ɪˈvenʧuːəliː bɪˈkʌm kɪŋ/",
  },
  {
    "id_word": "101003383",
    "id_subject": "101000180",
    "id_course": "101000005",
    "word": "chop some fresh parsley",
    "mean": "hái vài rau mùi tây tươi",
    "example": "",
    "example_mean": "",
    "phonetic": "/ʧɑːp sʌm freʃ ˈpɑːrsliː/",
  },
  {
    "id_word": "101003384",
    "id_subject": "101000181",
    "id_course": "101000005",
    "word": "forest",
    "mean": "khu rừng",
    "example": "",
    "example_mean": "",
    "phonetic": "/ˈfɔːrɪst/",
  },
  {
    "id_word": "101003385",
    "id_subject": "101000181",
    "id_course": "101000005",
    "word": "video",
    "mean": "truyền hình",
    "example": "",
    "example_mean": "",
    "phonetic": "/vɪdiːˌoʊ/",
  },
  {
    "id_word": "101003386",
    "id_subject": "101000181",
    "id_course": "101000005",
    "word": "global",
    "mean": "toàn cầu",
    "example": "",
    "example_mean": "",
    "phonetic": "/ˈgloʊbəl/",
  },
  {
    "id_word": "101003387",
    "id_subject": "101000181",
    "id_course": "101000005",
    "word": "senate",
    "mean": "thượng viện",
    "example": "",
    "example_mean": "",
    "phonetic": "/ˈsenɪt/",
  },
  {
    "id_word": "101003388",
    "id_subject": "101000181",
    "id_course": "101000005",
    "word": "reform",
    "mean": "cải cách",
    "example": "",
    "example_mean": "",
    "phonetic": "/ˈriːˈfɔːrm/",
  },
  {
    "id_word": "101003389",
    "id_subject": "101000181",
    "id_course": "101000005",
    "word": "we walked through the forest",
    "mean": "chúng tôi đã đi qua khu rừng đó",
    "example": "",
    "example_mean": "",
    "phonetic": "/wiː wɔːkt θruː ðə ˈfɔːrɪst/",
  },
  {
    "id_word": "101003390",
    "id_subject": "101000181",
    "id_course": "101000005",
    "word": "I have watched the video clip",
    "mean": "tôi đã vừa xem băng truyền hình đó",
    "example": "",
    "example_mean": "",
    "phonetic": "/aɪ həv wɑːʧt ðə vɪdiːˌoʊ klɪp/",
  },
  {
    "id_word": "101003391",
    "id_subject": "101000181",
    "id_course": "101000005",
    "word": "we have seen global changes",
    "mean": "chúng tôi đã vừa thấy những thay đổi toàn cầu",
    "example": "",
    "example_mean": "",
    "phonetic": "/wiː həv seen ˈgloʊbəl ˈʧeɪnʤɪz/",
  },
  {
    "id_word": "101003392",
    "id_subject": "101000181",
    "id_course": "101000005",
    "word": "the senate passed a bill",
    "mean": "thượng viện đó đã thông qua một dự thảo",
    "example": "",
    "example_mean": "",
    "phonetic": "/ðə ˈsenɪt pæst ə bɪl/",
  },
  {
    "id_word": "101003393",
    "id_subject": "101000181",
    "id_course": "101000005",
    "word": "we need to reform the welfare system",
    "mean": "chúng tôi cần cải cách hệ thống phúc lợi",
    "example": "",
    "example_mean": "",
    "phonetic": "/wiː niːd tuː ˈriːˈfɔːrm ðə welˌfer ˈsɪstəm/",
  },
  {
    "id_word": "101003394",
    "id_subject": "101000182",
    "id_course": "101000005",
    "word": "access",
    "mean": "truy cập",
    "example": "",
    "example_mean": "",
    "phonetic": "/ˈækses/",
  },
  {
    "id_word": "101003395",
    "id_subject": "101000182",
    "id_course": "101000005",
    "word": "restaurant",
    "mean": "nhà hàng",
    "example": "",
    "example_mean": "",
    "phonetic": "/restəˌrɑːnt/",
  },
  {
    "id_word": "101003396",
    "id_subject": "101000182",
    "id_course": "101000005",
    "word": "judge",
    "mean": "thẩm phán",
    "example": "",
    "example_mean": "",
    "phonetic": "/ʤʌʤ/",
  },
  {
    "id_word": "101003397",
    "id_subject": "101000182",
    "id_course": "101000005",
    "word": "publish",
    "mean": "phát hành",
    "example": "",
    "example_mean": "",
    "phonetic": "/ˈpʌblɪʃ/",
  },
  {
    "id_word": "101003398",
    "id_subject": "101000182",
    "id_course": "101000005",
    "word": "cost",
    "mean": "tốn",
    "example": "",
    "example_mean": "",
    "phonetic": "/kɔːst/",
  },
  {
    "id_word": "101003399",
    "id_subject": "101000182",
    "id_course": "101000005",
    "word": "you'll have easy access to your money",
    "mean": "bạn sẽ có truy cập dễ đến tiền của bạn",
    "example": "",
    "example_mean": "",
    "phonetic": "/juːl həv ˈiːziː ˈækses tuː jʊr ˈmʌniː/",
  },
  {
    "id_word": "101003400",
    "id_subject": "101000182",
    "id_course": "101000005",
    "word": "what time does the restaurant open?",
    "mean": "mấy giờ nhà hàng mở cửa?",
    "example": "",
    "example_mean": "",
    "phonetic": "/hwʌt taɪm dʌz ðə restəˌrɑːnt ˈoʊpən/",
  },
  {
    "id_word": "101003401",
    "id_subject": "101000182",
    "id_course": "101000005",
    "word": "the judge is in court",
    "mean": "thẩm phán đó trong phiên tòa",
    "example": "",
    "example_mean": "",
    "phonetic": "/ðə ʤʌʤ ɪz ɪn kɔːrt/",
  },
  {
    "id_word": "101003402",
    "id_subject": "101000182",
    "id_course": "101000005",
    "word": "have you published your book?",
    "mean": "bạn đã vừa phát hành sách của bạn chưa?",
    "example": "",
    "example_mean": "",
    "phonetic": "/həv juː ˈpʌblɪʃt jʊr bʊk/",
  },
  {
    "id_word": "101003403",
    "id_subject": "101000182",
    "id_course": "101000005",
    "word": "it costs more than that",
    "mean": "nó tốn hơn so với kia",
    "example": "",
    "example_mean": "",
    "phonetic": "/ɪt kɔːsts mɔːr ðæn ðæt/",
  },
  {
    "id_word": "101003404",
    "id_subject": "101000183",
    "id_course": "101000005",
    "word": "relation",
    "mean": "quan hệ",
    "example": "",
    "example_mean": "",
    "phonetic": "/rɪˈleɪʃən/",
  },
  {
    "id_word": "101003405",
    "id_subject": "101000183",
    "id_course": "101000005",
    "word": "release",
    "mean": "ra tù",
    "example": "",
    "example_mean": "",
    "phonetic": "/rɪˈliːs/",
  },
  {
    "id_word": "101003406",
    "id_subject": "101000183",
    "id_course": "101000005",
    "word": "own",
    "mean": "có",
    "example": "",
    "example_mean": "",
    "phonetic": "/oʊn/",
  },
  {
    "id_word": "101003407",
    "id_subject": "101000183",
    "id_course": "101000005",
    "word": "bird",
    "mean": "con chim",
    "example": "",
    "example_mean": "",
    "phonetic": "/bɜːrd/",
  },
  {
    "id_word": "101003408",
    "id_subject": "101000183",
    "id_course": "101000005",
    "word": "labour",
    "mean": "lao động",
    "example": "",
    "example_mean": "",
    "phonetic": "/ˈleɪbər/",
  },
  {
    "id_word": "101003409",
    "id_subject": "101000183",
    "id_course": "101000005",
    "word": "she studies international relations",
    "mean": "cô ấy học quan hệ quốc tế",
    "example": "",
    "example_mean": "",
    "phonetic": "/ʃiː ˈstʌdiːz ˌɪntərˈnæʃʌnl rɪˈleɪʃənz/",
  },
  {
    "id_word": "101003410",
    "id_subject": "101000183",
    "id_course": "101000005",
    "word": "I'll be released next week",
    "mean": "tôi sẽ được ra tù tuần sau",
    "example": "",
    "example_mean": "",
    "phonetic": "/aɪl biː rɪˈliːst nekst wiːk/",
  },
  {
    "id_word": "101003411",
    "id_subject": "101000183",
    "id_course": "101000005",
    "word": "her family own a large estate",
    "mean": "gia đình của cô ấy sở hữu một tài sản lớn",
    "example": "",
    "example_mean": "",
    "phonetic": "/hɜːr ˈfæmʌliː oʊn ə lɑːrʤ eˈsteɪt/",
  },
  {
    "id_word": "101003412",
    "id_subject": "101000183",
    "id_course": "101000005",
    "word": "there is a little bird in the garden",
    "mean": "có một con chim nhỏ trong khu vườn",
    "example": "",
    "example_mean": "",
    "phonetic": "/ðer ɪz ə ˈlɪtl bɜːrd ɪn ðə ˈgɑːrdn/",
  },
  {
    "id_word": "101003413",
    "id_subject": "101000183",
    "id_course": "101000005",
    "word": "the cost of labour is lower there",
    "mean": "phí lao động rẻ hơn ở đây",
    "example": "",
    "example_mean": "",
    "phonetic": "/ðə kɔːst əv ˈleɪbər ɪz ˈlaʊər ðer/",
  },
  {
    "id_word": "101003414",
    "id_subject": "101000184",
    "id_course": "101000005",
    "word": "opinion",
    "mean": "ý kiến",
    "example": "",
    "example_mean": "",
    "phonetic": "/əˈpɪnjən/",
  },
  {
    "id_word": "101003415",
    "id_subject": "101000184",
    "id_course": "101000005",
    "word": "credit",
    "mean": "tín dụng",
    "example": "",
    "example_mean": "",
    "phonetic": "/ˈkredɪt/",
  },
  {
    "id_word": "101003416",
    "id_subject": "101000184",
    "id_course": "101000005",
    "word": "critical",
    "mean": "quan trọng",
    "example": "",
    "example_mean": "",
    "phonetic": "/ˈkrɪtɪkəl/",
  },
  {
    "id_word": "101003417",
    "id_subject": "101000184",
    "id_course": "101000005",
    "word": "corner",
    "mean": "góc",
    "example": "",
    "example_mean": "",
    "phonetic": "/ˈkɔːrnər/",
  },
  {
    "id_word": "101003418",
    "id_subject": "101000184",
    "id_course": "101000005",
    "word": "concerned",
    "mean": "quan tâm",
    "example": "",
    "example_mean": "",
    "phonetic": "/kənˈsɜːrnd/",
  },
  {
    "id_word": "101003419",
    "id_subject": "101000184",
    "id_course": "101000005",
    "word": "what's your opinion?",
    "mean": "ý kiến của anh là gì?",
    "example": "",
    "example_mean": "",
    "phonetic": "/hwʌts jʊr əˈpɪnjən/",
  },
  {
    "id_word": "101003420",
    "id_subject": "101000184",
    "id_course": "101000005",
    "word": "I used my credit card",
    "mean": "tôi đã sử dụng thẻ tín dụng của tôi",
    "example": "",
    "example_mean": "",
    "phonetic": "/aɪ ˈjuːzd maɪ ˈkredɪt kɑːrd/",
  },
  {
    "id_word": "101003421",
    "id_subject": "101000184",
    "id_course": "101000005",
    "word": "it's a critical issue",
    "mean": "nó là một vấn đề quan trọng",
    "example": "",
    "example_mean": "",
    "phonetic": "/its ə ˈkrɪtɪkəl ˈɪʃuː/",
  },
  {
    "id_word": "101003422",
    "id_subject": "101000184",
    "id_course": "101000005",
    "word": "she stood on the corner of the street",
    "mean": "cô ấy đã đứng trên góc đường đó",
    "example": "",
    "example_mean": "",
    "phonetic": "/ʃiː stʊd ɑːn ðə ˈkɔːrnər əv ðə striːt/",
  },
  {
    "id_word": "101003423",
    "id_subject": "101000184",
    "id_course": "101000005",
    "word": "he's very concerned about it",
    "mean": "anh ấy rất quan tâm về nó",
    "example": "",
    "example_mean": "",
    "phonetic": "/hiːz ˈveriː kənˈsɜːrnd əˈbaʊt ɪt/",
  },
  {
    "id_word": "101003424",
    "id_subject": "101000185",
    "id_course": "101000005",
    "word": "version",
    "mean": "phiên bản",
    "example": "",
    "example_mean": "",
    "phonetic": "/ˈvɜːrʒən/",
  },
  {
    "id_word": "101003425",
    "id_subject": "101000185",
    "id_course": "101000005",
    "word": "stare",
    "mean": "nhìn chằm chằm",
    "example": "",
    "example_mean": "",
    "phonetic": "/ster/",
  },
  {
    "id_word": "101003426",
    "id_subject": "101000185",
    "id_course": "101000005",
    "word": "safety",
    "mean": "an toàn",
    "example": "",
    "example_mean": "",
    "phonetic": "/ˈseɪftiː/",
  },
  {
    "id_word": "101003427",
    "id_subject": "101000185",
    "id_course": "101000005",
    "word": "effective",
    "mean": "hiệu quả",
    "example": "",
    "example_mean": "",
    "phonetic": "/ɪˈfektɪv/",
  },
  {
    "id_word": "101003428",
    "id_subject": "101000185",
    "id_course": "101000005",
    "word": "neighbourhood",
    "mean": "hàng xóm",
    "example": "",
    "example_mean": "",
    "phonetic": "/neɪbəˌhʊd/",
  },
  {
    "id_word": "101003429",
    "id_subject": "101000185",
    "id_course": "101000005",
    "word": "I'm writing my own version",
    "mean": "tôi đang viết phiên bản riêng của tôi",
    "example": "",
    "example_mean": "",
    "phonetic": "/aɪm ˈraɪtɪŋ maɪ oʊn ˈvɜːrʒən/",
  },
  {
    "id_word": "101003430",
    "id_subject": "101000185",
    "id_course": "101000005",
    "word": "don't stare at him!",
    "mean": "không nhìn chằm chằm vào anh ấy!",
    "example": "",
    "example_mean": "",
    "phonetic": "/doʊnt ster ʌt hɪm/",
  },
  {
    "id_word": "101003431",
    "id_subject": "101000185",
    "id_course": "101000005",
    "word": "there will be no safety net",
    "mean": "sẽ không có lưới an toàn",
    "example": "",
    "example_mean": "",
    "phonetic": "/ðer wɪl biː noʊ ˈseɪftiː net/",
  },
  {
    "id_word": "101003432",
    "id_subject": "101000185",
    "id_course": "101000005",
    "word": "will it be more effective?",
    "mean": "nó sẽ hiệu quả hơn không?",
    "example": "",
    "example_mean": "",
    "phonetic": "/wɪl ɪt biː mɔːr ɪˈfektɪv/",
  },
  {
    "id_word": "101003433",
    "id_subject": "101000185",
    "id_course": "101000005",
    "word": "I'll show you around the neighbourhood",
    "mean": "tôi sẽ cho bạn xem quanh hàng xóm",
    "example": "",
    "example_mean": "",
    "phonetic": "/aɪl ʃoʊ juː əˈraʊnd ðə neɪbəˌhʊd/",
  },
  {
    "id_word": "101003434",
    "id_subject": "101000186",
    "id_course": "101000005",
    "word": "original",
    "mean": "nguyên bản",
    "example": "",
    "example_mean": "",
    "phonetic": "/əˈrɪʤənl/",
  },
  {
    "id_word": "101003435",
    "id_subject": "101000186",
    "id_course": "101000005",
    "word": "act",
    "mean": "hành động",
    "example": "",
    "example_mean": "",
    "phonetic": "/ækt/",
  },
  {
    "id_word": "101003436",
    "id_subject": "101000186",
    "id_course": "101000005",
    "word": "troop",
    "mean": "nhóm",
    "example": "",
    "example_mean": "",
    "phonetic": "/truːp/",
  },
  {
    "id_word": "101003437",
    "id_subject": "101000186",
    "id_course": "101000005",
    "word": "income",
    "mean": "thu nhập",
    "example": "",
    "example_mean": "",
    "phonetic": "/ˈɪnkəm/",
  },
  {
    "id_word": "101003438",
    "id_subject": "101000186",
    "id_course": "101000005",
    "word": "directly",
    "mean": "trực tiếp",
    "example": "",
    "example_mean": "",
    "phonetic": "/dɪˈrektliː/",
  },
  {
    "id_word": "101003439",
    "id_subject": "101000186",
    "id_course": "101000005",
    "word": "that was the original plan",
    "mean": "nó đã là kế hoạch nguyên bản",
    "example": "",
    "example_mean": "",
    "phonetic": "/ðæt wʌz ðiː əˈrɪʤənl plæn/",
  },
  {
    "id_word": "101003440",
    "id_subject": "101000186",
    "id_course": "101000005",
    "word": "such acts should be punished",
    "mean": "hành động như thế nên bị trừng phạt",
    "example": "",
    "example_mean": "",
    "phonetic": "/sʌʧ ækts ʃəd biː ˈpʌnɪʃt/",
  },
  {
    "id_word": "101003441",
    "id_subject": "101000186",
    "id_course": "101000005",
    "word": "they'll send in troops",
    "mean": "họ sẽ gửi trong nhóm",
    "example": "",
    "example_mean": "",
    "phonetic": "/ðeɪl send ɪn truːps/",
  },
  {
    "id_word": "101003442",
    "id_subject": "101000186",
    "id_course": "101000005",
    "word": "our family income is low",
    "mean": "thu nhập gia đình của chúng tôi thấp",
    "example": "",
    "example_mean": "",
    "phonetic": "/aʊr ˈfæmʌliː ˈɪnkəm ɪz loʊ/",
  },
  {
    "id_word": "101003443",
    "id_subject": "101000186",
    "id_course": "101000005",
    "word": "this will directly affect us",
    "mean": "nó sẽ trực tiếp ảnh hưởng chúng tôi",
    "example": "",
    "example_mean": "",
    "phonetic": "/ðɪs wɪl dɪˈrektliː əˈfekt ʌs/",
  },
  {
    "id_word": "101003444",
    "id_subject": "101000187",
    "id_course": "101000005",
    "word": "hurt",
    "mean": "làm đau",
    "example": "",
    "example_mean": "",
    "phonetic": "/hɜːrt/",
  },
  {
    "id_word": "101003445",
    "id_subject": "101000187",
    "id_course": "101000005",
    "word": "species",
    "mean": "chủng loài",
    "example": "",
    "example_mean": "",
    "phonetic": "/ˈspiːʃiːz/",
  },
  {
    "id_word": "101003446",
    "id_subject": "101000187",
    "id_course": "101000005",
    "word": "immediately",
    "mean": "ngay lập tức",
    "example": "",
    "example_mean": "",
    "phonetic": "/ɪˈmiːdiːɪtliː/",
  },
  {
    "id_word": "101003447",
    "id_subject": "101000187",
    "id_course": "101000005",
    "word": "track",
    "mean": "đường",
    "example": "",
    "example_mean": "",
    "phonetic": "/træk/",
  },
  {
    "id_word": "101003448",
    "id_subject": "101000187",
    "id_course": "101000005",
    "word": "basic",
    "mean": "căn bản",
    "example": "",
    "example_mean": "",
    "phonetic": "/ˈbeɪsɪk/",
  },
  {
    "id_word": "101003449",
    "id_subject": "101000187",
    "id_course": "101000005",
    "word": "have you been badly hurt?",
    "mean": "bạn đã vừa bị đau tồi tệ à?",
    "example": "",
    "example_mean": "",
    "phonetic": "/həv juː bɪn ˈbædliː hɜːrt/",
  },
  {
    "id_word": "101003450",
    "id_subject": "101000187",
    "id_course": "101000005",
    "word": "is it an endangered species?",
    "mean": "nó là chủng loài đang bị đe dọa à?",
    "example": "",
    "example_mean": "",
    "phonetic": "/ɪz ɪt ʌn enˈdeɪnʤeɪrd ˈspiːʃiːz/",
  },
  {
    "id_word": "101003451",
    "id_subject": "101000187",
    "id_course": "101000005",
    "word": "it happened almost immediately afterwards",
    "mean": "nó đã xảy ra gần như ngay lập tức sau đó",
    "example": "",
    "example_mean": "",
    "phonetic": "/ɪt ˈhæpʌnd ˈɔːlmoʊst ɪˈmiːdiːɪtliː ˈæftəwədz/",
  },
  {
    "id_word": "101003452",
    "id_subject": "101000187",
    "id_course": "101000005",
    "word": "let's get this back on track",
    "mean": "hãy kéo nó lại trên đường",
    "example": "",
    "example_mean": "",
    "phonetic": "/lets get ðɪs bæk ɑːn træk/",
  },
  {
    "id_word": "101003453",
    "id_subject": "101000187",
    "id_course": "101000005",
    "word": "it follows the basic principles",
    "mean": "nó theo những nguyên tắc căn bản",
    "example": "",
    "example_mean": "",
    "phonetic": "/ɪt ˈfɑːloʊz ðə ˈbeɪsɪk ˈprɪnsəpəlz/",
  },
  {
    "id_word": "101003454",
    "id_subject": "101000188",
    "id_course": "101000005",
    "word": "strike",
    "mean": "đập",
    "example": "",
    "example_mean": "",
    "phonetic": "/straɪk/",
  },
  {
    "id_word": "101003455",
    "id_subject": "101000188",
    "id_course": "101000005",
    "word": "hope",
    "mean": "hy vọng",
    "example": "",
    "example_mean": "",
    "phonetic": "/hoʊp/",
  },
  {
    "id_word": "101003456",
    "id_subject": "101000188",
    "id_course": "101000005",
    "word": "sky",
    "mean": "bầu trời",
    "example": "",
    "example_mean": "",
    "phonetic": "/skaɪ/",
  },
  {
    "id_word": "101003457",
    "id_subject": "101000188",
    "id_course": "101000005",
    "word": "freedom",
    "mean": "tự do",
    "example": "",
    "example_mean": "",
    "phonetic": "/ˈfriːdəm/",
  },
  {
    "id_word": "101003458",
    "id_subject": "101000188",
    "id_course": "101000005",
    "word": "absolutely",
    "mean": "tuyệt đối",
    "example": "",
    "example_mean": "",
    "phonetic": "/ˌæbsəˈluːtliː/",
  },
  {
    "id_word": "101003459",
    "id_subject": "101000188",
    "id_course": "101000005",
    "word": "she struck him down",
    "mean": "cô ấy đập anh ấy xuống",
    "example": "",
    "example_mean": "",
    "phonetic": "/ʃiː strʌk hɪm daʊn/",
  },
  {
    "id_word": "101003460",
    "id_subject": "101000188",
    "id_course": "101000005",
    "word": "you give me hope",
    "mean": "bạn cho tôi hy vọng",
    "example": "",
    "example_mean": "",
    "phonetic": "/juː gɪv ˈmiː hoʊp/",
  },
  {
    "id_word": "101003461",
    "id_subject": "101000188",
    "id_course": "101000005",
    "word": "let's hope for clear skies",
    "mean": "hãy hy vọng cho những bầu trời trong",
    "example": "",
    "example_mean": "",
    "phonetic": "/lets hoʊp fər kliːr skiːz/",
  },
  {
    "id_word": "101003462",
    "id_subject": "101000188",
    "id_course": "101000005",
    "word": "they are seeking religious freedom",
    "mean": "họ đang tìm kiếm tự do tôn giáo",
    "example": "",
    "example_mean": "",
    "phonetic": "/ðeɪ ɑːr ˈsiːkɪŋ rɪˈlɪʤəs ˈfriːdəm/",
  },
  {
    "id_word": "101003463",
    "id_subject": "101000188",
    "id_course": "101000005",
    "word": "you are absolutely right!",
    "mean": "bạn tuyệt đối đúng!",
    "example": "",
    "example_mean": "",
    "phonetic": "/juː ɑːr ˌæbsəˈluːtliː raɪt/",
  },
  {
    "id_word": "101003464",
    "id_subject": "101000189",
    "id_course": "101000005",
    "word": "plane",
    "mean": "máy bay",
    "example": "",
    "example_mean": "",
    "phonetic": "/pleɪn/",
  },
  {
    "id_word": "101003465",
    "id_subject": "101000189",
    "id_course": "101000005",
    "word": "achieve",
    "mean": "đạt được",
    "example": "",
    "example_mean": "",
    "phonetic": "/əˈʧiːv/",
  },
  {
    "id_word": "101003466",
    "id_subject": "101000189",
    "id_course": "101000005",
    "word": "object",
    "mean": "vật thể",
    "example": "",
    "example_mean": "",
    "phonetic": "/ˈɑːbʤɪkt/",
  },
  {
    "id_word": "101003467",
    "id_subject": "101000189",
    "id_course": "101000005",
    "word": "attitude",
    "mean": "thái độ",
    "example": "",
    "example_mean": "",
    "phonetic": "/ætɪˌtuːd/",
  },
  {
    "id_word": "101003468",
    "id_subject": "101000189",
    "id_course": "101000005",
    "word": "refer",
    "mean": "nói đến",
    "example": "",
    "example_mean": "",
    "phonetic": "/rɪˈfɜːr/",
  },
  {
    "id_word": "101003469",
    "id_subject": "101000189",
    "id_course": "101000005",
    "word": "the plane has taken off",
    "mean": "máy bay đó đã vừa cất cánh",
    "example": "",
    "example_mean": "",
    "phonetic": "/ðə pleɪn həz ˈteɪkən ɔːf/",
  },
  {
    "id_word": "101003470",
    "id_subject": "101000189",
    "id_course": "101000005",
    "word": "did you achieve your goal?",
    "mean": "bạn đã đạt được mục tiêu của bạn chưa?",
    "example": "",
    "example_mean": "",
    "phonetic": "/dɪd juː əˈʧiːv jʊr goʊl/",
  },
  {
    "id_word": "101003471",
    "id_subject": "101000189",
    "id_course": "101000005",
    "word": "it's a collection of objects",
    "mean": "nó là một bộ sưu tập những vật thể",
    "example": "",
    "example_mean": "",
    "phonetic": "/its ə kəˈlekʃən əv ˈɑːbʤɪkts/",
  },
  {
    "id_word": "101003472",
    "id_subject": "101000189",
    "id_course": "101000005",
    "word": "I love his positive attitude",
    "mean": "tôi yêu thái độ tích cực của anh ấy",
    "example": "",
    "example_mean": "",
    "phonetic": "/aɪ lʌv hɪz ˈpɑːzɪtɪv ætɪˌtuːd/",
  },
  {
    "id_word": "101003473",
    "id_subject": "101000189",
    "id_course": "101000005",
    "word": "are you referring to that article?",
    "mean": "bạn đang nói đến bài báo đó à?",
    "example": "",
    "example_mean": "",
    "phonetic": "/ɑːr juː rɪˈfɜːrɪŋ tuː ðæt ˈɑːrtɪkəl/",
  },
  {
    "id_word": "101003474",
    "id_subject": "101000190",
    "id_course": "101000005",
    "word": "client",
    "mean": "khách hàng",
    "example": "",
    "example_mean": "",
    "phonetic": "/ˈklaɪənt/",
  },
  {
    "id_word": "101003475",
    "id_subject": "101000190",
    "id_course": "101000005",
    "word": "concept",
    "mean": "khái niệm",
    "example": "",
    "example_mean": "",
    "phonetic": "/ˈkɑːnsept/",
  },
  {
    "id_word": "101003476",
    "id_subject": "101000190",
    "id_course": "101000005",
    "word": "powerful",
    "mean": "quyền lực",
    "example": "",
    "example_mean": "",
    "phonetic": "/ˈpaʊərfəl/",
  },
  {
    "id_word": "101003477",
    "id_subject": "101000190",
    "id_course": "101000005",
    "word": "perfect",
    "mean": "hoàn hảo",
    "example": "",
    "example_mean": "",
    "phonetic": "/ˈpʌrfekt/",
  },
  {
    "id_word": "101003478",
    "id_subject": "101000190",
    "id_course": "101000005",
    "word": "conduct",
    "mean": "làm",
    "example": "",
    "example_mean": "",
    "phonetic": "/kɑːnˌdʌkt/",
  },
  {
    "id_word": "101003479",
    "id_subject": "101000190",
    "id_course": "101000005",
    "word": "give the client what he needs",
    "mean": "đưa khách hàng đó cái anh ấy cần",
    "example": "",
    "example_mean": "",
    "phonetic": "/gɪv ðə ˈklaɪənt hwʌt hiː niːdz/",
  },
  {
    "id_word": "101003480",
    "id_subject": "101000190",
    "id_course": "101000005",
    "word": "try a new topic or concept",
    "mean": "thử một chủ đề hay khái niệm mới",
    "example": "",
    "example_mean": "",
    "phonetic": "/traɪ ə nuː ˈtɑːpɪk ər ˈkɑːnsept/",
  },
  {
    "id_word": "101003481",
    "id_subject": "101000190",
    "id_course": "101000005",
    "word": "she is more powerful now",
    "mean": "cô ấy hơn quyền lực bây-giờ",
    "example": "",
    "example_mean": "",
    "phonetic": "/ʃiː ɪz mɔːr ˈpaʊərfəl naʊ/",
  },
  {
    "id_word": "101003482",
    "id_subject": "101000190",
    "id_course": "101000005",
    "word": "they are a perfect match",
    "mean": "họ là một cặp hoàn hảo",
    "example": "",
    "example_mean": "",
    "phonetic": "/ðeɪ ɑːr ə ˈpʌrfekt mæʧ/",
  },
  {
    "id_word": "101003483",
    "id_subject": "101000190",
    "id_course": "101000005",
    "word": "I conducted an analysis",
    "mean": "tôi làm một phân tích",
    "example": "",
    "example_mean": "",
    "phonetic": "/aɪ ˈkɑːnˌdʌktɪd ʌn əˈnælɪsɪs/",
  }
]