[{"id":"101000327","id_course":"101000010","name":"Appearance","mean":"","total":"50","num_word":"50","time_date":""},{"id":"101000328","id_course":"101000010","name":"Relationships","mean":"","total":"35","num_word":"35","time_date":""},{"id":"101000329","id_course":"101000010","name":" Media","mean":"","total":"36","num_word":"36","time_date":""},{"id":"101000330","id_course":"101000010","name":"Animals","mean":"","total":"21","num_word":"21","time_date":""},{"id":"101000331","id_course":"101000010","name":"Environment","mean":"","total":"45","num_word":"45","time_date":""},{"id":"101000332","id_course":"101000010","name":"Shopping","mean":"","total":"39","num_word":"39","time_date":""},{"id":"101000333","id_course":"101000010","name":"Nutrition","mean":"","total":"60","num_word":"60","time_date":""},{"id":"101000334","id_course":"101000010","name":"Health Problems","mean":"","total":"50","num_word":"50","time_date":""},{"id":"101000335","id_course":"101000010","name":"Education","mean":"","total":"54","num_word":"54","time_date":""},{"id":"101000336","id_course":"101000010","name":"Politics","mean":"","total":"39","num_word":"39","time_date":""},{"id":"101000337","id_course":"101000010","name":"Crime","mean":"","total":"50","num_word":"50","time_date":""}]