[
  {
    "idQuestion": "41",
    "answerCorrect": "B",
    "question": "Where most likely are the speakers?",
    "A": "In a restaurant",
    "B": "In a hotel",
    "C": "In an airport",
    "D": "In an office building"
  },
  {
    "idQuestion": "42",
    "answerCorrect": "A",
    "question": "When did the computer problems begin?",
    "A": "On Monday",
    "B": "On Tuesday",
    "C": "On Wednesday",
    "D": "On Thursday"
  },
  {
    "idQuestion": "43",
    "answerCorrect": "D",
    "question": "What does the woman suggest that Mr. Singh do?",
    "A": "Fix the computer",
    "B": "Make a reservation",
    "C": "Talk to the manager",
    "D": "Go to the coffee shop"
  },
  {
    "idQuestion": "44",
    "answerCorrect": "B",
    "question": "Who is looking for Clara?",
    "A": "Dr. Kim",
    "B": "Mr. Peterson",
    "C": "The director",
    "D": "The receptionist"
  },
  {
    "idQuestion": "45",
    "answerCorrect": "C",
    "question": "What does Clara have to do?",
    "A": "Make an appointment with Mr. Peterson",
    "B": "Go to her office",
    "C": "Meet Dr. Kim",
    "D": "Write a report"
  },
  {
    "idQuestion": "46",
    "answerCorrect": "D",
    "question": "What did Mr. Peterson most likely forget to do?",
    "A": "Schedule a doctor’s appointment",
    "B": "Reserve the conference room",
    "C": "Meet with the director",
    "D": "Review his messages"
  },
  {
    "idQuestion": "47",
    "answerCorrect": "C",
    "question": "When is the man going on a trip?",
    "A": "On Sunday",
    "B": "On Tuesday",
    "C": "On Thursday",
    "D": "On Saturday"
  },
  {
    "idQuestion": "48",
    "answerCorrect": "A",
    "question": "What does the woman imply?",
    "A": "She has been to Bermuda several times",
    "B": "She is not able to work overtime",
    "C": "She has family living in Bermuda",
    "D": "She will not attend the banquet"
  },
  {
    "idQuestion": "49",
    "answerCorrect": "C",
    "question": "Why is the man going to Bermuda?",
    "A": "To receive an award",
    "B": "To see his family",
    "C": "To meet some customers",
    "D": "To have a vacation"
  },
  {
    "idQuestion": "50",
    "answerCorrect": "C",
    "question": "What is the man doing?",
    "A": "Planting flowers",
    "B": "Hanging a sign",
    "C": "Making a delivery",
    "D": "Taking an order"
  },
  {
    "idQuestion": "51",
    "answerCorrect": "B",
    "question": "Where is Ms. Goodrich?",
    "A": "At a party",
    "B": "At a meeting",
    "C": "At a flower show",
    "D": "At lunch"
  },
  {
    "idQuestion": "52",
    "answerCorrect": "A",
    "question": "What will the woman probably do next?",
    "A": "Sign a form",
    "B": "II Ms. Goodrich",
    "C": "Water some flowers",
    "D": "Go shopping"
  },
  {
    "idQuestion": "53",
    "answerCorrect": "B",
    "question": "What are the speakers discussing?",
    "A": "A new instructor",
    "B": "A training session",
    "C": "A computer problem",
    "D": "An instruction manual"
  },
  {
    "idQuestion": "54",
    "answerCorrect": "D",
    "question": "What does the woman ask the man to do?",
    "A": "Introduce her to Ms. McGregor",
    "B": "Show her how to use e-mail",
    "C": "Lead a training session",
    "D": "Give her directions"
  },
  {
    "idQuestion": "55",
    "answerCorrect": "A",
    "question": "What does the man say?",
    "A": "Ms. McGregor is a good instructor",
    "B": "The training session has been canceled",
    "C": "The instruction manual is very thorough",
    "D": "There are 30 computers in the lab"
  },
  {
    "idQuestion": "56",
    "answerCorrect": "C",
    "question": "What does the company design?",
    "A": "Office furniture",
    "B": "Cameras",
    "C": "Printers",
    "D": "Kitchen appliances"
  },
  {
    "idQuestion": "57",
    "answerCorrect": "C",
    "question": "What does the woman tell the man?",
    "A": "The company is expanding",
    "B": "The company’s competitors are not doing well",
    "C": "A new model needs to be developed",
    "D": "The Clear Picture model is no longer being sold"
  },
  {
    "idQuestion": "58",
    "answerCorrect": "D",
    "question": "What is a requirement for the new product?",
    "A": "It should run quietly",
    "B": "It should be lightweight",
    "C": "It should have multiple uses",
    "D": "It should be designed for home offices"
  },
  {
    "idQuestion": "59",
    "answerCorrect": "A",
    "question": "Who most likely are the speakers?",
    "A": "They are coworkers",
    "B": "They are job applicants",
    "C": "They are politicians",
    "D": "They are athletes"
  },
  {
    "idQuestion": "60",
    "answerCorrect": "B",
    "question": "What is being discussed?",
    "A": "A business presentation",
    "B": "A job interview",
    "C": "A training program",
    "D": "A sporting event"
  },
  {
    "idQuestion": "61",
    "answerCorrect": "B",
    "question": "Why is Miles disappointed?",
    "A": "He has to work late",
    "B": "He expected more from an applicant",
    "C": "His team lost a competition",
    "D": "His coworker is changing jobs"
  },
  {
    "idQuestion": "62",
    "answerCorrect": "C",
    "question": "What are the speakers discussing?",
    "A": "Repairing a house",
    "B": "Building an apartment",
    "C": "Renting an office",
    "D": "Buying a store"
  },
  {
    "idQuestion": "63",
    "answerCorrect": "D",
    "question": "What is the problem with the property?",
    "A": "It costs too much",
    "B": "It is far away",
    "C": "It is too big",
    "D": "It needs some repairs"
  },
  {
    "idQuestion": "64",
    "answerCorrect": "B",
    "question": "What does the woman suggest?",
    "A": "Moving the furniture",
    "B": "Hiring a contractor",
    "C": "Arranging transportation",
    "D": "Borrowing some money"
  },
  {
    "idQuestion": "65",
    "answerCorrect": "C",
    "question": "Who is the woman?",
    "A": "A patient",
    "B": "A nurse",
    "C": "A pharmacist",
    "D": "A driver"
  },
  {
    "idQuestion": "66",
    "answerCorrect": "A",
    "question": "How many times each day should the man take the medication?",
    "A": "Once",
    "B": "Twice",
    "C": "Three times",
    "D": "Four times"
  },
  {
    "idQuestion": "67",
    "answerCorrect": "D",
    "question": "What effect might the medication cause?",
    "A": "Hunger",
    "B": "Weight loss",
    "C": "Stomachache",
    "D": "Tiredness"
  },
  {
    "idQuestion": "68",
    "answerCorrect": "A",
    "question": "Who most likely is the man?",
    "A": "A student",
    "B": "A teacher",
    "C": "A salesperson",
    "D": "A bank cashier"
  },
  {
    "idQuestion": "69",
    "answerCorrect": "A",
    "question": "What does the man ask about?",
    "A": "Borrowing money",
    "B": "Buying a book",
    "C": "Applying to the university",
    "D": "Getting a new job"
  },
  {
    "idQuestion": "70",
    "answerCorrect": "B",
    "question": "When will the man probably be contacted?",
    "A": "In two days",
    "B": "In four days",
    "C": "In one week",
    "D": "In one month"
  }
]