[{"id":"101000435","id_course":"101000017","name":"Ph\u1ea7n 1","mean":"","total":"50","num_word":"50","time_date":""},{"id":"101000436","id_course":"101000017","name":"Ph\u1ea7n 2","mean":"","total":"50","num_word":"50","time_date":""},{"id":"101000437","id_course":"101000017","name":"Ph\u1ea7n 3","mean":"","total":"50","num_word":"50","time_date":""},{"id":"101000438","id_course":"101000017","name":"Ph\u1ea7n 4","mean":"","total":"50","num_word":"50","time_date":""},{"id":"101000439","id_course":"101000017","name":"Ph\u1ea7n 5","mean":"","total":"50","num_word":"50","time_date":""},{"id":"101000440","id_course":"101000017","name":"Ph\u1ea7n 6","mean":"","total":"50","num_word":"50","time_date":""},{"id":"101000441","id_course":"101000017","name":"Ph\u1ea7n 7","mean":"","total":"45","num_word":"45","time_date":""}]