[{"id":"101000410","name":"B\u00e0i 1: A DAY IN THE LIFE OF","id_course":"101000014","mean":"","total":"10","num_word":null,"time_date":""},{"id":"101000411","name":"B\u00e0i 2: SCHOOL TALKS","id_course":"101000014","mean":"","total":"7","num_word":null,"time_date":""},{"id":"101000412","name":"B\u00e0i 3: PEOPLE'S BACKGROUND","id_course":"101000014","mean":"","total":"16","num_word":null,"time_date":""},{"id":"101000413","name":"B\u00e0i 4: SPECIAL EDUCATION","id_course":"101000014","mean":"","total":"10","num_word":null,"time_date":""},{"id":"101000414","name":"B\u00e0i 5: TECHNOLOGY AND YOU","id_course":"101000014","mean":"","total":"15","num_word":null,"time_date":""},{"id":"101000415","name":"B\u00e0i 6: AN EXCURSION","id_course":"101000014","mean":"","total":"10","num_word":null,"time_date":""},{"id":"101000416","name":"B\u00e0i 7: THE MASS MEDIA","id_course":"101000014","mean":"","total":"13","num_word":null,"time_date":""},{"id":"101000417","name":"B\u00e0i 8: THE STORY OF MY VILLAGE","id_course":"101000014","mean":"","total":"17","num_word":null,"time_date":""},{"id":"101000418","name":"B\u00e0i 9: UNDERSEA WORLD","id_course":"101000014","mean":"","total":"20","num_word":null,"time_date":""},{"id":"101000419","name":"B\u00e0i 10: CONSERVATION","id_course":"101000014","mean":"","total":"16","num_word":null,"time_date":""},{"id":"101000420","name":"B\u00e0i 11: NATURAL PARKS","id_course":"101000014","mean":"","total":"12","num_word":null,"time_date":""},{"id":"101000421","name":"B\u00e0i 12: MUSIC","id_course":"101000014","mean":"","total":"16","num_word":null,"time_date":""},{"id":"101000422","name":"B\u00e0i 13: FILMS AND CINEMA","id_course":"101000014","mean":"","total":"14","num_word":null,"time_date":""},{"id":"101000423","name":"B\u00e0i 14: THE WORLD CUP","id_course":"101000014","mean":"","total":"20","num_word":null,"time_date":""},{"id":"101000424","name":"B\u00e0i 15: CITIES","id_course":"101000014","mean":"","total":"13","num_word":null,"time_date":""},{"id":"101000425","name":"B\u00e0i 16: HISTORICAL PLACE","id_course":"101000014","mean":"","total":"11","num_word":null,"time_date":""}]