[{"id_word":"101008905","id_subject":"101000410","id_course":"101000014","word":"Go off ","mean":"\u0110\u1ed5 chu\u00f4ng","example":"","example_mean":"","num_ef":"0","time_date":"","next_time":"","num_n":"0","num_i":"0","max_q":"0","phonetic":"\/g\u0259\u028a \u0252f\/ ","des":"v"},{"id_word":"101008906","id_subject":"101000410","id_course":"101000014","word":"Boil","mean":"S\u00f4i, \u0111un s\u00f4i, lu\u1ed9c ","example":"","example_mean":"","num_ef":"0","time_date":"","next_time":"","num_n":"0","num_i":"0","max_q":"0","phonetic":" \/b\u0254\u026al\/ ","des":"v"},{"id_word":"101008907","id_subject":"101000410","id_course":"101000014","word":"Buffalo","mean":"con tr\u00e2u","example":"","example_mean":"","num_ef":"0","time_date":"","next_time":"","num_n":"0","num_i":"0","max_q":"0","phonetic":"\/\u02c8b\u028cf\u0259l\u0259\u028a\/","des":"n"},{"id_word":"101008908","id_subject":"101000410","id_course":"101000014","word":"Arrive ","mean":"\u0110\u1ebfn, \u0111\u1ea1t t\u1edbi ","example":"","example_mean":"","num_ef":"0","time_date":"","next_time":"","num_n":"0","num_i":"0","max_q":"0","phonetic":" \/\u0259\u02c8raiv\/","des":"v"},{"id_word":"101008909","id_subject":"101000410","id_course":"101000014","word":"Plough ","mean":"C\u00e0y ru\u1ed9ng, x\u1edbi \u0111\u1ea5t ","example":"","example_mean":"","num_ef":"0","time_date":"","next_time":"","num_n":"0","num_i":"0","max_q":"0","phonetic":"\/pla\u028a\/","des":"v"},{"id_word":"101008910","id_subject":"101000410","id_course":"101000014","word":"Rest","mean":"Ngh\u1ec9 ng\u01a1i, s\u1ef1 ngh\u1ec9 ng\u01a1i. ","example":"","example_mean":"","num_ef":"0","time_date":"","next_time":"","num_n":"0","num_i":"0","max_q":"0","phonetic":" \/rest\/","des":"n"},{"id_word":"101008911","id_subject":"101000410","id_course":"101000014","word":"Repair","mean":"S\u1eeda ch\u1eefa","example":"","example_mean":"","num_ef":"0","time_date":"","next_time":"","num_n":"0","num_i":"0","max_q":"0","phonetic":" \/r\u026a\u02c8pe\u0259\u02b3\/","des":"v"},{"id_word":"101008912","id_subject":"101000410","id_course":"101000014","word":"Transplant","mean":"C\u1ea5y gh\u00e9p, tr\u1ed3ng c\u00e2y ","example":"","example_mean":"","num_ef":"0","time_date":"","next_time":"","num_n":"0","num_i":"0","max_q":"0","phonetic":"\/tr\u00e6ns'pla:nt\/","des":"v"},{"id_word":"101008913","id_subject":"101000410","id_course":"101000014","word":"Crop","mean":"V\u1ee5 m\u00f9a, v\u1ee5 thu ho\u1ea1ch ","example":"","example_mean":"","num_ef":"0","time_date":"","next_time":"","num_n":"0","num_i":"0","max_q":"0","phonetic":"\/kr\u0252p\/ ","des":"n"},{"id_word":"101008914","id_subject":"101000410","id_course":"101000014","word":"Contented","mean":"H\u00e0i l\u00f2ng, v\u1eeba \u00fd, to\u1ea1i nguy\u1ec7n ","example":"","example_mean":"","num_ef":"0","time_date":"","next_time":"","num_n":"0","num_i":"0","max_q":"0","phonetic":"\/k\u0259n\u02c8tent\u026ad\/ ","des":"adj"},{"id_word":"101008915","id_subject":"101000411","id_course":"101000014","word":"  Corner shop","mean":"c\u1eeda h\u00e0ng \u1edf g\u00f3c ph\u1ed1","example":"","example_mean":"","num_ef":"0","time_date":"","next_time":"","num_n":"0","num_i":"0","max_q":"0","phonetic":"\/\u02c8k\u0254:n\u0259r \/ ","des":"n"},{"id_word":"101008916","id_subject":"101000411","id_course":"101000014","word":"Marital status","mean":"T\u00ecnh tr\u1ea1ng h\u00f4n nh\u00e2n","example":"","example_mean":"","num_ef":"0","time_date":"","next_time":"","num_n":"0","num_i":"0","max_q":"0","phonetic":"\/\u02c8m\u00e6r\u026at\u0259l \u02c8ste\u026at\u0259s\/ ","des":"n"},{"id_word":"101008917","id_subject":"101000411","id_course":"101000014","word":"Origin ","mean":"Ngu\u1ed3n g\u1ed1c, lai l\u1ecbch","example":"","example_mean":"","num_ef":"0","time_date":"","next_time":"","num_n":"0","num_i":"0","max_q":"0","phonetic":"\/\u02c8\u0252r\u026ad\u0292\u026an\/","des":"n"},{"id_word":"101008918","id_subject":"101000411","id_course":"101000014","word":"Profession","mean":"Ngh\u1ec1 nghi\u1ec7p","example":"","example_mean":"","num_ef":"0","time_date":"","next_time":"","num_n":"0","num_i":"0","max_q":"0","phonetic":"\/pr\u0259\u02c8fe\u0283\u0259n\/","des":"n"},{"id_word":"101008919","id_subject":"101000411","id_course":"101000014","word":"Semester","mean":"k\u00ec h\u1ecdc ","example":"","example_mean":"","num_ef":"0","time_date":"","next_time":"","num_n":"0","num_i":"0","max_q":"0","phonetic":"\/s\u026a\u02c8mest\u0259r\/","des":"n"},{"id_word":"101008920","id_subject":"101000411","id_course":"101000014","word":"Stuck","mean":"B\u1ecb k\u1eb9t, b\u1ecb t\u1eafc","example":"","example_mean":"","num_ef":"0","time_date":"","next_time":"","num_n":"0","num_i":"0","max_q":"0","phonetic":"\/st\u028ck\/","des":"adj"},{"id_word":"101008921","id_subject":"101000411","id_course":"101000014","word":"Traffic","mean":"Giao th\u00f4ng","example":"","example_mean":"","num_ef":"0","time_date":"","next_time":"","num_n":"0","num_i":"0","max_q":"0","phonetic":"\/\u02c8tr\u00e6f\u026ak\/","des":"n"},{"id_word":"101008922","id_subject":"101000412","id_course":"101000014","word":"Ambitious","mean":"Tham v\u1ecdng, c\u00f3 tham v\u1ecdng.","example":"","example_mean":"","num_ef":"0","time_date":"","next_time":"","num_n":"0","num_i":"0","max_q":"0","phonetic":"\/\u00e6m\u02c8b\u026a\u0283\u0259s\/ ","des":"adj"},{"id_word":"101008923","id_subject":"101000412","id_course":"101000014","word":"Background","mean":"Lai l\u1ecbch","example":"","example_mean":"","num_ef":"0","time_date":"","next_time":"","num_n":"0","num_i":"0","max_q":"0","phonetic":"  \/'b\u00e6kgraund\/ ","des":"n"},{"id_word":"101008924","id_subject":"101000412","id_course":"101000014","word":"Condition","mean":"\u0110i\u1ec1u ki\u1ec7n ","example":"","example_mean":"","num_ef":"0","time_date":"","next_time":"","num_n":"0","num_i":"0","max_q":"0","phonetic":"\/k\u0259n\u02c8d\u026a\u0283\u0259n\/","des":"n"},{"id_word":"101008925","id_subject":"101000412","id_course":"101000014","word":"CV (cirriculum vitea) ","mean":"B\u1ea3n l\u00ed l\u1ecbch ","example":"","example_mean":"","num_ef":"0","time_date":"","next_time":"","num_n":"0","num_i":"0","max_q":"0","phonetic":"\/\u02ccsi:\u02c8vi:\/ ","des":"n"},{"id_word":"101008926","id_subject":"101000412","id_course":"101000014","word":"Determine","mean":"M\u1ee5c \u0111\u00edch, quy\u1ebft t\u00e2m, quy\u1ebft \u0111\u1ecbnh ","example":"","example_mean":"","num_ef":"0","time_date":"","next_time":"","num_n":"0","num_i":"0","max_q":"0","phonetic":"\/d\u026a\u02c8t\u025c:m\u026an\/","des":"v"},{"id_word":"101008927","id_subject":"101000412","id_course":"101000014","word":"Diploma","mean":"V\u0103n b\u1eb1ng, ch\u1ee9ng ch\u1ec9 ","example":"","example_mean":"","num_ef":"0","time_date":"","next_time":"","num_n":"0","num_i":"0","max_q":"0","phonetic":"\/d\u026a\u02c8pl\u0259\u028am\u0259\/","des":"n"},{"id_word":"101008928","id_subject":"101000412","id_course":"101000014","word":"Ease","mean":"L\u00e0m d\u1ecbu \u0111i, gi\u1ea3m b\u1edbt ","example":"","example_mean":"","num_ef":"0","time_date":"","next_time":"","num_n":"0","num_i":"0","max_q":"0","phonetic":"\/i:z\/","des":"v"},{"id_word":"101008929","id_subject":"101000412","id_course":"101000014","word":"Obtain","mean":"\u0110\u1ea1t \u0111\u01b0\u1ee3c, c\u00f3 \u0111\u01b0\u1ee3c ","example":"","example_mean":"","num_ef":"0","time_date":"","next_time":"","num_n":"0","num_i":"0","max_q":"0","phonetic":"\/\u0259b\u02c8te\u026an\/ ","des":"v"},{"id_word":"101008930","id_subject":"101000412","id_course":"101000014","word":"Gift","mean":"C\u00f3 t\u00e0i, c\u00f3 n\u0103ng khi\u1ebfu ","example":"","example_mean":"","num_ef":"0","time_date":"","next_time":"","num_n":"0","num_i":"0","max_q":"0","phonetic":"\/g\u026aft\/","des":"n"},{"id_word":"101008931","id_subject":"101000412","id_course":"101000014","word":"Humane","mean":"Nh\u00e2n \u0111\u1ee9c, th\u01b0\u01a1ng ng\u01b0\u1eddi ","example":"","example_mean":"","num_ef":"0","time_date":"","next_time":"","num_n":"0","num_i":"0","max_q":"0","phonetic":"\/hju:\u02c8me\u026an\/","des":"adj"},{"id_word":"101008932","id_subject":"101000412","id_course":"101000014","word":"Humanitarian","mean":"Nh\u00e2n \u0111\u1ea1o ","example":"","example_mean":"","num_ef":"0","time_date":"","next_time":"","num_n":"0","num_i":"0","max_q":"0","phonetic":"\/hju:\u02ccm\u00e6n\u026a\u02c8te\u0259ri\u0259n\/","des":"adj"},{"id_word":"101008933","id_subject":"101000412","id_course":"101000014","word":"Interrupt","mean":"T\u1ea1m ng\u1eebng, l\u00e0m gi\u00e1n \u0111o\u1ea1n ","example":"","example_mean":"","num_ef":"0","time_date":"","next_time":"","num_n":"0","num_i":"0","max_q":"0","phonetic":"\/\u02cc\u026ant\u0259\u02c8r\u028cpt\/","des":"v"},{"id_word":"101008934","id_subject":"101000412","id_course":"101000014","word":"Mature","mean":"tr\u01b0\u1edfng th\u00e0nh, ch\u00edn ch\u1eafn ","example":"","example_mean":"","num_ef":"0","time_date":"","next_time":"","num_n":"0","num_i":"0","max_q":"0","phonetic":"\/m\u0259\u02c8tj\u028a\u0259r\/","des":"adj"},{"id_word":"101008935","id_subject":"101000412","id_course":"101000014","word":"Rare","mean":"Hi\u1ebfm, hi\u1ebfm c\u00f3 ","example":"","example_mean":"","num_ef":"0","time_date":"","next_time":"","num_n":"0","num_i":"0","max_q":"0","phonetic":"\/re\u0259r\/","des":"adj"},{"id_word":"101008936","id_subject":"101000412","id_course":"101000014","word":"Romantic","mean":"L\u00e3ng m\u1ea1n ","example":"","example_mean":"","num_ef":"0","time_date":"","next_time":"","num_n":"0","num_i":"0","max_q":"0","phonetic":"\/r\u0259\u028a\u2006\u02c8m\u00e6nt\u026ak\/","des":"adj"},{"id_word":"101008937","id_subject":"101000412","id_course":"101000014","word":"Tragic","mean":"Bi th\u1ea3m, bi k\u1ecbch ","example":"","example_mean":"","num_ef":"0","time_date":"","next_time":"","num_n":"0","num_i":"0","max_q":"0","phonetic":"\/\u02c8tr\u00e6d\u0292\u026ak\/","des":"adj"},{"id_word":"101008938","id_subject":"101000413","id_course":"101000014","word":"Add","mean":"C\u1ed9ng","example":"","example_mean":"","num_ef":"0","time_date":"","next_time":"","num_n":"0","num_i":"0","max_q":"0","phonetic":"\/\u00e6d\/ ","des":"v"},{"id_word":"101008939","id_subject":"101000413","id_course":"101000014","word":"Deaf","mean":"\u0110i\u1ebfc ","example":"","example_mean":"","num_ef":"0","time_date":"","next_time":"","num_n":"0","num_i":"0","max_q":"0","phonetic":"\/def\/ ","des":"adj"},{"id_word":"101008940","id_subject":"101000413","id_course":"101000014","word":"Demonstration","mean":"S\u1ef1 th\u1ec3 hi\u1ec7n, s\u1ef1 thuy\u1ebft minh","example":"","example_mean":"","num_ef":"0","time_date":"","next_time":"","num_n":"0","num_i":"0","max_q":"0","phonetic":"\/\u02ccdem\u0259n\u02c8stre\u026a\u0283\u0259n\/","des":"n"},{"id_word":"101008941","id_subject":"101000413","id_course":"101000014","word":"Determination","mean":"S\u1ef1 quy\u1ebft t\u00e2m","example":"","example_mean":"","num_ef":"0","time_date":"","next_time":"","num_n":"0","num_i":"0","max_q":"0","phonetic":"\/d\u026a\u02cct\u025c:m\u026a\u02c8ne\u026a\u0283\u0259n\/","des":"n"},{"id_word":"101008942","id_subject":"101000413","id_course":"101000014","word":"Disabled","mean":"T\u00e0n t\u1eadt","example":"","example_mean":"","num_ef":"0","time_date":"","next_time":"","num_n":"0","num_i":"0","max_q":"0","phonetic":"\/d\u026a\u02c8se\u026abl\u2006d\/","des":"adj"},{"id_word":"101008943","id_subject":"101000413","id_course":"101000014","word":"Dumb","mean":"C\u00e2m ","example":"","example_mean":"","num_ef":"0","time_date":"","next_time":"","num_n":"0","num_i":"0","max_q":"0","phonetic":"\/d\u028cm\/","des":"adj"},{"id_word":"101008944","id_subject":"101000413","id_course":"101000014","word":"Enclose","mean":"G\u1eedi k\u00e8m","example":"","example_mean":"","num_ef":"0","time_date":"","next_time":"","num_n":"0","num_i":"0","max_q":"0","phonetic":"\/\u026an\u02c8kl\u0259\u028az\/","des":"v"},{"id_word":"101008945","id_subject":"101000413","id_course":"101000014","word":"Exhibition","mean":"Cu\u1ed9c tri\u1ec3n l\u00e3m","example":"","example_mean":"","num_ef":"0","time_date":"","next_time":"","num_n":"0","num_i":"0","max_q":"0","phonetic":"\/\u02cceks\u026a\u02c8b\u026a\u0283\u0259n\/","des":"n"},{"id_word":"101008946","id_subject":"101000413","id_course":"101000014","word":"Passion","mean":"Ni\u1ec1m say m\u00ea","example":"","example_mean":"","num_ef":"0","time_date":"","next_time":"","num_n":"0","num_i":"0","max_q":"0","phonetic":"\/\u02c8p\u00e6\u0283\u0259n\/ ","des":"n"},{"id_word":"101008947","id_subject":"101000413","id_course":"101000014","word":"Require","mean":"Y\u00eau c\u1ea7u,\u0111\u00f2i h\u1ecfi","example":"","example_mean":"","num_ef":"0","time_date":"","next_time":"","num_n":"0","num_i":"0","max_q":"0","phonetic":"\/r\u026a\u02c8kwa\u026a\u0259\/","des":"v"},{"id_word":"101008948","id_subject":"101000414","id_course":"101000014","word":"camcorder ","mean":"M\u00e1y quay video ","example":"","example_mean":"","num_ef":"0","time_date":"","next_time":"","num_n":"0","num_i":"0","max_q":"0","phonetic":"\/\u02c8k\u00e6m\u02cck\u0254:d\u0259r \/","des":"n"},{"id_word":"101008949","id_subject":"101000414","id_course":"101000014","word":"CD ROM ","mean":"\u0110\u0129a CD d\u00f9ng \u0111\u1ec3 l\u01b0u tr\u1eef ","example":"","example_mean":"","num_ef":"0","time_date":"","next_time":"","num_n":"0","num_i":"0","max_q":"0","phonetic":"\/\u02ccsi:di:\u02c8r\u0252m\/ ","des":"n"},{"id_word":"101008950","id_subject":"101000414","id_course":"101000014","word":"CPU (Central Processing Unit)","mean":"B\u1ed9 x\u1eed l\u00fd trung t\u00e2m ","example":"","example_mean":"","num_ef":"0","time_date":"","next_time":"","num_n":"0","num_i":"0","max_q":"0","phonetic":"\/\u02ccsi:pi:\u02c8ju:\/ ","des":"n"},{"id_word":"101008951","id_subject":"101000414","id_course":"101000014","word":"Communicator","mean":"Ng\u01b0\u1eddi giao ti\u1ebfp ","example":"","example_mean":"","num_ef":"0","time_date":"","next_time":"","num_n":"0","num_i":"0","max_q":"0","phonetic":"\/k\u0259\u02c8mju:n\u026ake\u026at\u0259r \/","des":"n"},{"id_word":"101008952","id_subject":"101000414","id_course":"101000014","word":"Computer screen ","mean":"M\u00e0n h\u00ecnh m\u00e1y t\u00ednh ","example":"","example_mean":"","num_ef":"0","time_date":"","next_time":"","num_n":"0","num_i":"0","max_q":"0","phonetic":"\/k\u0259m'pju:t\u0259 skri:n\/","des":"n"},{"id_word":"101008953","id_subject":"101000414","id_course":"101000014","word":"Dial","mean":"Quay s\u1ed1 ","example":"","example_mean":"","num_ef":"0","time_date":"","next_time":"","num_n":"0","num_i":"0","max_q":"0","phonetic":"\/\u02c8da\u026a\u0259l\/ ","des":"v"},{"id_word":"101008954","id_subject":"101000414","id_course":"101000014","word":"Floppy disk ","mean":"\u0110\u0129a m\u1ec1m ","example":"","example_mean":"","num_ef":"0","time_date":"","next_time":"","num_n":"0","num_i":"0","max_q":"0","phonetic":"\/\u02c8fl\u0252pi disk\/","des":"v"},{"id_word":"101008955","id_subject":"101000414","id_course":"101000014","word":"\r\n Hardware ","mean":"ph\u1ea7n c\u1ee9ng","example":"","example_mean":"","num_ef":"0","time_date":"","next_time":"","num_n":"0","num_i":"0","max_q":"0","phonetic":"\/\u02c8h\u0251:dwe\u0259r\/","des":"n"},{"id_word":"101008956","id_subject":"101000414","id_course":"101000014","word":"Insert ","mean":"Cho v\u00e0o, ch\u00e8n v\u00e0o ","example":"","example_mean":"","num_ef":"0","time_date":"","next_time":"","num_n":"0","num_i":"0","max_q":"0","phonetic":"\/\u026an\u02c8s\u025c:t\/","des":"v"},{"id_word":"101008957","id_subject":"101000414","id_course":"101000014","word":"Keyboard ","mean":"B\u00e0n ph\u00edm ","example":"","example_mean":"","num_ef":"0","time_date":"","next_time":"","num_n":"0","num_i":"0","max_q":"0","phonetic":"\/\u02c8ki:b\u0254:d\/","des":"n"},{"id_word":"101008958","id_subject":"101000414","id_course":"101000014","word":"Miraculous","mean":"K\u00ec di\u1ec7u, th\u1ea7n k\u00ec ","example":"","example_mean":"","num_ef":"0","time_date":"","next_time":"","num_n":"0","num_i":"0","max_q":"0","phonetic":"\/m\u026a\u02c8r\u00e6kj\u028al\u0259s\/","des":"adj"},{"id_word":"101008959","id_subject":"101000414","id_course":"101000014","word":"Mouse ","mean":"Con chu\u1ed9t (m\u00e1y t\u00ednh) ","example":"","example_mean":"","num_ef":"0","time_date":"","next_time":"","num_n":"0","num_i":"0","max_q":"0","phonetic":"\/ma\u028as\/ ","des":"n"},{"id_word":"101008960","id_subject":"101000414","id_course":"101000014","word":"Press","mean":"\u1ea4n, nh\u1ea5n ","example":"","example_mean":"","num_ef":"0","time_date":"","next_time":"","num_n":"0","num_i":"0","max_q":"0","phonetic":"\/pres\/","des":"v"},{"id_word":"101008961","id_subject":"101000414","id_course":"101000014","word":"Printer","mean":"M\u00e1y in ","example":"","example_mean":"","num_ef":"0","time_date":"","next_time":"","num_n":"0","num_i":"0","max_q":"0","phonetic":"\/\u02c8pr\u026ant\u0259r\/","des":"n"},{"id_word":"101008962","id_subject":"101000414","id_course":"101000014","word":"Software","mean":"Ph\u1ea7n m\u1ec1m ","example":"","example_mean":"","num_ef":"0","time_date":"","next_time":"","num_n":"0","num_i":"0","max_q":"0","phonetic":"\/\u02c8s\u0252ft\u2006we\u0259r\/","des":"n"},{"id_word":"101008963","id_subject":"101000415","id_course":"101000014","word":"Altitude","mean":"\u0110\u1ed9 cao","example":"","example_mean":"","num_ef":"0","time_date":"","next_time":"","num_n":"0","num_i":"0","max_q":"0","phonetic":"\/\u02c8\u00e6lt\u026atju:d\/ ","des":"v"},{"id_word":"101008964","id_subject":"101000415","id_course":"101000014","word":"Botanical Garden ","mean":"V\u01b0\u1eddn b\u00e1ch th\u1ea3o","example":"","example_mean":"","num_ef":"0","time_date":"","next_time":"","num_n":"0","num_i":"0","max_q":"0","phonetic":"\/b\u0259\u02c8t\u00e6n\u026ak\u0259l 'g\u0251:dn\/","des":"n"},{"id_word":"101008965","id_subject":"101000415","id_course":"101000014","word":"Cave","mean":"Hang \u0111\u1ed9ng","example":"","example_mean":"","num_ef":"0","time_date":"","next_time":"","num_n":"0","num_i":"0","max_q":"0","phonetic":"\/ke\u026av\/","des":"n"},{"id_word":"101008966","id_subject":"101000415","id_course":"101000014","word":"Destination","mean":"N\u01a1i \u0111\u1ebfn, \u0111\u00edch","example":"","example_mean":"","num_ef":"0","time_date":"","next_time":"","num_n":"0","num_i":"0","max_q":"0","phonetic":"\/\u02ccdest\u026a\u02c8ne\u026a\u0283\u0259n\/","des":"n"},{"id_word":"101008967","id_subject":"101000415","id_course":"101000014","word":"Glorious","mean":"R\u1ef1c r\u1ee1, l\u1ed9ng l\u1eaby","example":"","example_mean":"","num_ef":"0","time_date":"","next_time":"","num_n":"0","num_i":"0","max_q":"0","phonetic":"\/\u02c8gl\u0254:ri\u0259s\/","des":"adj"},{"id_word":"101008968","id_subject":"101000415","id_course":"101000014","word":"Permission","mean":"S\u1ef1 cho ph\u00e9p","example":"","example_mean":"","num_ef":"0","time_date":"","next_time":"","num_n":"0","num_i":"0","max_q":"0","phonetic":"\/p\u0259\u02c8m\u026a\u0283\u0259n\/","des":"n"},{"id_word":"101008969","id_subject":"101000415","id_course":"101000014","word":"Persuade","mean":"Thuy\u1ebft ph\u1ee5c","example":"","example_mean":"","num_ef":"0","time_date":"","next_time":"","num_n":"0","num_i":"0","max_q":"0","phonetic":"\/p\u0259\u02c8swe\u026ad\/","des":"v"},{"id_word":"101008970","id_subject":"101000415","id_course":"101000014","word":"Picturesque","mean":"\u0111\u1eb9p nh\u01b0 tranh ","example":"","example_mean":"","num_ef":"0","time_date":"","next_time":"","num_n":"0","num_i":"0","max_q":"0","phonetic":"\/\u02ccp\u026akt\u0283\u0259r\u02c8esk\/","des":"adj"},{"id_word":"101008971","id_subject":"101000415","id_course":"101000014","word":"Resort ","mean":"N\u01a1i ngh\u1ec9","example":"","example_mean":"","num_ef":"0","time_date":"","next_time":"","num_n":"0","num_i":"0","max_q":"0","phonetic":"\/r\u026a\u02c8z\u0254:t\/","des":"n"},{"id_word":"101008972","id_subject":"101000415","id_course":"101000014","word":"Site","mean":"\u0110\u1ecba \u0111i\u1ec3m, v\u1ecb tr\u00ed","example":"","example_mean":"","num_ef":"0","time_date":"","next_time":"","num_n":"0","num_i":"0","max_q":"0","phonetic":"\/sa\u026at\/","des":"n"},{"id_word":"101008973","id_subject":"101000416","id_course":"101000014","word":"Aurally ","mean":"B\u1eb1ng th\u00ednh gi\u00e1c, b\u1eb1ng tai","example":"","example_mean":"","num_ef":"0","time_date":"","next_time":"","num_n":"0","num_i":"0","max_q":"0","phonetic":"\/\u02c8\u0254:r\u0259li\/ ","des":"adv"},{"id_word":"101008974","id_subject":"101000416","id_course":"101000014","word":"Cartoon","mean":"Phim ho\u1ea1t h\u00ecnh","example":"","example_mean":"","num_ef":"0","time_date":"","next_time":"","num_n":"0","num_i":"0","max_q":"0","phonetic":"\/k\u0251:\u02c8tu:n\/ ","des":"n"},{"id_word":"101008975","id_subject":"101000416","id_course":"101000014","word":"Comedy","mean":"H\u00e0i k\u1ecbch","example":"","example_mean":"","num_ef":"0","time_date":"","next_time":"","num_n":"0","num_i":"0","max_q":"0","phonetic":"\/\u02c8k\u0252m\u0259di\/","des":"n"},{"id_word":"101008976","id_subject":"101000416","id_course":"101000014","word":"Documentary","mean":"Phim t\u00e0i li\u1ec7u","example":"","example_mean":"","num_ef":"0","time_date":"","next_time":"","num_n":"0","num_i":"0","max_q":"0","phonetic":"\/\u02ccd\u0252kj\u028a\u02c8ment\u0259ri\/","des":"n"},{"id_word":"101008977","id_subject":"101000416","id_course":"101000014","word":"Feature ","mean":"\u0110\u1eb7c \u0111i\u1ec3m, \u0111\u1eb7c tr\u01b0ng","example":"","example_mean":"","num_ef":"0","time_date":"","next_time":"","num_n":"0","num_i":"0","max_q":"0","phonetic":"\/\u02c8fi:t\u0283\u0259r \/","des":"n"},{"id_word":"101008978","id_subject":"101000416","id_course":"101000014","word":"Internet","mean":"M\u1ea1ng internet","example":"","example_mean":"","num_ef":"0","time_date":"","next_time":"","num_n":"0","num_i":"0","max_q":"0","phonetic":"\/\u02c8\u026ant\u0259net\/","des":"n"},{"id_word":"101008979","id_subject":"101000416","id_course":"101000014","word":"Mass media","mean":"Th\u00f4ng tin \u0111\u1ea1i ch\u00fang","example":"","example_mean":"","num_ef":"0","time_date":"","next_time":"","num_n":"0","num_i":"0","max_q":"0","phonetic":"\/m\u00e6s \u02c8mi\u02d0di\u0259\/","des":"n"},{"id_word":"101008980","id_subject":"101000416","id_course":"101000014","word":"Orally ","mean":"B\u1eb1ng mi\u1ec7ng, b\u1eb1ng l\u1eddi n\u00f3i","example":"","example_mean":"","num_ef":"0","time_date":"","next_time":"","num_n":"0","num_i":"0","max_q":"0","phonetic":"\/\u02c8\u0254:r\u0259li\/","des":"adv"},{"id_word":"101008981","id_subject":"101000416","id_course":"101000014","word":"Passive","mean":"Th\u1ee5 \u0111\u1ed9ng","example":"","example_mean":"","num_ef":"0","time_date":"","next_time":"","num_n":"0","num_i":"0","max_q":"0","phonetic":"\/\u02c8p\u00e6s\u026av\/","des":"adj"},{"id_word":"101008982","id_subject":"101000416","id_course":"101000014","word":"Quiz show ","mean":"Ch\u01b0\u01a1ng tr\u00ecnh \u0111\u1ed1 vui","example":"","example_mean":"","num_ef":"0","time_date":"","next_time":"","num_n":"0","num_i":"0","max_q":"0","phonetic":"\/kw\u026az \u0283\u0259\u028a\/","des":"n"},{"id_word":"101008983","id_subject":"101000416","id_course":"101000014","word":"Visually","mean":"B\u1eb1ng m\u1eaft, th\u1ecb gi\u00e1c","example":"","example_mean":"","num_ef":"0","time_date":"","next_time":"","num_n":"0","num_i":"0","max_q":"0","phonetic":"\/\u02c8v\u026a\u0292u\u0259li\/","des":"adv"},{"id_word":"101008984","id_subject":"101000416","id_course":"101000014","word":"Weather forecast","mean":"D\u1ef1 b\u00e1o th\u1eddi ti\u1ebft","example":"","example_mean":"","num_ef":"0","time_date":"","next_time":"","num_n":"0","num_i":"0","max_q":"0","phonetic":"\/\u02c8we\u00f0\u0259r \u02c8f\u0254:k\u0251:st\/","des":"n"},{"id_word":"101008985","id_subject":"101000416","id_course":"101000014","word":"Wildlife","mean":"Cu\u1ed9c s\u1ed1ng\/ \u0111\u1ed9ng v\u1eadt hoang d\u00e3","example":"","example_mean":"","num_ef":"0","time_date":"","next_time":"","num_n":"0","num_i":"0","max_q":"0","phonetic":"\/\u02c8wa\u026aldla\u026af\/","des":"n"},{"id_word":"101008986","id_subject":"101000417","id_course":"101000014","word":"Atmosphere ","mean":"Kh\u00f4ng kh\u00ed","example":"","example_mean":"","num_ef":"0","time_date":"","next_time":"","num_n":"0","num_i":"0","max_q":"0","phonetic":"\/\u02c8\u00e6tm\u0259sf\u026a\u0259r \/ ","des":"n"},{"id_word":"101008987","id_subject":"101000417","id_course":"101000014","word":"Better","mean":"C\u1ea3i thi\u1ec7n, l\u00e0m cho t\u1ed1t h\u01a1n","example":"","example_mean":"","num_ef":"0","time_date":"","next_time":"","num_n":"0","num_i":"0","max_q":"0","phonetic":"\/\u02c8bet\u0259r\/ ","des":"v"},{"id_word":"101008988","id_subject":"101000417","id_course":"101000014","word":"Brick","mean":"G\u1ea1ch ","example":"","example_mean":"","num_ef":"0","time_date":"","next_time":"","num_n":"0","num_i":"0","max_q":"0","phonetic":"\/br\u026ak\/","des":"n"},{"id_word":"101008989","id_subject":"101000417","id_course":"101000014","word":"Bumper crop","mean":"V\u1ee5 m\u00f9a b\u1ed9i thu ","example":"","example_mean":"","num_ef":"0","time_date":"","next_time":"","num_n":"0","num_i":"0","max_q":"0","phonetic":"\/\u02c8b\u028cmp\u0259r kr\u0252p\/","des":"n"},{"id_word":"101008990","id_subject":"101000417","id_course":"101000014","word":"Cash crop","mean":"C\u00e2y tr\u1ed3ng th\u01b0\u01a1ng ph\u1ea9m","example":"","example_mean":"","num_ef":"0","time_date":"","next_time":"","num_n":"0","num_i":"0","max_q":"0","phonetic":"\/k\u00e6\u0283 kr\u0252p\/","des":"n"},{"id_word":"101008991","id_subject":"101000417","id_course":"101000014","word":"Crop","mean":"V\u1ee5 m\u00f9a","example":"","example_mean":"","num_ef":"0","time_date":"","next_time":"","num_n":"0","num_i":"0","max_q":"0","phonetic":"\/kr\u0252p\/","des":"n"},{"id_word":"101008992","id_subject":"101000417","id_course":"101000014","word":"Farming method","mean":"Ph\u01b0\u01a1ng ph\u00e1p canh t\u00e1c","example":"","example_mean":"","num_ef":"0","time_date":"","next_time":"","num_n":"0","num_i":"0","max_q":"0","phonetic":"\/\u02c8f\u0251\u02d0.m\u026a\u014b \u02c8me\u03b8\u0259d\/","des":"n"},{"id_word":"101008993","id_subject":"101000417","id_course":"101000014","word":"Flooded","mean":"B\u1ecb ng\u1eadp l\u1ee5t","example":"","example_mean":"","num_ef":"0","time_date":"","next_time":"","num_n":"0","num_i":"0","max_q":"0","phonetic":"\/\u02c8fl\u028cd\u026ad\/","des":"adj"},{"id_word":"101008994","id_subject":"101000417","id_course":"101000014","word":"Holiday resort","mean":"Khu ngh\u1ec9 m\u00e1t, th\u00e0nh ph\u1ed1 du l\u1ecbch","example":"","example_mean":"","num_ef":"0","time_date":"","next_time":"","num_n":"0","num_i":"0","max_q":"0","phonetic":"\/\u02c8h\u0252l\u026ade\u026a r\u026a\u02c8z\u0254\u02d0t\/","des":"n"},{"id_word":"101008995","id_subject":"101000417","id_course":"101000014","word":"Last ","mean":"K\u00e9o d\u00e0i","example":"","example_mean":"","num_ef":"0","time_date":"","next_time":"","num_n":"0","num_i":"0","max_q":"0","phonetic":"\/l\u0251\u02d0st\/","des":"v"},{"id_word":"101008996","id_subject":"101000417","id_course":"101000014","word":"Mud","mean":"B\u00f9n","example":"","example_mean":"","num_ef":"0","time_date":"","next_time":"","num_n":"0","num_i":"0","max_q":"0","phonetic":"\/m\u028cd\/","des":"n"},{"id_word":"101008997","id_subject":"101000417","id_course":"101000014","word":"Muddy","mean":"B\u00f9n, \u0111\u1ea5t nh\u00e3o","example":"","example_mean":"","num_ef":"0","time_date":"","next_time":"","num_n":"0","num_i":"0","max_q":"0","phonetic":"\/\u02c8m\u028cdi\/","des":"adj"},{"id_word":"101008998","id_subject":"101000417","id_course":"101000014","word":"Raise","mean":"N\u00e2ng l\u00ean","example":"","example_mean":"","num_ef":"0","time_date":"","next_time":"","num_n":"0","num_i":"0","max_q":"0","phonetic":"\/re\u026az\/","des":"v"},{"id_word":"101008999","id_subject":"101000417","id_course":"101000014","word":"Resurface","mean":"Tr\u1ea3i l\u1ea1i","example":"","example_mean":"","num_ef":"0","time_date":"","next_time":"","num_n":"0","num_i":"0","max_q":"0","phonetic":"\/\u02ccri\u02d0\u02c8s\u025c\u02d0f\u026as\/","des":"v"},{"id_word":"101009000","id_subject":"101000417","id_course":"101000014","word":"Shortage","mean":"S\u1ef1 thi\u1ebfu th\u1ed1n","example":"","example_mean":"","num_ef":"0","time_date":"","next_time":"","num_n":"0","num_i":"0","max_q":"0","phonetic":"\/\u02c8\u0283\u0254\u02d0t\u026ad\u0292\/","des":"n"},{"id_word":"101009001","id_subject":"101000417","id_course":"101000014","word":"Straw","mean":"R\u01a1m r\u1ea1","example":"","example_mean":"","num_ef":"0","time_date":"","next_time":"","num_n":"0","num_i":"0","max_q":"0","phonetic":"\/str\u0254\u02d0\/","des":"n"},{"id_word":"101009002","id_subject":"101000417","id_course":"101000014","word":"Widen","mean":"M\u1edf r\u1ed9ng","example":"","example_mean":"","num_ef":"0","time_date":"","next_time":"","num_n":"0","num_i":"0","max_q":"0","phonetic":"\/\u02c8wa\u026ad\u0259n\/","des":"v"},{"id_word":"101009003","id_subject":"101000418","id_course":"101000014","word":"At stake ","mean":"B\u1ecb \u0111e d\u1ecda","example":"","example_mean":"","num_ef":"0","time_date":"","next_time":"","num_n":"0","num_i":"0","max_q":"0","phonetic":"\/\u0259t ste\u026ak\/ ","des":"n"},{"id_word":"101009004","id_subject":"101000418","id_course":"101000014","word":"Biodiversity","mean":"\u0110a d\u1ea1ng sinh h\u1ecdc","example":"","example_mean":"","num_ef":"0","time_date":"","next_time":"","num_n":"0","num_i":"0","max_q":"0","phonetic":"\/\u02ccba\u026a\u0259\u028a\u2006da\u2006\u026a\u02c8v\u025c\u02d0s\u026ati","des":"n"},{"id_word":"101009005","id_subject":"101000418","id_course":"101000014","word":"Carnivore","mean":"\u0110\u1ed9ng v\u1eadt \u0103n th\u1ecbt","example":"","example_mean":"","num_ef":"0","time_date":"","next_time":"","num_n":"0","num_i":"0","max_q":"0","phonetic":"\/\u02c8k\u0251\u02d0n\u026av\u0254\u02d0r \/","des":"n"},{"id_word":"101009006","id_subject":"101000418","id_course":"101000014","word":"Dolphin","mean":"C\u00e1 heo","example":"","example_mean":"","num_ef":"0","time_date":"","next_time":"","num_n":"0","num_i":"0","max_q":"0","phonetic":"\/\u02c8d\u0252lf\u026an\/","des":"n"},{"id_word":"101009007","id_subject":"101000418","id_course":"101000014","word":"Entrapment","mean":"S\u1ef1 \u0111\u00e1nh b\u1eaby, m\u1eafc b\u1eaby","example":"","example_mean":"","num_ef":"0","time_date":"","next_time":"","num_n":"0","num_i":"0","max_q":"0","phonetic":"\/\u026an\u02c8tr\u00e6pm\u0259nt\/","des":"n"},{"id_word":"101009008","id_subject":"101000418","id_course":"101000014","word":"Gestation","mean":"\r\n S\u1ef1 thai ngh\u00e9n","example":"","example_mean":"","num_ef":"0","time_date":"","next_time":"","num_n":"0","num_i":"0","max_q":"0","phonetic":"\/d\u0292es\u02c8te\u026a\u0283\u0259n\/","des":"n"},{"id_word":"101009009","id_subject":"101000418","id_course":"101000014","word":"Gulf","mean":"V\u1ecbnh, v\u00f9ng v\u1ecbnh","example":"","example_mean":"","num_ef":"0","time_date":"","next_time":"","num_n":"0","num_i":"0","max_q":"0","phonetic":"\/g\u028clf\/","des":"n"},{"id_word":"101009010","id_subject":"101000418","id_course":"101000014","word":"Herbicide ","mean":"Thu\u1ed1c di\u1ec7t c\u1ecf","example":"","example_mean":"","num_ef":"0","time_date":"","next_time":"","num_n":"0","num_i":"0","max_q":"0","phonetic":"\/\u02c8h\u025c\u02d0b\u026asa\u026ad\/","des":"n"},{"id_word":"101009011","id_subject":"101000418","id_course":"101000014","word":"Jellyfish","mean":"Con s\u1ee9a","example":"","example_mean":"","num_ef":"0","time_date":"","next_time":"","num_n":"0","num_i":"0","max_q":"0","phonetic":"\/\u02c8d\u0292elif\u026a\u0283\/ ","des":"n"},{"id_word":"101009012","id_subject":"101000418","id_course":"101000014","word":"Krill","mean":"Con t\u00f4m (r\u1ea5t nh\u1ecf, s\u1ed1ng \u1edf v\u00f9ng bi\u1ec3n quanh Nam C\u1ef1c), nhuy\u1ec5n th\u1ec3 ","example":"","example_mean":"","num_ef":"0","time_date":"","next_time":"","num_n":"0","num_i":"0","max_q":"0","phonetic":"\/kr\u026al\/ ","des":"n"},{"id_word":"101009013","id_subject":"101000418","id_course":"101000014","word":"Offspring","mean":"Con c\u00e1i, con \u0111\u1ebb","example":"","example_mean":"","num_ef":"0","time_date":"","next_time":"","num_n":"0","num_i":"0","max_q":"0","phonetic":"\/\u02c8\u0252fspr\u026a\u014b\/","des":"n"},{"id_word":"101009014","id_subject":"101000418","id_course":"101000014","word":"Organism","mean":"sinh v\u1eadt c\u00e1 th\u1ec3","example":"","example_mean":"","num_ef":"0","time_date":"","next_time":"","num_n":"0","num_i":"0","max_q":"0","phonetic":"\/\u02c8\u0254\u02d0g\u0259n\u026az\u0259m\/","des":"n"},{"id_word":"101009015","id_subject":"101000418","id_course":"101000014","word":"Reveal","mean":"Ti\u1ebft l\u1ed9","example":"","example_mean":"","num_ef":"0","time_date":"","next_time":"","num_n":"0","num_i":"0","max_q":"0","phonetic":"\/r\u026a\u02c8vi\u02d0l\/ ","des":"v"},{"id_word":"101009016","id_subject":"101000418","id_course":"101000014","word":"Seal","mean":"Con h\u1ea3i c\u1ea9u","example":"","example_mean":"","num_ef":"0","time_date":"","next_time":"","num_n":"0","num_i":"0","max_q":"0","phonetic":"\/si\u02d0l\/","des":"n"},{"id_word":"101009017","id_subject":"101000418","id_course":"101000014","word":"Shark","mean":"C\u00e1 m\u1eadp","example":"","example_mean":"","num_ef":"0","time_date":"","next_time":"","num_n":"0","num_i":"0","max_q":"0","phonetic":"\/\u0283\u0251\u02d0k\/","des":"n"},{"id_word":"101009018","id_subject":"101000418","id_course":"101000014","word":"Sperm whale ","mean":"C\u00e1 nh\u00e0 t\u00e1ng","example":"","example_mean":"","num_ef":"0","time_date":"","next_time":"","num_n":"0","num_i":"0","max_q":"0","phonetic":"\/sp\u025c\u02d0m we\u026al\/","des":"n"},{"id_word":"101009019","id_subject":"101000418","id_course":"101000014","word":"Starfish","mean":"Con sao bi\u1ec3n","example":"","example_mean":"","num_ef":"0","time_date":"","next_time":"","num_n":"0","num_i":"0","max_q":"0","phonetic":"\/\u02c8st\u0251\u02d0rf\u026a\u0283\/","des":"n"},{"id_word":"101009020","id_subject":"101000418","id_course":"101000014","word":"Submarine","mean":"T\u00e0u ng\u1ea7m","example":"","example_mean":"","num_ef":"0","time_date":"","next_time":"","num_n":"0","num_i":"0","max_q":"0","phonetic":"\/\u02ccs\u028cbm\u0259\u02c8ri\u02d0n\/","des":"n"},{"id_word":"101009021","id_subject":"101000418","id_course":"101000014","word":"Turtle","mean":"R\u00f9a bi\u1ec3n","example":"","example_mean":"","num_ef":"0","time_date":"","next_time":"","num_n":"0","num_i":"0","max_q":"0","phonetic":"\/\u02c8t\u025c\u02d0tl\/","des":"n"},{"id_word":"101009022","id_subject":"101000418","id_course":"101000014","word":"Whale ","mean":"C\u00e1 voi","example":"","example_mean":"","num_ef":"0","time_date":"","next_time":"","num_n":"0","num_i":"0","max_q":"0","phonetic":"\/we\u026al\/","des":"n"},{"id_word":"101009023","id_subject":"101000419","id_course":"101000014","word":"Breed ","mean":"Nu\u00f4i, g\u00e2y gi\u1ed1ng","example":"","example_mean":"","num_ef":"0","time_date":"","next_time":"","num_n":"0","num_i":"0","max_q":"0","phonetic":"\/bri\u02d0d\/ ","des":"v"},{"id_word":"101009024","id_subject":"101000419","id_course":"101000014","word":"Cancer","mean":"Ung th\u01b0","example":"","example_mean":"","num_ef":"0","time_date":"","next_time":"","num_n":"0","num_i":"0","max_q":"0","phonetic":"\/\u02c8k\u00e6ns\u0259r \/","des":"n"},{"id_word":"101009025","id_subject":"101000419","id_course":"101000014","word":"Conservation","mean":"B\u1ea3o t\u1ed3n","example":"","example_mean":"","num_ef":"0","time_date":"","next_time":"","num_n":"0","num_i":"0","max_q":"0","phonetic":"\/\u02cck\u0252ns\u0259\u02c8ve\u026a\u0283\u0259n\/","des":"n"},{"id_word":"101009026","id_subject":"101000419","id_course":"101000014","word":"Create","mean":"T\u1ea1o ra","example":"","example_mean":"","num_ef":"0","time_date":"","next_time":"","num_n":"0","num_i":"0","max_q":"0","phonetic":" \/kri\u02c8e\u026at\/","des":"v"},{"id_word":"101009027","id_subject":"101000419","id_course":"101000014","word":"Damage ","mean":"T\u1ed5n h\u1ea1i","example":"","example_mean":"","num_ef":"0","time_date":"","next_time":"","num_n":"0","num_i":"0","max_q":"0","phonetic":"\/\u02c8d\u00e6m\u026ad\u0292\/","des":"n"},{"id_word":"101009028","id_subject":"101000419","id_course":"101000014","word":"Defence ","mean":"S\u1ef1 b\u1ea3o v\u1ec7","example":"","example_mean":"","num_ef":"0","time_date":"","next_time":"","num_n":"0","num_i":"0","max_q":"0","phonetic":"\/d\u026a\u02c8fens\/","des":"n"},{"id_word":"101009029","id_subject":"101000419","id_course":"101000014","word":"Destruction","mean":"S\u1ef1 t\u00e0n ph\u00e1","example":"","example_mean":"","num_ef":"0","time_date":"","next_time":"","num_n":"0","num_i":"0","max_q":"0","phonetic":"\/d\u026a\u02c8str\u028ck\u0283\u0259n\/ ","des":"n"},{"id_word":"101009030","id_subject":"101000419","id_course":"101000014","word":"Endangered species ","mean":"C\u00e1c lo\u00e0i \u0111\u1ed9ng th\u1ef1c v\u1eadt c\u00f3 nguy c\u01a1 tuy\u1ec7t ch\u1ee7ng","example":"","example_mean":"","num_ef":"0","time_date":"","next_time":"","num_n":"0","num_i":"0","max_q":"0","phonetic":"\/\u026an\u02c8de\u026and\u0292\u0259d \u02c8spi\u02d0\u0283i\u02d0z\/","des":"n"},{"id_word":"101009031","id_subject":"101000419","id_course":"101000014","word":"Erosion ","mean":"S\u1ef1 x\u00f3i m\u00f2n","example":"","example_mean":"","num_ef":"0","time_date":"","next_time":"","num_n":"0","num_i":"0","max_q":"0","phonetic":"\/\u026a\u02c8r\u0259\u028a\u0292\u0259n\/","des":"n"},{"id_word":"101009032","id_subject":"101000419","id_course":"101000014","word":"Forester","mean":"Ng\u01b0\u1eddi tr\u00f4ng coi r\u1eebng, ng\u01b0\u1eddi l\u00e0m r\u1eebng","example":"","example_mean":"","num_ef":"0","time_date":"","next_time":"","num_n":"0","num_i":"0","max_q":"0","phonetic":"\/\u02c8f\u0252r\u026ast\u0259r \/","des":"n"},{"id_word":"101009033","id_subject":"101000419","id_course":"101000014","word":"Imprison","mean":"B\u1ecf t\u00f9,t\u1ed1ng giam","example":"","example_mean":"","num_ef":"0","time_date":"","next_time":"","num_n":"0","num_i":"0","max_q":"0","phonetic":"\/\u026am\u02c8pr\u026az\u0259n\/ ","des":"v"},{"id_word":"101009034","id_subject":"101000419","id_course":"101000014","word":"Reconstruction","mean":"S\u1ef1 x\u00e2y d\u1ef1ng l\u1ea1i","example":"","example_mean":"","num_ef":"0","time_date":"","next_time":"","num_n":"0","num_i":"0","max_q":"0","phonetic":"\/\u02ccri\u02d0k\u0259n\u02c8str\u028ck\u0283\u0259n\/","des":"n"},{"id_word":"101009035","id_subject":"101000419","id_course":"101000014","word":"Risky","mean":"\u0110\u1ea7y r\u1ee7i ro, nguy hi\u1ec3m","example":"","example_mean":"","num_ef":"0","time_date":"","next_time":"","num_n":"0","num_i":"0","max_q":"0","phonetic":"\/\u02c8r\u026aski\/","des":"adj"},{"id_word":"101009036","id_subject":"101000419","id_course":"101000014","word":"Variety","mean":"S\u1ef1 \u0111a d\u1ea1ng","example":"","example_mean":"","num_ef":"0","time_date":"","next_time":"","num_n":"0","num_i":"0","max_q":"0","phonetic":"\/v\u0259\u02c8ra\u026a\u0259ti\/","des":"n"},{"id_word":"101009037","id_subject":"101000419","id_course":"101000014","word":"Vegetation","mean":"Th\u1ef1c v\u1eadt, c\u00e2y c\u1ed1i","example":"","example_mean":"","num_ef":"0","time_date":"","next_time":"","num_n":"0","num_i":"0","max_q":"0","phonetic":"\/\u02ccved\u0292\u026a\u02c8te\u026a\u0283\u0259n\/ ","des":"n"},{"id_word":"101009038","id_subject":"101000419","id_course":"101000014","word":"Will ","mean":"Mong mu\u1ed1n, \u00fd ch\u00ed","example":"","example_mean":"","num_ef":"0","time_date":"","next_time":"","num_n":"0","num_i":"0","max_q":"0","phonetic":"\/w\u026al\/","des":"n"},{"id_word":"101009039","id_subject":"101000420","id_course":"101000014","word":"Abandon","mean":"T\u1eeb b\u1ecf","example":"","example_mean":"","num_ef":"0","time_date":"","next_time":"","num_n":"0","num_i":"0","max_q":"0","phonetic":"\/\u0259\u02c8b\u00e6nd\u0259n\/ ","des":"v"},{"id_word":"101009040","id_subject":"101000420","id_course":"101000014","word":"Butterfly","mean":"Con b\u01b0\u1edbm","example":"","example_mean":"","num_ef":"0","time_date":"","next_time":"","num_n":"0","num_i":"0","max_q":"0","phonetic":"\/\u02c8b\u028ct\u0259fla\u026a\/ ","des":"n"},{"id_word":"101009041","id_subject":"101000420","id_course":"101000014","word":"Contamination","mean":"S\u1ef1 \u00f4 nhi\u1ec5m, s\u1ef1 nhi\u1ec5m b\u1ea9n","example":"","example_mean":"","num_ef":"0","time_date":"","next_time":"","num_n":"0","num_i":"0","max_q":"0","phonetic":"\/k\u0259n\u02cct\u00e6m\u026a\u02c8ne\u026a\u0283\u0259n\/ ","des":"n"},{"id_word":"101009042","id_subject":"101000420","id_course":"101000014","word":"Endanger","mean":"G\u00e2y nguy hi\u1ec3m","example":"","example_mean":"","num_ef":"0","time_date":"","next_time":"","num_n":"0","num_i":"0","max_q":"0","phonetic":"\/\u026an\u02c8de\u026and\u0292\u0259r \/","des":"v"},{"id_word":"101009043","id_subject":"101000420","id_course":"101000014","word":"Ethnic minority","mean":"D\u00e2n t\u1ed9c thi\u1ec3u s\u1ed1","example":"","example_mean":"","num_ef":"0","time_date":"","next_time":"","num_n":"0","num_i":"0","max_q":"0","phonetic":" \/\u02c8e\u03b8n\u026ak ma\u026a\u02c8n\u0252r\u026ati\/","des":"n"},{"id_word":"101009044","id_subject":"101000420","id_course":"101000014","word":"Explore","mean":"Th\u00e1m hi\u1ec3m","example":"","example_mean":"","num_ef":"0","time_date":"","next_time":"","num_n":"0","num_i":"0","max_q":"0","phonetic":"\/\u026ak\u02c8spl\u0254\u02d0r \/","des":"v"},{"id_word":"101009045","id_subject":"101000420","id_course":"101000014","word":"Fauna ","mean":"H\u1ec7 \u0111\u1ed9ng v\u1eadt","example":"","example_mean":"","num_ef":"0","time_date":"","next_time":"","num_n":"0","num_i":"0","max_q":"0","phonetic":"\/\u02c8f\u0254\u02d0n\u0259\/","des":"n"},{"id_word":"101009046","id_subject":"101000420","id_course":"101000014","word":"Fine","mean":"Ti\u1ec1n ph\u1ea1t","example":"","example_mean":"","num_ef":"0","time_date":"","next_time":"","num_n":"0","num_i":"0","max_q":"0","phonetic":"\/fa\u026an\/ ","des":"n"},{"id_word":"101009047","id_subject":"101000420","id_course":"101000014","word":"Flora ","mean":"H\u1ec7 th\u1ef1c v\u1eadt","example":"","example_mean":"","num_ef":"0","time_date":"","next_time":"","num_n":"0","num_i":"0","max_q":"0","phonetic":"\/\u02c8fl\u0254\u02d0r\u0259\/","des":"n"},{"id_word":"101009048","id_subject":"101000420","id_course":"101000014","word":"Orphan","mean":"L\u00e0m cho m\u1ed3 c\u00f4i","example":"","example_mean":"","num_ef":"0","time_date":"","next_time":"","num_n":"0","num_i":"0","max_q":"0","phonetic":"\/\u02c8\u0254\u02d0f\u0259n\/","des":"v"},{"id_word":"101009049","id_subject":"101000420","id_course":"101000014","word":"Sub-tropical","mean":"C\u1eadn nhi\u1ec7t \u0111\u1edbi","example":"","example_mean":"","num_ef":"0","time_date":"","next_time":"","num_n":"0","num_i":"0","max_q":"0","phonetic":"\/\u02ccs\u028cb\u02c8tr\u0252p\u026ak\u0259l\/","des":"adj"},{"id_word":"101009050","id_subject":"101000420","id_course":"101000014","word":"Wilderness","mean":"V\u00f9ng hoang d\u00e3, b\u00e3i hoang","example":"","example_mean":"","num_ef":"0","time_date":"","next_time":"","num_n":"0","num_i":"0","max_q":"0","phonetic":"\/\u02c8w\u026ald\u0259n\u0259s\/","des":"n"},{"id_word":"101009051","id_subject":"101000421","id_course":"101000014","word":"Classical music ","mean":"Nh\u1ea1c c\u1ed5 \u0111i\u1ec3n","example":"","example_mean":"","num_ef":"0","time_date":"","next_time":"","num_n":"0","num_i":"0","max_q":"0","phonetic":"\/kl\u00e6s\u026ak\u0259l mju:zik\/ ","des":"n"},{"id_word":"101009052","id_subject":"101000421","id_course":"101000014","word":"Communicate ","mean":"Giao ti\u1ebfp","example":"","example_mean":"","num_ef":"0","time_date":"","next_time":"","num_n":"0","num_i":"0","max_q":"0","phonetic":"\/k\u0259\u02c8mju\u02d0n\u026ake\u026at\/","des":"v"},{"id_word":"101009053","id_subject":"101000421","id_course":"101000014","word":"Compose","mean":"So\u1ea1n th\u1ea3o","example":"","example_mean":"","num_ef":"0","time_date":"","next_time":"","num_n":"0","num_i":"0","max_q":"0","phonetic":"\/k\u0259m\u02c8p\u0259\u028az\/","des":"v"},{"id_word":"101009054","id_subject":"101000421","id_course":"101000014","word":"Composer ","mean":"Ng\u01b0\u1eddi so\u1ea1n th\u1ea3o,nh\u00e0 s\u00e1ng t\u00e1c","example":"","example_mean":"","num_ef":"0","time_date":"","next_time":"","num_n":"0","num_i":"0","max_q":"0","phonetic":"\/k\u0259m\u02c8p\u0259\u028az\u0259r \/","des":"n"},{"id_word":"101009055","id_subject":"101000421","id_course":"101000014","word":"Delight","mean":"L\u00e0m h\u00e0i l\u00f2ng ","example":"","example_mean":"","num_ef":"0","time_date":"","next_time":"","num_n":"0","num_i":"0","max_q":"0","phonetic":"\/d\u026a\u02c8la\u026at\/ ","des":"v"},{"id_word":"101009056","id_subject":"101000421","id_course":"101000014","word":"Emotion","mean":"T\u00ecnh c\u1ea3m","example":"","example_mean":"","num_ef":"0","time_date":"","next_time":"","num_n":"0","num_i":"0","max_q":"0","phonetic":"\/\u026a\u02c8m\u0259\u028a\u0283\u0259n\/","des":"n"},{"id_word":"101009057","id_subject":"101000421","id_course":"101000014","word":"Folk music","mean":"Nh\u1ea1c d\u00e2n ca","example":"","example_mean":"","num_ef":"0","time_date":"","next_time":"","num_n":"0","num_i":"0","max_q":"0","phonetic":"\/f\u0259\u028ak 'mju:zik \/","des":"n"},{"id_word":"101009058","id_subject":"101000421","id_course":"101000014","word":"Funeral","mean":"L\u1ec5 tang","example":"","example_mean":"","num_ef":"0","time_date":"","next_time":"","num_n":"0","num_i":"0","max_q":"0","phonetic":"\/\u02c8fju\u02d0n\u0259r\u0259l\/","des":"n"},{"id_word":"101009059","id_subject":"101000421","id_course":"101000014","word":"Gentle","mean":"Nh\u1eb9 nh\u00e0ng, d\u1ecbu \u00eam","example":"","example_mean":"","num_ef":"0","time_date":"","next_time":"","num_n":"0","num_i":"0","max_q":"0","phonetic":"\/\u02c8d\u0292entl\u2006\u0329\/","des":"adj"},{"id_word":"101009060","id_subject":"101000421","id_course":"101000014","word":"Integral part","mean":"ph\u1ea7n thi\u1ebft y\u1ebfu","example":"","example_mean":"","num_ef":"0","time_date":"","next_time":"","num_n":"0","num_i":"0","max_q":"0","phonetic":"\/\u02c8\u026ant\u026agr\u0259l p\u0251:t\/ \/","des":"n"},{"id_word":"101009061","id_subject":"101000421","id_course":"101000014","word":"Jazz","mean":"Nh\u1ea1c jazz","example":"","example_mean":"","num_ef":"0","time_date":"","next_time":"","num_n":"0","num_i":"0","max_q":"0","phonetic":"\/d\u0292\u00e6z\/ ","des":"n"},{"id_word":"101009062","id_subject":"101000421","id_course":"101000014","word":"Lull","mean":"Ru ng\u1ee7","example":"","example_mean":"","num_ef":"0","time_date":"","next_time":"","num_n":"0","num_i":"0","max_q":"0","phonetic":"\/l\u028cl\/","des":"v"},{"id_word":"101009063","id_subject":"101000421","id_course":"101000014","word":"Lyrical ","mean":"Tr\u1eef t\u00ecnh","example":"","example_mean":"","num_ef":"0","time_date":"","next_time":"","num_n":"0","num_i":"0","max_q":"0","phonetic":"\/\u02c8l\u026ar\u026akl\u2006\u0329\/","des":"adj"},{"id_word":"101009064","id_subject":"101000421","id_course":"101000014","word":"Mournful","mean":"Tang th\u01b0\u01a1ng, bu\u1ed3n th\u1ea3m","example":"","example_mean":"","num_ef":"0","time_date":"","next_time":"","num_n":"0","num_i":"0","max_q":"0","phonetic":"\/\u02c8m\u0254\u02d0nf\u0259l\/","des":"adj"},{"id_word":"101009065","id_subject":"101000421","id_course":"101000014","word":"National Anthem","mean":"Qu\u1ed1c ca","example":"","example_mean":"","num_ef":"0","time_date":"","next_time":"","num_n":"0","num_i":"0","max_q":"0","phonetic":" \/'nei\u0283\u0259nl \u02c8\u00e6n\u03b8\u0259m\/ ","des":"n"},{"id_word":"101009066","id_subject":"101000421","id_course":"101000014","word":"Powerful","mean":"M\u1ea1nh m\u1ebd","example":"","example_mean":"","num_ef":"0","time_date":"","next_time":"","num_n":"0","num_i":"0","max_q":"0","phonetic":"\/\u02c8pa\u028a\u0259f\u0259l\/","des":"adj"},{"id_word":"101009067","id_subject":"101000422","id_course":"101000014","word":"Action film","mean":"Phim h\u00e0nh \u0111\u1ed9ng","example":"","example_mean":"","num_ef":"0","time_date":"","next_time":"","num_n":"0","num_i":"0","max_q":"0","phonetic":"\/\u02c8\u00e6k\u0283\u0259n f\u026alm\/ ","des":"n"},{"id_word":"101009068","id_subject":"101000422","id_course":"101000014","word":"Audience ","mean":"Kh\u00e1n gi\u1ea3","example":"","example_mean":"","num_ef":"0","time_date":"","next_time":"","num_n":"0","num_i":"0","max_q":"0","phonetic":"\/\u02c8\u0254\u02d0di\u0259ns\/","des":"n"},{"id_word":"101009069","id_subject":"101000422","id_course":"101000014","word":"Cartoon film","mean":"Phim ho\u1ea1t h\u00ecnh","example":"","example_mean":"","num_ef":"0","time_date":"","next_time":"","num_n":"0","num_i":"0","max_q":"0","phonetic":"\/k\u0251\u02d0\u02c8tu\u02d0n f\u026alm\/","des":"n"},{"id_word":"101009070","id_subject":"101000422","id_course":"101000014","word":"Character ","mean":"Nh\u00e2n v\u1eadt","example":"","example_mean":"","num_ef":"0","time_date":"","next_time":"","num_n":"0","num_i":"0","max_q":"0","phonetic":"\/\u02c8k\u00e6r\u026akt\u0259r \/","des":"n"},{"id_word":"101009071","id_subject":"101000422","id_course":"101000014","word":"Cinema","mean":"Phim \u1ea3nh, r\u1ea1p chi\u1ebfu phim","example":"","example_mean":"","num_ef":"0","time_date":"","next_time":"","num_n":"0","num_i":"0","max_q":"0","phonetic":"\/\u02c8s\u026an\u0259m\u0259\/","des":"n"},{"id_word":"101009072","id_subject":"101000422","id_course":"101000014","word":"Detective","mean":"Trinh th\u00e1m","example":"","example_mean":"","num_ef":"0","time_date":"","next_time":"","num_n":"0","num_i":"0","max_q":"0","phonetic":"\/d\u026a\u02c8tekt\u026av\/ ","des":"n"},{"id_word":"101009073","id_subject":"101000422","id_course":"101000014","word":"Disaster","mean":"Th\u1ea3m h\u1ecda","example":"","example_mean":"","num_ef":"0","time_date":"","next_time":"","num_n":"0","num_i":"0","max_q":"0","phonetic":"\/d\u026a\u02c8z\u0251\u02d0st\u0259r \/","des":"n"},{"id_word":"101009074","id_subject":"101000422","id_course":"101000014","word":"Discover","mean":"Kh\u00e1m ph\u00e1, t\u00ecm ra","example":"","example_mean":"","num_ef":"0","time_date":"","next_time":"","num_n":"0","num_i":"0","max_q":"0","phonetic":"d\u026a\u02c8sk\u028cv\u0259r \/","des":"v"},{"id_word":"101009075","id_subject":"101000422","id_course":"101000014","word":"Horror film","mean":"Phim kinh d\u1ecb","example":"","example_mean":"","num_ef":"0","time_date":"","next_time":"","num_n":"0","num_i":"0","max_q":"0","phonetic":"\/\u02c8h\u0252r\u0259r f\u026alm\/","des":"n"},{"id_word":"101009076","id_subject":"101000422","id_course":"101000014","word":"Liner","mean":"T\u00e0u th\u1ee7y","example":"","example_mean":"","num_ef":"0","time_date":"","next_time":"","num_n":"0","num_i":"0","max_q":"0","phonetic":"\/\u02c8la\u026an\u0259r\/","des":"n"},{"id_word":"101009077","id_subject":"101000422","id_course":"101000014","word":"Love story film","mean":"Phim t\u00e2m l\u00ed, t\u00ecnh c\u1ea3m","example":"","example_mean":"","num_ef":"0","time_date":"","next_time":"","num_n":"0","num_i":"0","max_q":"0","phonetic":"\/l\u028cv \u02c8st\u0254\u02d0ri f\u026alm\/","des":"n"},{"id_word":"101009078","id_subject":"101000422","id_course":"101000014","word":"Motion","mean":"S\u1ef1 chuy\u1ec3n \u0111\u1ed9ng","example":"","example_mean":"","num_ef":"0","time_date":"","next_time":"","num_n":"0","num_i":"0","max_q":"0","phonetic":"\/\u02c8m\u0259\u028a\u0283\u0259n\/","des":"n"},{"id_word":"101009079","id_subject":"101000422","id_course":"101000014","word":"Movement","mean":"S\u1ef1 chuy\u1ec3n \u0111\u1ed9ng, d\u1ecbch chuy\u1ec3n","example":"","example_mean":"","num_ef":"0","time_date":"","next_time":"","num_n":"0","num_i":"0","max_q":"0","phonetic":"\/\u02c8mu\u02d0vm\u0259nt\/","des":"n"},{"id_word":"101009080","id_subject":"101000422","id_course":"101000014","word":"Science fiction film","mean":"Phim khoa h\u1ecdc vi\u1ec5n t\u01b0\u1edfng","example":"","example_mean":"","num_ef":"0","time_date":"","next_time":"","num_n":"0","num_i":"0","max_q":"0","phonetic":"\/sa\u026a\u0259ns \u02c8f\u026ak\u0283\u0259n f\u026alm\/","des":"n"},{"id_word":"101009081","id_subject":"101000423","id_course":"101000014","word":"Ambassador","mean":"\u0110\u1ea1i s\u1ee9","example":"","example_mean":"","num_ef":"0","time_date":"","next_time":"","num_n":"0","num_i":"0","max_q":"0","phonetic":"\/\u00e6m\u02c8b\u00e6s\u0259d\u0259r\/ ","des":"n"},{"id_word":"101009082","id_subject":"101000423","id_course":"101000014","word":"Champion","mean":"Nh\u00e0 v\u00f4 \u0111\u1ecbch, qu\u00e1n qu\u00e2n","example":"","example_mean":"","num_ef":"0","time_date":"","next_time":"","num_n":"0","num_i":"0","max_q":"0","phonetic":"\/\u02c8t\u0283\u00e6mpi\u0259n\/ ","des":"n"},{"id_word":"101009083","id_subject":"101000423","id_course":"101000014","word":"Championship","mean":"Gi\u1ea3i v\u00f4 \u0111\u1ecbch, ch\u1ee9c v\u00f4 \u0111\u1ecbch","example":"","example_mean":"","num_ef":"0","time_date":"","next_time":"","num_n":"0","num_i":"0","max_q":"0","phonetic":"\/\u02c8t\u0283\u00e6mpi\u0259n\u0283\u026ap\/","des":"n"},{"id_word":"101009084","id_subject":"101000423","id_course":"101000014","word":"Committee","mean":"\u1ee6y ban, h\u1ed9i \u0111\u1ed3ng","example":"","example_mean":"","num_ef":"0","time_date":"","next_time":"","num_n":"0","num_i":"0","max_q":"0","phonetic":"\/k\u0259\u02c8m\u026ati\/","des":"n"},{"id_word":"101009085","id_subject":"101000423","id_course":"101000014","word":"Compete","mean":"\u0110ua t\u00e0i, c\u1ea1nh tranh","example":"","example_mean":"","num_ef":"0","time_date":"","next_time":"","num_n":"0","num_i":"0","max_q":"0","phonetic":"\/k\u0259m\u02c8pi\u02d0t\/","des":"v"},{"id_word":"101009086","id_subject":"101000423","id_course":"101000014","word":"Competition","mean":"Cu\u1ed9c thi \u0111\u1ea5u, s\u1ef1 c\u1ea1nh tranh","example":"","example_mean":"","num_ef":"0","time_date":"","next_time":"","num_n":"0","num_i":"0","max_q":"0","phonetic":"\/\u02cck\u0252mp\u0259\u02c8t\u026a\u0283\u0259n\/","des":"n"},{"id_word":"101009087","id_subject":"101000423","id_course":"101000014","word":"Defeat","mean":"\u0110\u00e1nh th\u1eafng, v\u01b0\u1ee3t qua","example":"","example_mean":"","num_ef":"0","time_date":"","next_time":"","num_n":"0","num_i":"0","max_q":"0","phonetic":"\/d\u026a\u02c8fi\u02d0t\/","des":"v"},{"id_word":"101009088","id_subject":"101000423","id_course":"101000014","word":"Event","mean":"S\u1ef1 ki\u1ec7n","example":"","example_mean":"","num_ef":"0","time_date":"","next_time":"","num_n":"0","num_i":"0","max_q":"0","phonetic":"\/\u026a\u02c8vent\/","des":"n"},{"id_word":"101009089","id_subject":"101000423","id_course":"101000014","word":"Globe","mean":"Qu\u1ea3 \u0111\u1ecba c\u1ea7u","example":"","example_mean":"","num_ef":"0","time_date":"","next_time":"","num_n":"0","num_i":"0","max_q":"0","phonetic":"\/gl\u0259\u028ab\/","des":"n"},{"id_word":"101009090","id_subject":"101000423","id_course":"101000014","word":"Hero","mean":"Anh h\u00f9ng ","example":"","example_mean":"","num_ef":"0","time_date":"","next_time":"","num_n":"0","num_i":"0","max_q":"0","phonetic":"\/\u02c8h\u026a\u0259r\u0259\u028a\/","des":"n"},{"id_word":"101009091","id_subject":"101000423","id_course":"101000014","word":"Host","mean":"Ch\u1ee7 nh\u00e0","example":"","example_mean":"","num_ef":"0","time_date":"","next_time":"","num_n":"0","num_i":"0","max_q":"0","phonetic":"\/h\u0259\u028ast\/","des":"n"},{"id_word":"101009092","id_subject":"101000423","id_course":"101000014","word":"Postpone","mean":"Ho\u00e3n l\u1ea1i","example":"","example_mean":"","num_ef":"0","time_date":"","next_time":"","num_n":"0","num_i":"0","max_q":"0","phonetic":"\/p\u0259\u028ast\u2006\u02c8p\u0259\u028an\/,","des":"v"},{"id_word":"101009093","id_subject":"101000423","id_course":"101000014","word":"Professional","mean":"Chuy\u00ean nghi\u1ec7p","example":"","example_mean":"","num_ef":"0","time_date":"","next_time":"","num_n":"0","num_i":"0","max_q":"0","phonetic":"\/pr\u0259\u02c8fe\u0283\u0259n\u0259l\/","des":"adj"},{"id_word":"101009094","id_subject":"101000423","id_course":"101000014","word":"Runner-up","mean":"Ng\u01b0\u1eddi v\u1ec1 nh\u00ec, ng\u01b0\u1eddi \u0111\u1ee9ng th\u1ee9 2","example":"","example_mean":"","num_ef":"0","time_date":"","next_time":"","num_n":"0","num_i":"0","max_q":"0","phonetic":"\/\u02ccr\u028cn\u0259\u02c8r\u028cp\/","des":"n"},{"id_word":"101009095","id_subject":"101000423","id_course":"101000014","word":"Score","mean":"T\u1ec9 s\u1ed1","example":"","example_mean":"","num_ef":"0","time_date":"","next_time":"","num_n":"0","num_i":"0","max_q":"0","phonetic":"\/sk\u0254\u02d0r\/","des":"n"},{"id_word":"101009096","id_subject":"101000423","id_course":"101000014","word":"Title","mean":"Danh hi\u1ec7u","example":"","example_mean":"","num_ef":"0","time_date":"","next_time":"","num_n":"0","num_i":"0","max_q":"0","phonetic":"\/\u02c8ta\u026atl\u2006\u0329\/","des":"n"},{"id_word":"101009097","id_subject":"101000423","id_course":"101000014","word":"Tournament","mean":"V\u00f2ng thi \u0111\u1ea5u","example":"","example_mean":"","num_ef":"0","time_date":"","next_time":"","num_n":"0","num_i":"0","max_q":"0","phonetic":"\/\u02c8t\u028a\u0259n\u0259m\u0259nt\/","des":"n"},{"id_word":"101009098","id_subject":"101000423","id_course":"101000014","word":"Trophy","mean":"C\u00fap, chi\u1ebfn l\u1ee3i ph\u1ea9m","example":"","example_mean":"","num_ef":"0","time_date":"","next_time":"","num_n":"0","num_i":"0","max_q":"0","phonetic":"\/\u02c8tr\u0259\u028afi\/","des":"n"},{"id_word":"101009099","id_subject":"101000423","id_course":"101000014","word":"Victory","mean":"Chi\u1ebfn th\u1eafng","example":"","example_mean":"","num_ef":"0","time_date":"","next_time":"","num_n":"0","num_i":"0","max_q":"0","phonetic":"\/\u02c8v\u026akt\u0259ri\/","des":"n"},{"id_word":"101009100","id_subject":"101000423","id_course":"101000014","word":"Volunteer","mean":"Ng\u01b0\u1eddi t\u00ecnh nguy\u1ec7n","example":"","example_mean":"","num_ef":"0","time_date":"","next_time":"","num_n":"0","num_i":"0","max_q":"0","phonetic":"\/\u02ccv\u0252l\u0259n\u02c8t\u026a\u0259r\/","des":"n"},{"id_word":"101009101","id_subject":"101000424","id_course":"101000014","word":"Attract","mean":"Thu h\u00fat, h\u1ea5p d\u1eabn","example":"","example_mean":"","num_ef":"0","time_date":"","next_time":"","num_n":"0","num_i":"0","max_q":"0","phonetic":"\/\u0259\u02c8tr\u00e6kt\/ ","des":"v"},{"id_word":"101009102","id_subject":"101000424","id_course":"101000014","word":"Base","mean":"n\u1ec1n, c\u01a1 s\u1edf ","example":"","example_mean":"","num_ef":"0","time_date":"","next_time":"","num_n":"0","num_i":"0","max_q":"0","phonetic":"\/be\u026as\/ ","des":"n"},{"id_word":"101009103","id_subject":"101000424","id_course":"101000014","word":"Characterise","mean":"\u0110\u1eb7c tr\u01b0ng h\u00f3a","example":"","example_mean":"","num_ef":"0","time_date":"","next_time":"","num_n":"0","num_i":"0","max_q":"0","phonetic":"\/\u02c8k\u00e6r\u0259kt\u0259ra\u026az\/","des":"v"},{"id_word":"101009104","id_subject":"101000424","id_course":"101000014","word":"Crown","mean":"V\u01b0\u01a1ng mi\u1ec7n","example":"","example_mean":"","num_ef":"0","time_date":"","next_time":"","num_n":"0","num_i":"0","max_q":"0","phonetic":"\/kra\u028an\/ ","des":"n"},{"id_word":"101009105","id_subject":"101000424","id_course":"101000014","word":"Convenient","mean":"Thu\u1eadn ti\u1ec7n","example":"","example_mean":"","num_ef":"0","time_date":"","next_time":"","num_n":"0","num_i":"0","max_q":"0","phonetic":"\/k\u0259n\u02c8vi\u02d0ni\u0259nt\/","des":"adj"},{"id_word":"101009106","id_subject":"101000424","id_course":"101000014","word":"Finance","mean":"T\u00e0i ch\u00ednh","example":"","example_mean":"","num_ef":"0","time_date":"","next_time":"","num_n":"0","num_i":"0","max_q":"0","phonetic":"\/\u02c8fa\u026an\u00e6ns\/","des":"n"},{"id_word":"101009107","id_subject":"101000424","id_course":"101000014","word":"Located","mean":"\u1ede v\u1ecb tr\u00ed","example":"","example_mean":"","num_ef":"0","time_date":"","next_time":"","num_n":"0","num_i":"0","max_q":"0","phonetic":"\/l\u0259\u028a\u02c8ke\u026at\u026ad\/","des":"adj"},{"id_word":"101009108","id_subject":"101000424","id_course":"101000014","word":"Metropolitan","mean":"Thu\u1ed9c v\u1ec1 khu \u0111\u00f4 th\u1ecb l\u1edbn","example":"","example_mean":"","num_ef":"0","time_date":"","next_time":"","num_n":"0","num_i":"0","max_q":"0","phonetic":"\/\u02ccmetr\u0259\u02c8p\u0252l\u026at\u0259n\/","des":"adj"},{"id_word":"101009109","id_subject":"101000424","id_course":"101000014","word":"Mingle","mean":"H\u00f2a l\u1eabn, tr\u1ed9n l\u1eabn","example":"","example_mean":"","num_ef":"0","time_date":"","next_time":"","num_n":"0","num_i":"0","max_q":"0","phonetic":"\/\u02c8m\u026a\u014bgl\u2006\u0329\/","des":"v"},{"id_word":"101009110","id_subject":"101000424","id_course":"101000014","word":"Reserved","mean":"D\u00e8 d\u1eb7t, k\u00edn \u0111\u00e1o","example":"","example_mean":"","num_ef":"0","time_date":"","next_time":"","num_n":"0","num_i":"0","max_q":"0","phonetic":"\/r\u026a\u02c8z\u025c\u02d0vd\/","des":"adj"},{"id_word":"101009111","id_subject":"101000424","id_course":"101000014","word":"Robe","mean":"\u00c1o cho\u00e0ng","example":"","example_mean":"","num_ef":"0","time_date":"","next_time":"","num_n":"0","num_i":"0","max_q":"0","phonetic":"\/r\u0259\u028ab\/","des":"n"},{"id_word":"101009112","id_subject":"101000424","id_course":"101000014","word":"Torch","mean":"Ng\u1ecdn \u0111u\u1ed1c","example":"","example_mean":"","num_ef":"0","time_date":"","next_time":"","num_n":"0","num_i":"0","max_q":"0","phonetic":"\/t\u0254\u02d0t\u0283\/","des":"n"},{"id_word":"101009113","id_subject":"101000424","id_course":"101000014","word":"Unusual","mean":"K\u00ec l\u1ea1, \u0111\u1eb7c bi\u1ec7t","example":"","example_mean":"","num_ef":"0","time_date":"","next_time":"","num_n":"0","num_i":"0","max_q":"0","phonetic":"\/\u028cn\u02c8ju\u02d0\u0292u\u0259l\/","des":"adj"},{"id_word":"101009114","id_subject":"101000425","id_course":"101000014","word":"Bombardment","mean":"S\u1ef1 n\u00e9m bom","example":"","example_mean":"","num_ef":"0","time_date":"","next_time":"","num_n":"0","num_i":"0","max_q":"0","phonetic":"\/\u02ccb\u0252m\u02c8b\u0251\u02d0dm\u0259nt\/ ","des":"n"},{"id_word":"101009115","id_subject":"101000425","id_course":"101000014","word":"Categorise","mean":"Ph\u00e2n lo\u1ea1i","example":"","example_mean":"","num_ef":"0","time_date":"","next_time":"","num_n":"0","num_i":"0","max_q":"0","phonetic":"\/\u02c8k\u00e6t\u0259g\u0259ra\u026az\/ ","des":"v"},{"id_word":"101009116","id_subject":"101000425","id_course":"101000014","word":"Chamber","mean":"Ph\u00f2ng l\u1edbn","example":"","example_mean":"","num_ef":"0","time_date":"","next_time":"","num_n":"0","num_i":"0","max_q":"0","phonetic":"\/\u02c8t\u0283e\u026amb\u0259r \/","des":"n"},{"id_word":"101009117","id_subject":"101000425","id_course":"101000014","word":"Citadel","mean":"Th\u00e0nh l\u0169y","example":"","example_mean":"","num_ef":"0","time_date":"","next_time":"","num_n":"0","num_i":"0","max_q":"0","phonetic":"\/\u02c8s\u026at\u0259del\/","des":"n"},{"id_word":"101009118","id_subject":"101000425","id_course":"101000014","word":"Engrave","mean":"Kh\u1eafc, ch\u1ea1m tr\u1ed5","example":"","example_mean":"","num_ef":"0","time_date":"","next_time":"","num_n":"0","num_i":"0","max_q":"0","phonetic":"\/\u026an\u02c8gre\u026av\/","des":"v"},{"id_word":"101009119","id_subject":"101000425","id_course":"101000014","word":"Flourish","mean":"Ph\u00e1t tri\u1ec3n","example":"","example_mean":"","num_ef":"0","time_date":"","next_time":"","num_n":"0","num_i":"0","max_q":"0","phonetic":"\/\u02c8fl\u028cr\u026a\u0283\/","des":"v"},{"id_word":"101009120","id_subject":"101000425","id_course":"101000014","word":"Heritage","mean":"Di s\u1ea3n","example":"","example_mean":"","num_ef":"0","time_date":"","next_time":"","num_n":"0","num_i":"0","max_q":"0","phonetic":"\/\u02c8her\u026at\u026ad\u0292\/","des":"n"},{"id_word":"101009121","id_subject":"101000425","id_course":"101000014","word":"Legend","mean":"Truy\u1ebfn thuy\u1ebft","example":"","example_mean":"","num_ef":"0","time_date":"","next_time":"","num_n":"0","num_i":"0","max_q":"0","phonetic":"\/\u02c8led\u0292\u0259nd\/","des":"n"},{"id_word":"101009122","id_subject":"101000425","id_course":"101000014","word":"Mausoleum","mean":"L\u0103ng, l\u0103ng t\u1ea9m","example":"","example_mean":"","num_ef":"0","time_date":"","next_time":"","num_n":"0","num_i":"0","max_q":"0","phonetic":"\/\u02ccm\u0254\u02d0s\u0259\u02c8li\u02d0\u0259m\/","des":"n"},{"id_word":"101009123","id_subject":"101000425","id_course":"101000014","word":"Merchant","mean":"Nh\u00e0 bu\u00f4n, th\u01b0\u01a1ng gia","example":"","example_mean":"","num_ef":"0","time_date":"","next_time":"","num_n":"0","num_i":"0","max_q":"0","phonetic":"\/\u02c8m\u025c\u02d0t\u0283\u0259nt\/","des":"n"},{"id_word":"101009124","id_subject":"101000425","id_course":"101000014","word":"Scholar","mean":"H\u1ecdc gi\u1ea3 ","example":"","example_mean":"","num_ef":"0","time_date":"","next_time":"","num_n":"0","num_i":"0","max_q":"0","phonetic":"\/\u02c8sk\u0252l\u0259r\/","des":"n"}]