[{"id":"101000378","name":"B\u00e0i 1: HOME LIFE","id_course":"101000012","mean":"","total":"24","num_word":null,"time_date":""},{"id":"101000379","name":"B\u00e0i 2: CULTURAL DIVERSITY","id_course":"101000012","mean":"","total":"24","num_word":null,"time_date":""},{"id":"101000380","name":"B\u00e0i 3: WAYS OF SOCIALISING","id_course":"101000012","mean":"","total":"22","num_word":null,"time_date":""},{"id":"101000381","name":"B\u00e0i 4: SCHOOL EDUCATION SYSTEM","id_course":"101000012","mean":"","total":"18","num_word":null,"time_date":""},{"id":"101000382","name":"B\u00e0i 5: HIGHER EDUCATION","id_course":"101000012","mean":"","total":"21","num_word":null,"time_date":""},{"id":"101000383","name":"B\u00e0i 6: FUTURE JOBS","id_course":"101000012","mean":"","total":"14","num_word":null,"time_date":""},{"id":"101000384","name":"B\u00e0i 7: ECONOMIC REFORMS","id_course":"101000012","mean":"","total":"18","num_word":null,"time_date":""},{"id":"101000385","name":"B\u00e0i 8: LIFE IN THE FUTURE","id_course":"101000012","mean":"","total":"23","num_word":null,"time_date":""},{"id":"101000386","name":"B\u00e0i 9: DESERTS","id_course":"101000012","mean":"","total":"7","num_word":null,"time_date":""},{"id":"101000387","name":"B\u00e0i 10: ENDANGERED SPECIES","id_course":"101000012","mean":"","total":"15","num_word":null,"time_date":""},{"id":"101000388","name":"B\u00e0i 11: BOOKS","id_course":"101000012","mean":"","total":"14","num_word":null,"time_date":""},{"id":"101000389","name":"B\u00e0i 12: WATER SPORTS","id_course":"101000012","mean":"","total":"15","num_word":null,"time_date":""},{"id":"101000390","name":"B\u00e0i 13: THE 22th SEA GAMES","id_course":"101000012","mean":"","total":"9","num_word":null,"time_date":""},{"id":"101000391","name":"B\u00e0i 14: INTERNATIONAL ORGANIZATIONS","id_course":"101000012","mean":"","total":"22","num_word":null,"time_date":""},{"id":"101000392","name":"B\u00e0i 15: WOMEN IN SOCIETY","id_course":"101000012","mean":"","total":"20","num_word":null,"time_date":""},{"id":"101000393","name":"B\u00e0i 16: THE ASSOCIATION OF SOUTHEAST ASIAN NATIONS","id_course":"101000012","mean":"","total":"22","num_word":null,"time_date":""}]