[{"id_word":"101008101","id_subject":"101000378","id_course":"101000012","word":"biologist","mean":"nh\u00e0 sinh v\u1eadt h\u1ecdc","example":"","example_mean":"","num_ef":"0","time_date":"","next_time":"","num_n":"0","num_i":"0","max_q":"0","phonetic":"\/ba\u026a\u02c8\u0252l\u0259d\u0292\u026ast\/","des":"n"},{"id_word":"101008102","id_subject":"101000378","id_course":"101000012","word":"biology","mean":"sinh v\u1eadt h\u1ecdc","example":"","example_mean":"","num_ef":"0","time_date":"","next_time":"","num_n":"0","num_i":"0","max_q":"0","phonetic":"\/ba\u026a\u02c8\u0252l\u0259d\u0292i\/","des":"n"},{"id_word":"101008103","id_subject":"101000378","id_course":"101000012","word":"biological","mean":"thu\u1ed9c sinh v\u1eadt h\u1ecdc ","example":"","example_mean":"","num_ef":"0","time_date":"","next_time":"","num_n":"0","num_i":"0","max_q":"0","phonetic":"\/\u02ccba\u026a\u0259\u02c8l\u0252d\u0292\u026ak\u0259l\/","des":"adj"},{"id_word":"101008104","id_subject":"101000378","id_course":"101000012","word":"join hands","mean":"n\u1eafm tay nhau, c\u00f9ng nhau","example":"","example_mean":"","num_ef":"0","time_date":"","next_time":"","num_n":"0","num_i":"0","max_q":"0","phonetic":"\/d\u0292\u0254\u026an \u02c8h\u00e6nd\u2006z\/","des":"v"},{"id_word":"101008105","id_subject":"101000378","id_course":"101000012","word":"give somebody a hand ","mean":"gi\u00fap \u0111\u1ee1 ai ","example":"","example_mean":"","num_ef":"0","time_date":"","next_time":"","num_n":"0","num_i":"0","max_q":"0","phonetic":"\/g\u026av \u02c8s\u028cmb\u0259di \u0259 h\u00e6nd\/","des":"v"},{"id_word":"101008106","id_subject":"101000378","id_course":"101000012","word":"run","mean":"ch\u1ea1y, \u0111i\u1ec1u h\u00e0nh, qu\u1ea3n l\u00fd","example":"","example_mean":"","num_ef":"0","time_date":"","next_time":"","num_n":"0","num_i":"0","max_q":"0","phonetic":"\/r\u028cn\/","des":"v"},{"id_word":"101008107","id_subject":"101000378","id_course":"101000012","word":"run the household ","mean":"tr\u00f4ng nom gia \u0111\u00ecnh ","example":"","example_mean":"","num_ef":"0","time_date":"","next_time":"","num_n":"0","num_i":"0","max_q":"0","phonetic":"\/r\u028cn \u00f0\u0259 \u02c8ha\u028ash\u0259\u028ald\/","des":"v"},{"id_word":"101008108","id_subject":"101000378","id_course":"101000012","word":"will","mean":"\u00fd ch\u00ed","example":"","example_mean":"","num_ef":"0","time_date":"","next_time":"","num_n":"0","num_i":"0","max_q":"0","phonetic":"\/w\u026al\/","des":"n"},{"id_word":"101008109","id_subject":"101000378","id_course":"101000012","word":"be willing to do something ","mean":"s\u1eb5n s\u00e0ng l\u00e0m g\u00ec ","example":"","example_mean":"","num_ef":"0","time_date":"","next_time":"","num_n":"0","num_i":"0","max_q":"0","phonetic":"\/b\u026a \u02c8w\u026al\u026a\u014b t\u0259 du 's\u028cm\u03b8\u026a\u014b\/","des":"v"},{"id_word":"101008110","id_subject":"101000378","id_course":"101000012","word":"finality","mean":"tr\u1ea1ng th\u00e1i cu\u1ed1i c\u00f9ng","example":"","example_mean":"","num_ef":"0","time_date":"","next_time":"","num_n":"0","num_i":"0","max_q":"0","phonetic":"\/fa\u026a\u02c8n\u00e6l\u0259ti\/","des":"n"},{"id_word":"101008111","id_subject":"101000378","id_course":"101000012","word":"finalize","mean":"ho\u00e0n t\u1ea5t ph\u1ea7n cu\u1ed1i ","example":"","example_mean":"","num_ef":"0","time_date":"","next_time":"","num_n":"0","num_i":"0","max_q":"0","phonetic":"\/\u02c8fa\u026an\u0259la\u026az\/","des":"v"},{"id_word":"101008112","id_subject":"101000378","id_course":"101000012","word":"pressure","mean":" s\u1ee9c \u00e9p, \u00e1p l\u1ef1c","example":"","example_mean":"","num_ef":"0","time_date":"","next_time":"","num_n":"0","num_i":"0","max_q":"0","phonetic":"\/\u02c8pre\u0283\u0259r\/","des":"n"},{"id_word":"101008113","id_subject":"101000378","id_course":"101000012","word":"be under pressure","mean":" ph\u1ea3i ch\u1ecbu \u00e1p l\u1ef1c","example":"","example_mean":"","num_ef":"0","time_date":"","next_time":"","num_n":"0","num_i":"0","max_q":"0","phonetic":"\/bi \u02c8\u028cnd\u0259r \u02c8pre\u0283\u0259r\/","des":"v"},{"id_word":"101008114","id_subject":"101000378","id_course":"101000012","word":"pressurize","mean":"s\u1ee9c \u00e9p","example":"","example_mean":"","num_ef":"0","time_date":"","next_time":"","num_n":"0","num_i":"0","max_q":"0","phonetic":"\/\u02c8pre\u0283\u0259ra\u026az\/","des":"v"},{"id_word":"101008115","id_subject":"101000378","id_course":"101000012","word":" Examination","mean":"ki\u1ec3m tra","example":"","example_mean":"","num_ef":"0","time_date":"","next_time":"","num_n":"0","num_i":"0","max_q":"0","phonetic":" \/ig\u00b8z\u00e6mi\u00b4nei\u0283\u0259n\/","des":" "},{"id_word":"101008116","id_subject":"101000378","id_course":"101000012","word":"mischievous","mean":"ngh\u1ecbch","example":"","example_mean":"","num_ef":"0","time_date":"","next_time":"","num_n":"0","num_i":"0","max_q":"0","phonetic":"\/\u02c8m\u026ast\u0283\u026av\u0259s\/","des":"adj"},{"id_word":"101008117","id_subject":"101000378","id_course":"101000012","word":" love","mean":" \/\u02c8l\u0259v\/","example":"","example_mean":"","num_ef":"0","time_date":"","next_time":"","num_n":"0","num_i":"0","max_q":"0","phonetic":" t\u00ecnh y\u00eau, l\u00f2ng y\u00eau th\u01b0\u01a1ng","des":" "},{"id_word":"101008118","id_subject":"101000378","id_course":"101000012","word":"obedient","mean":"v\u00e2ng l\u1eddi","example":"","example_mean":"","num_ef":"0","time_date":"","next_time":"","num_n":"0","num_i":"0","max_q":"0","phonetic":"\/\u0259\u02c8bi\u02d0di\u0259nt\/","des":"adj"},{"id_word":"101008119","id_subject":"101000378","id_course":"101000012","word":"disobedient","mean":"kh\u00f4ng v\u00e2ng l\u1eddi","example":"","example_mean":"","num_ef":"0","time_date":"","next_time":"","num_n":"0","num_i":"0","max_q":"0","phonetic":"\/\u02ccd\u026as\u0259\u02c8bi\u02d0di\u0259nt\/","des":"adj"},{"id_word":"101008120","id_subject":"101000378","id_course":"101000012","word":"obedience","mean":"s\u1ef1 v\u00e2ng l\u1eddi, tu\u00e2n l\u1ec7nh ","example":"","example_mean":"","num_ef":"0","time_date":"","next_time":"","num_n":"0","num_i":"0","max_q":"0","phonetic":"\/\u0259\u02c8bi\u02d0di\u0259nts\/","des":"n"},{"id_word":"101008121","id_subject":"101000378","id_course":"101000012","word":"obey","mean":"v\u00e2ng l\u1eddi ","example":"","example_mean":"","num_ef":"0","time_date":"","next_time":"","num_n":"0","num_i":"0","max_q":"0","phonetic":"\/\u0259\u02c8be\u026a\/","des":"v"},{"id_word":"101008122","id_subject":"101000378","id_course":"101000012","word":"permit","mean":"cho ph\u00e9p","example":"","example_mean":"","num_ef":"0","time_date":"","next_time":"","num_n":"0","num_i":"0","max_q":"0","phonetic":"\/p\u0259\u02c8m\u026at\/","des":"v"},{"id_word":"101008123","id_subject":"101000378","id_course":"101000012","word":"permission","mean":"s\u1ef1 cho ph\u00e9p","example":"","example_mean":"","num_ef":"0","time_date":"","next_time":"","num_n":"0","num_i":"0","max_q":"0","phonetic":"\/p\u0259\u02c8m\u026a\u0283\u0259n\/","des":"n"},{"id_word":"101008124","id_subject":"101000378","id_course":"101000012","word":"permissive","mean":"cho ph\u00e9p, t\u00f9y \u00fd ","example":"","example_mean":"","num_ef":"0","time_date":"","next_time":"","num_n":"0","num_i":"0","max_q":"0","phonetic":"\/p\u0259\u02c8m\u026as\u026av\/","des":"adj"},{"id_word":"101008125","id_subject":"101000379","id_course":"101000012","word":"confidence","mean":"s\u1ef1 tin t\u01b0\u1edfng","example":"","example_mean":"","num_ef":"0","time_date":"","next_time":"","num_n":"0","num_i":"0","max_q":"0","phonetic":"\/\u02c8k\u0252nf\u026ad\u0259ns\/","des":"n"},{"id_word":"101008126","id_subject":"101000379","id_course":"101000012","word":"have confidence in somebody","mean":"tin t\u01b0\u1edfng ai","example":"","example_mean":"","num_ef":"0","time_date":"","next_time":"","num_n":"0","num_i":"0","max_q":"0","phonetic":"\/h\u00e6v \u02c8k\u0252nf\u026ad\u0259ns \u026an \u02c8s\u028cmb\u0259di\/","des":"v"},{"id_word":"101008127","id_subject":"101000379","id_course":"101000012","word":"confident","mean":"t\u1ef1 tin","example":"","example_mean":"","num_ef":"0","time_date":"","next_time":"","num_n":"0","num_i":"0","max_q":"0","phonetic":"\/\u02c8k\u0252nf\u026ad\u0259nt\u2006\/","des":"adj"},{"id_word":"101008128","id_subject":"101000379","id_course":"101000012","word":"confide in somebody ","mean":"tin t\u01b0\u1edfng, gi\u00e3i b\u00e0y t\u00e2m s\u1ef1 v\u1edbi ai ","example":"","example_mean":"","num_ef":"0","time_date":"","next_time":"","num_n":"0","num_i":"0","max_q":"0","phonetic":"\/k\u0259n\u02c8fa\u026ad \u026an \u02c8s\u028cmb\u0259di\/","des":"v"},{"id_word":"101008129","id_subject":"101000379","id_course":"101000012","word":"diverse","mean":"kh\u00e1c bi\u1ec7t","example":"","example_mean":"","num_ef":"0","time_date":"","next_time":"","num_n":"0","num_i":"0","max_q":"0","phonetic":"\/da\u2006\u026a\u02c8v\u025c\u02d0s\/","des":"adj"},{"id_word":"101008130","id_subject":"101000379","id_course":"101000012","word":"diversity","mean":"s\u1ef1 kh\u00e1c bi\u1ec7t, \u0111a d\u1ea1ng","example":"","example_mean":"","num_ef":"0","time_date":"","next_time":"","num_n":"0","num_i":"0","max_q":"0","phonetic":"\/da\u2006\u026a\u02c8v\u025c\u02d0s\u026ati\/","des":"n"},{"id_word":"101008131","id_subject":"101000379","id_course":"101000012","word":"diversify","mean":"\u0111a d\u1ea1ng h\u00f3a ","example":"","example_mean":"","num_ef":"0","time_date":"","next_time":"","num_n":"0","num_i":"0","max_q":"0","phonetic":"\/da\u2006\u026a\u02c8v\u025c\u02d0s\u026afa\u026a\/","des":"v"},{"id_word":"101008132","id_subject":"101000379","id_course":"101000012","word":"approval","mean":"s\u1ef1 ch\u1ea5p thu\u1eadn","example":"","example_mean":"","num_ef":"0","time_date":"","next_time":"","num_n":"0","num_i":"0","max_q":"0","phonetic":"\/\u0259\u02c8pru\u02d0v\u0259l\/","des":"n"},{"id_word":"101008133","id_subject":"101000379","id_course":"101000012","word":"disapproval","mean":"s\u1ef1 kh\u00f4ng ch\u1ea5p thu\u1eadn","example":"","example_mean":"","num_ef":"0","time_date":"","next_time":"","num_n":"0","num_i":"0","max_q":"0","phonetic":"\/\u02ccd\u026as\u0259\u02c8pru\u02d0v\u0259l\/","des":"n"},{"id_word":"101008134","id_subject":"101000379","id_course":"101000012","word":"approve","mean":"ch\u1ea5p thu\u1eadn ","example":"","example_mean":"","num_ef":"0","time_date":"","next_time":"","num_n":"0","num_i":"0","max_q":"0","phonetic":"\/\u0259\u02c8pru\u02d0v\/","des":"v"},{"id_word":"101008135","id_subject":"101000379","id_course":"101000012","word":"marriage","mean":"h\u00f4n nh\u00e2n","example":"","example_mean":"","num_ef":"0","time_date":"","next_time":"","num_n":"0","num_i":"0","max_q":"0","phonetic":"\/\u02c8m\u00e6r\u026ad\u0292\/","des":"n"},{"id_word":"101008136","id_subject":"101000379","id_course":"101000012","word":"marry","mean":"k\u1ebft h\u00f4n","example":"","example_mean":"","num_ef":"0","time_date":"","next_time":"","num_n":"0","num_i":"0","max_q":"0","phonetic":"\/\u02c8m\u00e6ri\/","des":"v"},{"id_word":"101008137","id_subject":"101000379","id_course":"101000012","word":"married","mean":"l\u1eadp gia \u0111\u00ecnh ","example":"","example_mean":"","num_ef":"0","time_date":"","next_time":"","num_n":"0","num_i":"0","max_q":"0","phonetic":"\/\u02c8m\u00e6rid\/","des":"adj"},{"id_word":"101008138","id_subject":"101000379","id_course":"101000012","word":"contractual","mean":"th\u1ecfa thu\u1eadn, thu\u1ed9c v\u1ec1 h\u1ee3p \u0111\u1ed3ng ","example":"","example_mean":"","num_ef":"0","time_date":"","next_time":"","num_n":"0","num_i":"0","max_q":"0","phonetic":"\/k\u0259n\u02c8tr\u00e6kt\u0283u\u0259l\/","des":"adj"},{"id_word":"101008139","id_subject":"101000379","id_course":"101000012","word":"contract","mean":"h\u1ee3p \u0111\u1ed3ng ","example":"","example_mean":"","num_ef":"0","time_date":"","next_time":"","num_n":"0","num_i":"0","max_q":"0","phonetic":"\/\u02c8k\u0252ntr\u00e6kt\/","des":"n"},{"id_word":"101008140","id_subject":"101000379","id_course":"101000012","word":"precede","mean":"\u0111i tr\u01b0\u1edbc","example":"","example_mean":"","num_ef":"0","time_date":"","next_time":"","num_n":"0","num_i":"0","max_q":"0","phonetic":"\/pr\u026a\u02c8si\u02d0d\/","des":"v"},{"id_word":"101008141","id_subject":"101000379","id_course":"101000012","word":"precedence","mean":"s\u1ef1 \u0111i tr\u01b0\u1edbc ","example":"","example_mean":"","num_ef":"0","time_date":"","next_time":"","num_n":"0","num_i":"0","max_q":"0","phonetic":"\/\u02c8pres\u026ad\u0259ns\/","des":"n"},{"id_word":"101008142","id_subject":"101000379","id_course":"101000012","word":"engagement","mean":"\u0111\u00ednh h\u00f4n","example":"","example_mean":"","num_ef":"0","time_date":"","next_time":"","num_n":"0","num_i":"0","max_q":"0","phonetic":"\/\u026an\u02c8ge\u026ad\u0292m\u0259nt\/","des":"n"},{"id_word":"101008143","id_subject":"101000379","id_course":"101000012","word":"engaged","mean":"\u0111\u00e3 \u0111\u00ednh \u01b0\u1edbc, \u0111\u00ednh h\u00f4n ","example":"","example_mean":"","num_ef":"0","time_date":"","next_time":"","num_n":"0","num_i":"0","max_q":"0","phonetic":"\/\u026an\u02c8ge\u026ad\u0292d\/","des":"adj"},{"id_word":"101008144","id_subject":"101000379","id_course":"101000012","word":"generation","mean":"th\u1ebf h\u1ec7","example":"","example_mean":"","num_ef":"0","time_date":"","next_time":"","num_n":"0","num_i":"0","max_q":"0","phonetic":"\/\u02ccd\u0292en\u0259\u02c8re\u026a\u0283\u0259n\/","des":"n"},{"id_word":"101008145","id_subject":"101000379","id_course":"101000012","word":"generational ","mean":"thu\u1ed9c th\u1ebf h\u1ec7 ","example":"","example_mean":"","num_ef":"0","time_date":"","next_time":"","num_n":"0","num_i":"0","max_q":"0","phonetic":"\/\u02ccd\u0292en\u0259\u02c8re\u026a\u0283\u0259n\u0259l\/","des":"adj"},{"id_word":"101008146","id_subject":"101000379","id_course":"101000012","word":"signify","mean":"bi\u1ec3u th\u1ecb","example":"","example_mean":"","num_ef":"0","time_date":"","next_time":"","num_n":"0","num_i":"0","max_q":"0","phonetic":"\/\u02c8s\u026agn\u026afa\u026a\/","des":"v"},{"id_word":"101008147","id_subject":"101000379","id_course":"101000012","word":"significant","mean":"quan tr\u1ecdng, \u0111\u00e1ng k\u1ec3 ","example":"","example_mean":"","num_ef":"0","time_date":"","next_time":"","num_n":"0","num_i":"0","max_q":"0","phonetic":"\/s\u026ag\u02c8n\u026af\u026ak\u0259nt\/","des":"adj"},{"id_word":"101008148","id_subject":"101000379","id_course":"101000012","word":"significance","mean":"t\u1ea7m quan tr\u1ecdng ","example":"","example_mean":"","num_ef":"0","time_date":"","next_time":"","num_n":"0","num_i":"0","max_q":"0","phonetic":"\/s\u026ag\u02c8n\u026af\u026ak\u0259ns\/","des":"n"},{"id_word":"101008149","id_subject":"101000380","id_course":"101000012","word":"socialize","mean":"giao l\u01b0u, h\u00f2a nh\u1eadp x\u00e3 h\u1ed9i ","example":"","example_mean":"","num_ef":"0","time_date":"","next_time":"","num_n":"0","num_i":"0","max_q":"0","phonetic":"\/\u02c8s\u0259\u028a\u0283\u0259la\u026az\/","des":"v"},{"id_word":"101008150","id_subject":"101000380","id_course":"101000012","word":"socialization","mean":"s\u1ef1 h\u00f2a nh\u1eadp x\u00e3 h\u1ed9i","example":"","example_mean":"","num_ef":"0","time_date":"","next_time":"","num_n":"0","num_i":"0","max_q":"0","phonetic":"\/\u02ccs\u0259\u028a\u0283\u0259la\u026a\u02c8ze\u026a\u0283n\/ or \/\u02ccso\u028a\u0283\u0259l\u0259\u02c8ze\u026a\u0283n\/","des":"n"},{"id_word":"101008151","id_subject":"101000380","id_course":"101000012","word":"social","mean":"c\u00f3 t\u00ednh x\u00e3 h\u1ed9i ","example":"","example_mean":"","num_ef":"0","time_date":"","next_time":"","num_n":"0","num_i":"0","max_q":"0","phonetic":"\/\u02c8s\u0259\u028a\u0283\u0259l\/","des":" "},{"id_word":"101008152","id_subject":"101000380","id_course":"101000012","word":"verbal","mean":"b\u1eb1ng l\u1eddi n\u00f3i","example":"","example_mean":"","num_ef":"0","time_date":"","next_time":"","num_n":"0","num_i":"0","max_q":"0","phonetic":"\/\u02c8v\u025c\u02d0b\u0259l\/","des":"adj"},{"id_word":"101008153","id_subject":"101000380","id_course":"101000012","word":"non-verbal","mean":"kh\u00f4ng b\u1eb1ng l\u1eddi n\u00f3i ","example":"","example_mean":"","num_ef":"0","time_date":"","next_time":"","num_n":"0","num_i":"0","max_q":"0","phonetic":"\/\u02ccn\u0252n\u02c8v\u025c\u02d0b\u0259l\/","des":"adj"},{"id_word":"101008154","id_subject":"101000380","id_course":"101000012","word":"communication","mean":"s\u1ef1 giao ti\u1ebfp, truy\u1ec1n th\u00f4ng ","example":"","example_mean":"","num_ef":"0","time_date":"","next_time":"","num_n":"0","num_i":"0","max_q":"0","phonetic":"\/k\u0259\u02ccmju\u02d0n\u026a\u02c8ke\u026a\u0283\u0259n\/","des":"n"},{"id_word":"101008155","id_subject":"101000380","id_course":"101000012","word":"communicate","mean":"giao ti\u1ebfp","example":"","example_mean":"","num_ef":"0","time_date":"","next_time":"","num_n":"0","num_i":"0","max_q":"0","phonetic":"\/k\u0259\u02c8mju\u02d0n\u026ake\u026at\/","des":"v"},{"id_word":"101008156","id_subject":"101000380","id_course":"101000012","word":"communicative","mean":"c\u00f3 t\u00ednh giao ti\u1ebfp","example":"","example_mean":"","num_ef":"0","time_date":"","next_time":"","num_n":"0","num_i":"0","max_q":"0","phonetic":"\/k\u0259\u02c8mju\u02d0n\u026ak\u0259t\u026av\/","des":"adj"},{"id_word":"101008157","id_subject":"101000380","id_course":"101000012","word":"communicable","mean":"c\u00f3 th\u1ec3 truy\u1ec1n \u0111\u1ea1t ","example":"","example_mean":"","num_ef":"0","time_date":"","next_time":"","num_n":"0","num_i":"0","max_q":"0","phonetic":"\/k\u0259\u02c8mju\u02d0n\u026ak\u0259bl\u2006\u0329\/","des":"adj"},{"id_word":"101008158","id_subject":"101000380","id_course":"101000012","word":"compliment somebody on something ","mean":"khen ai v\u00ec \u0111i\u1ec1u g\u00ec ","example":"","example_mean":"","num_ef":"0","time_date":"","next_time":"","num_n":"0","num_i":"0","max_q":"0","phonetic":"\/\u02c8k\u0252mpl\u026am\u0259nt \u02c8s\u028cmb\u0259di \u0252n \u02c8s\u028cm\u03b8\u026a\u014b\/","des":"v"},{"id_word":"101008159","id_subject":"101000380","id_course":"101000012","word":"compliment","mean":"l\u1eddi khen ","example":"","example_mean":"","num_ef":"0","time_date":"","next_time":"","num_n":"0","num_i":"0","max_q":"0","phonetic":"\/\u02c8k\u0252mpl\u026am\u0259nt\/","des":"n"},{"id_word":"101008160","id_subject":"101000380","id_course":"101000012","word":"complimentary","mean":"ca ng\u1ee3i ","example":"","example_mean":"","num_ef":"0","time_date":"","next_time":"","num_n":"0","num_i":"0","max_q":"0","phonetic":"\/\u02cck\u0252mpl\u026a\u02c8ment\u0259ri\/","des":"adj"},{"id_word":"101008161","id_subject":"101000380","id_course":"101000012","word":"kid","mean":"n\u00f3i \u0111\u00f9a","example":"","example_mean":"","num_ef":"0","time_date":"","next_time":"","num_n":"0","num_i":"0","max_q":"0","phonetic":"\/k\u026ad\/","des":"v"},{"id_word":"101008162","id_subject":"101000380","id_course":"101000012","word":"marvellous","mean":" k\u1ef3 di\u1ec7u","example":"","example_mean":"","num_ef":"0","time_date":"","next_time":"","num_n":"0","num_i":"0","max_q":"0","phonetic":"\/\u02c8m\u0251\u02d0v\u0259l\u0259s\/","des":"adj"},{"id_word":"101008163","id_subject":"101000380","id_course":"101000012","word":"marvel","mean":"k\u1ef3 di\u1ec7u","example":"","example_mean":"","num_ef":"0","time_date":"","next_time":"","num_n":"0","num_i":"0","max_q":"0","phonetic":"\/\u02c8m\u0251\u02d0v\u0259l\/","des":"n"},{"id_word":"101008164","id_subject":"101000380","id_course":"101000012","word":"regulation","mean":"quy t\u1eafc, n\u1ed9i quy","example":"","example_mean":"","num_ef":"0","time_date":"","next_time":"","num_n":"0","num_i":"0","max_q":"0","phonetic":"\/\u02ccregj\u028a\u02c8le\u026a\u0283\u0259n\/ ","des":"n"},{"id_word":"101008165","id_subject":"101000380","id_course":"101000012","word":"regulate","mean":"\u0111i\u1ec1u ch\u1ec9nh","example":"","example_mean":"","num_ef":"0","time_date":"","next_time":"","num_n":"0","num_i":"0","max_q":"0","phonetic":"\/\u02c8regj\u028ale\u026at\/","des":"v"},{"id_word":"101008166","id_subject":"101000380","id_course":"101000012","word":"regulator","mean":"m\u00e1y \u0111i\u1ec1u ch\u1ec9nh ","example":"","example_mean":"","num_ef":"0","time_date":"","next_time":"","num_n":"0","num_i":"0","max_q":"0","phonetic":"\/\u02c8regj\u028ale\u026at\u0259r\/","des":"n"},{"id_word":"101008167","id_subject":"101000380","id_course":"101000012","word":"interruption","mean":"s\u1ef1 gi\u00e1n \u0111o\u1ea1n","example":"","example_mean":"","num_ef":"0","time_date":"","next_time":"","num_n":"0","num_i":"0","max_q":"0","phonetic":"\/\u02cc\u026ant\u0259\u02c8r\u028cp\u0283\u0259n\/","des":"n"},{"id_word":"101008168","id_subject":"101000380","id_course":"101000012","word":"interrupt","mean":"gi\u00e1n \u0111o\u1ea1n","example":"","example_mean":"","num_ef":"0","time_date":"","next_time":"","num_n":"0","num_i":"0","max_q":"0","phonetic":"\/\u02cc\u026ant\u0259\u02c8r\u028cpt\/","des":"v"},{"id_word":"101008169","id_subject":"101000380","id_course":"101000012","word":"discourtesy","mean":"s\u1ef1 th\u00f4 l\u1ed7","example":"","example_mean":"","num_ef":"0","time_date":"","next_time":"","num_n":"0","num_i":"0","max_q":"0","phonetic":"\/d\u026a\u02c8sk\u025c\u02d0t\u0259si\/","des":"n"},{"id_word":"101008170","id_subject":"101000380","id_course":"101000012","word":"discourteous","mean":"b\u1ea5t l\u1ecbch s\u1ef1 ","example":"","example_mean":"","num_ef":"0","time_date":"","next_time":"","num_n":"0","num_i":"0","max_q":"0","phonetic":"\/d\u026a\u02c8sk\u025c\u02d0ti\u0259s\/","des":"adj"},{"id_word":"101008171","id_subject":"101000381","id_course":"101000012","word":"compulsory","mean":"b\u1eaft bu\u1ed9c","example":"","example_mean":"","num_ef":"0","time_date":"","next_time":"","num_n":"0","num_i":"0","max_q":"0","phonetic":"\/k\u0259m\u02c8p\u028cls\u0259ri\/","des":"adj"},{"id_word":"101008172","id_subject":"101000381","id_course":"101000012","word":"compulsion","mean":"s\u1ef1 b\u1eaft bu\u1ed9c","example":"","example_mean":"","num_ef":"0","time_date":"","next_time":"","num_n":"0","num_i":"0","max_q":"0","phonetic":"\/k\u0259m\u02c8p\u028cl\u0283\u0259n\/","des":"n"},{"id_word":"101008173","id_subject":"101000381","id_course":"101000012","word":"compel","mean":"b\u1eaft bu\u1ed9c ","example":"","example_mean":"","num_ef":"0","time_date":"","next_time":"","num_n":"0","num_i":"0","max_q":"0","phonetic":"\/k\u0259m\u02c8pel\/ ","des":"v"},{"id_word":"101008174","id_subject":"101000381","id_course":"101000012","word":"academic","mean":"c\u00f3 t\u00ednh h\u1ecdc thu\u1eadt","example":"","example_mean":"","num_ef":"0","time_date":"","next_time":"","num_n":"0","num_i":"0","max_q":"0","phonetic":"\/\u02cc\u00e6k\u0259\u02c8dem\u026ak\/","des":"adj"},{"id_word":"101008175","id_subject":"101000381","id_course":"101000012","word":"academy","mean":"h\u1ecdc vi\u1ec7n ","example":"","example_mean":"","num_ef":"0","time_date":"","next_time":"","num_n":"0","num_i":"0","max_q":"0","phonetic":"\/\u0259\u02c8k\u00e6d\u0259mi\/","des":"n"},{"id_word":"101008176","id_subject":"101000381","id_course":"101000012","word":"state school","mean":"tr\u01b0\u1eddng c\u00f4ng","example":"","example_mean":"","num_ef":"0","time_date":"","next_time":"","num_n":"0","num_i":"0","max_q":"0","phonetic":"\/ste\u026at sku\u02d0l\/","des":"n"},{"id_word":"101008177","id_subject":"101000381","id_course":"101000012","word":"private school ","mean":"tr\u01b0\u1eddng t\u01b0 ","example":"","example_mean":"","num_ef":"0","time_date":"","next_time":"","num_n":"0","num_i":"0","max_q":"0","phonetic":"\/\u02c8pra\u026av\u0259t sku\u02d0l\/","des":"n"},{"id_word":"101008178","id_subject":"101000381","id_course":"101000012","word":"disruptive","mean":"qu\u1eady ph\u00e1","example":"","example_mean":"","num_ef":"0","time_date":"","next_time":"","num_n":"0","num_i":"0","max_q":"0","phonetic":"\/d\u026as\u02c8r\u028cpt\u026av\/","des":"adj"},{"id_word":"101008179","id_subject":"101000381","id_course":"101000012","word":"disruption","mean":"s\u1ef1 \u0111\u1eadp v\u1ee1","example":"","example_mean":"","num_ef":"0","time_date":"","next_time":"","num_n":"0","num_i":"0","max_q":"0","phonetic":"\/d\u026as\u02c8r\u028cp\u0283\u0259n\/","des":"n"},{"id_word":"101008180","id_subject":"101000381","id_course":"101000012","word":"disrupt","mean":"\u0111\u1eadp v\u1ee1, ng\u0103n c\u1ea3n ","example":"","example_mean":"","num_ef":"0","time_date":"","next_time":"","num_n":"0","num_i":"0","max_q":"0","phonetic":"\/d\u026as\u02c8r\u028cpt\/","des":"v"},{"id_word":"101008181","id_subject":"101000381","id_course":"101000012","word":"methodical","mean":"c\u00f3 ph\u01b0\u01a1ng ph\u00e1p, c\u1ea9n th\u1eadn ","example":"","example_mean":"","num_ef":"0","time_date":"","next_time":"","num_n":"0","num_i":"0","max_q":"0","phonetic":"\/m\u0259\u02c8\u03b8\u0252d\u026ak\u0259l\/","des":"adj"},{"id_word":"101008182","id_subject":"101000381","id_course":"101000012","word":"method","mean":"ph\u01b0\u01a1ng ph\u00e1p","example":"","example_mean":"","num_ef":"0","time_date":"","next_time":"","num_n":"0","num_i":"0","max_q":"0","phonetic":"\/\u02c8me\u03b8\u0259d\/","des":"n"},{"id_word":"101008183","id_subject":"101000381","id_course":"101000012","word":"training ","mean":"\u0111\u00e0o t\u1ea1o ","example":"","example_mean":"","num_ef":"0","time_date":"","next_time":"","num_n":"0","num_i":"0","max_q":"0","phonetic":" \/'traini\u014b\/","des":" "},{"id_word":"101008184","id_subject":"101000381","id_course":"101000012","word":"formal education","mean":"n\u1ec1n gi\u00e1o d\u1ee5c ch\u00ednh quy","example":"","example_mean":"","num_ef":"0","time_date":"","next_time":"","num_n":"0","num_i":"0","max_q":"0","phonetic":"\/\u02c8f\u0254\u02d0m\u0259l \u02cced\u0292u\u02c8ke\u026a\u0283n\/ ","des":"n"},{"id_word":"101008185","id_subject":"101000381","id_course":"101000012","word":"non-formal education","mean":"n\u1ec1n gi\u00e1o d\u1ee5c kh\u00f4ng ch\u00ednh quy","example":"","example_mean":"","num_ef":"0","time_date":"","next_time":"","num_n":"0","num_i":"0","max_q":"0","phonetic":"\/non\u02c8f\u0254\u02d0m\u0259l \u02cced\u0292u\u02c8ke\u026a\u0283n\/","des":"n"},{"id_word":"101008186","id_subject":"101000381","id_course":"101000012","word":"informal education ","mean":"n\u1ec1n gi\u00e1o d\u1ee5c phi ch\u00ednh quy ","example":"","example_mean":"","num_ef":"0","time_date":"","next_time":"","num_n":"0","num_i":"0","max_q":"0","phonetic":"\/in\u02c8f\u0254\u02d0m\u0259l \u02cced\u0292u\u02c8ke\u026a\u0283n\/","des":"n"},{"id_word":"101008187","id_subject":"101000381","id_course":"101000012","word":"commence","mean":"b\u1eaft \u0111\u1ea7u","example":"","example_mean":"","num_ef":"0","time_date":"","next_time":"","num_n":"0","num_i":"0","max_q":"0","phonetic":"\/k\u0259\u02c8mens\/","des":"v"},{"id_word":"101008188","id_subject":"101000381","id_course":"101000012","word":"commencement","mean":"s\u1ef1 b\u1eaft \u0111\u1ea7u ","example":"","example_mean":"","num_ef":"0","time_date":"","next_time":"","num_n":"0","num_i":"0","max_q":"0","phonetic":"\/k\u0259\u02c8mensm\u0259nt\/","des":"n"},{"id_word":"101008189","id_subject":"101000382","id_course":"101000012","word":"apply","mean":"n\u1ed9p \u0111\u01a1n, \u00e1p d\u1ee5ng","example":"","example_mean":"","num_ef":"0","time_date":"","next_time":"","num_n":"0","num_i":"0","max_q":"0","phonetic":"\/\u0259\u02c8pla\u026a\/","des":"v"},{"id_word":"101008190","id_subject":"101000382","id_course":"101000012","word":"application","mean":"s\u1ef1 \u00e1p d\u1ee5ng, \u0111\u01a1n xin","example":"","example_mean":"","num_ef":"0","time_date":"","next_time":"","num_n":"0","num_i":"0","max_q":"0","phonetic":"\/\u02cc\u00e6pl\u026a\u02c8ke\u026a\u0283\u0259n\/","des":"n"},{"id_word":"101008191","id_subject":"101000382","id_course":"101000012","word":"applied","mean":"\u1ee9ng d\u1ee5ng","example":"","example_mean":"","num_ef":"0","time_date":"","next_time":"","num_n":"0","num_i":"0","max_q":"0","phonetic":"\/\u0259\u02c8pla\u026ad\/","des":"adj"},{"id_word":"101008192","id_subject":"101000382","id_course":"101000012","word":"applicant","mean":"ng\u01b0\u1eddi n\u1ed9p \u0111\u01a1n","example":"","example_mean":"","num_ef":"0","time_date":"","next_time":"","num_n":"0","num_i":"0","max_q":"0","phonetic":"\/\u02c8\u00e6pl\u026ak\u0259nt\/","des":"n"},{"id_word":"101008193","id_subject":"101000382","id_course":"101000012","word":"applicable","mean":"th\u00edch h\u1ee3p ","example":"","example_mean":"","num_ef":"0","time_date":"","next_time":"","num_n":"0","num_i":"0","max_q":"0","phonetic":"\/\u02c8\u00e6pl\u026ak\u0259bl\/","des":"adj"},{"id_word":"101008194","id_subject":"101000382","id_course":"101000012","word":"blame something on somebody","mean":"\u0111\u1ed5 l\u1ed7i g\u00ec cho ai","example":"","example_mean":"","num_ef":"0","time_date":"","next_time":"","num_n":"0","num_i":"0","max_q":"0","phonetic":"\/ble\u026am \u02c8s\u028cm\u03b8\u026a\u014b \u0252n \u02c8s\u028cmb\u0259di\/","des":"v"},{"id_word":"101008195","id_subject":"101000382","id_course":"101000012","word":"blameless ","mean":"v\u00f4 t\u1ed9i, kh\u00f4ng c\u00f3 l\u1ed7i ","example":"","example_mean":"","num_ef":"0","time_date":"","next_time":"","num_n":"0","num_i":"0","max_q":"0","phonetic":"\/ble\u026aml\u0259s\/","des":"adj"},{"id_word":"101008196","id_subject":"101000382","id_course":"101000012","word":"daunting","mean":"n\u1ea3n ch\u00ed","example":"","example_mean":"","num_ef":"0","time_date":"","next_time":"","num_n":"0","num_i":"0","max_q":"0","phonetic":"\/\u02c8d\u0254\u02d0nt\u026a\u014b\/","des":"adj"},{"id_word":"101008197","id_subject":"101000382","id_course":"101000012","word":"daunt","mean":"l\u00e0m n\u1ea3n ch\u00ed ","example":"","example_mean":"","num_ef":"0","time_date":"","next_time":"","num_n":"0","num_i":"0","max_q":"0","phonetic":"\/\u02c8d\u0254\u02d0nt\/","des":"v"},{"id_word":"101008198","id_subject":"101000382","id_course":"101000012","word":"admit","mean":"th\u1eeba nh\u1eadn","example":"","example_mean":"","num_ef":"0","time_date":"","next_time":"","num_n":"0","num_i":"0","max_q":"0","phonetic":"\/\u0259d\u02c8m\u026at\/","des":"v"},{"id_word":"101008199","id_subject":"101000382","id_course":"101000012","word":"admission","mean":"nh\u1eadn, k\u1ebft n\u1ea1p","example":"","example_mean":"","num_ef":"0","time_date":"","next_time":"","num_n":"0","num_i":"0","max_q":"0","phonetic":"\/\u0259d\u02c8m\u026a\u0283\u0259n\/","des":"n"},{"id_word":"101008200","id_subject":"101000382","id_course":"101000012","word":"admissible","mean":"c\u00f3 th\u1ec3 th\u1eeba nh\u1eadn","example":"","example_mean":"","num_ef":"0","time_date":"","next_time":"","num_n":"0","num_i":"0","max_q":"0","phonetic":"\/\u0259d\u02c8m\u026as\u026abl\u2006\u0329\/","des":"adj"},{"id_word":"101008201","id_subject":"101000382","id_course":"101000012","word":"reference","mean":"tham kh\u1ea3o","example":"","example_mean":"","num_ef":"0","time_date":"","next_time":"","num_n":"0","num_i":"0","max_q":"0","phonetic":"\/\u02c8ref\u0259r\u0259ns\/","des":"n"},{"id_word":"101008202","id_subject":"101000382","id_course":"101000012","word":"reference letter ","mean":"th\u01b0 gi\u1edbi thi\u1ec7u ","example":"","example_mean":"","num_ef":"0","time_date":"","next_time":"","num_n":"0","num_i":"0","max_q":"0","phonetic":"\/\u02c8ref\u0259r\u0259ns \u02c8let\u0259r\/","des":"n"},{"id_word":"101008203","id_subject":"101000382","id_course":"101000012","word":"accommodation","mean":"ch\u1ed7 \u0103n \u1edf","example":"","example_mean":"","num_ef":"0","time_date":"","next_time":"","num_n":"0","num_i":"0","max_q":"0","phonetic":"\/\u0259\u02cck\u0252m\u0259\u02c8de\u026a\u0283\u0259n\/","des":"n"},{"id_word":"101008204","id_subject":"101000382","id_course":"101000012","word":"accommodate","mean":"ch\u1ed7 tr\u1ecd, cung c\u1ea5p ch\u1ed7 \u1edf ","example":"","example_mean":"","num_ef":"0","time_date":"","next_time":"","num_n":"0","num_i":"0","max_q":"0","phonetic":"\/\u0259\u02c8k\u0252m\u0259de\u026at\/","des":"v"},{"id_word":"101008205","id_subject":"101000382","id_course":"101000012","word":"appointment","mean":"s\u1ef1 b\u1ed5 nhi\u1ec7m, cu\u1ed9c h\u1eb9n","example":"","example_mean":"","num_ef":"0","time_date":"","next_time":"","num_n":"0","num_i":"0","max_q":"0","phonetic":"\/\u0259\u02c8p\u0254\u026antm\u0259nt\/","des":"n"},{"id_word":"101008206","id_subject":"101000382","id_course":"101000012","word":"appoint","mean":"b\u1ed5 nhi\u1ec7m, ch\u1ec9 \u0111\u1ecbnh","example":"","example_mean":"","num_ef":"0","time_date":"","next_time":"","num_n":"0","num_i":"0","max_q":"0","phonetic":"\/\u0259\u02c8p\u0254\u026ant\/","des":"v"},{"id_word":"101008207","id_subject":"101000382","id_course":"101000012","word":"requirement","mean":"y\u00eau c\u1ea7u","example":"","example_mean":"","num_ef":"0","time_date":"","next_time":"","num_n":"0","num_i":"0","max_q":"0","phonetic":"\/r\u026a\u02c8kwa\u026a\u0259m\u0259nt\/","des":"n"},{"id_word":"101008208","id_subject":"101000382","id_course":"101000012","word":"require","mean":"y\u00eau c\u1ea7u","example":"","example_mean":"","num_ef":"0","time_date":"","next_time":"","num_n":"0","num_i":"0","max_q":"0","phonetic":"\/r\u026a\u02c8kwa\u026a\u0259r\/","des":"v"},{"id_word":"101008209","id_subject":"101000382","id_course":"101000012","word":"requisite","mean":"c\u1ea7n thi\u1ebft ","example":"","example_mean":"","num_ef":"0","time_date":"","next_time":"","num_n":"0","num_i":"0","max_q":"0","phonetic":"\/\u02c8rekw\u026az\u026at\/","des":"adj"},{"id_word":"101008210","id_subject":"101000383","id_course":"101000012","word":"category","mean":"lo\u1ea1i, h\u1ea1ng","example":"","example_mean":"","num_ef":"0","time_date":"","next_time":"","num_n":"0","num_i":"0","max_q":"0","phonetic":"\/\u02c8k\u00e6t\u0259g\u0259ri\/","des":"n"},{"id_word":"101008211","id_subject":"101000383","id_course":"101000012","word":"categorize","mean":"ph\u00e2n lo\u1ea1i ","example":"","example_mean":"","num_ef":"0","time_date":"","next_time":"","num_n":"0","num_i":"0","max_q":"0","phonetic":"\/\u02c8k\u00e6t\u0259g\u0259ra\u026az\/","des":"v"},{"id_word":"101008212","id_subject":"101000383","id_course":"101000012","word":"keenness","mean":"s\u1ef1 say m\u00ea","example":"","example_mean":"","num_ef":"0","time_date":"","next_time":"","num_n":"0","num_i":"0","max_q":"0","phonetic":"\/\u02c8ki:nn\u0259s\/","des":"n"},{"id_word":"101008213","id_subject":"101000383","id_course":"101000012","word":"keen","mean":"y\u00eau th\u00edch ","example":"","example_mean":"","num_ef":"0","time_date":"","next_time":"","num_n":"0","num_i":"0","max_q":"0","phonetic":"\/ki:n\/","des":"v"},{"id_word":"101008214","id_subject":"101000383","id_course":"101000012","word":"salary","mean":"l\u01b0\u01a1ng h\u00e0ng th\u00e1ng","example":"","example_mean":"","num_ef":"0","time_date":"","next_time":"","num_n":"0","num_i":"0","max_q":"0","phonetic":"\/\u02c8s\u00e6l\u0259ri\/","des":"n"},{"id_word":"101008215","id_subject":"101000383","id_course":"101000012","word":"wage","mean":"ti\u1ec1n c\u00f4ng ","example":"","example_mean":"","num_ef":"0","time_date":"","next_time":"","num_n":"0","num_i":"0","max_q":"0","phonetic":"\/we\u026ad\u0292\/","des":"n"},{"id_word":"101008216","id_subject":"101000383","id_course":"101000012","word":"retail","mean":"b\u00e1n l\u1ebb","example":"","example_mean":"","num_ef":"0","time_date":"","next_time":"","num_n":"0","num_i":"0","max_q":"0","phonetic":"\/\u02c8ri:te\u026al\/","des":"n"},{"id_word":"101008217","id_subject":"101000383","id_course":"101000012","word":"wholesale","mean":"b\u00e1n bu\u00f4n ","example":"","example_mean":"","num_ef":"0","time_date":"","next_time":"","num_n":"0","num_i":"0","max_q":"0","phonetic":"\/\u02c8h\u0259\u028alse\u026al\/","des":"n"},{"id_word":"101008218","id_subject":"101000383","id_course":"101000012","word":"r\u00e9sum\u00e9","mean":"b\u1ea3n t\u00f3m t\u1eaft, s\u01a1 y\u1ebfu l\u00fd l\u1ecbch ","example":"","example_mean":"","num_ef":"0","time_date":"","next_time":"","num_n":"0","num_i":"0","max_q":"0","phonetic":"\/\u02c8rezju:me\u026a\/","des":"n"},{"id_word":"101008219","id_subject":"101000383","id_course":"101000012","word":"curriculum vitae ","mean":"s\u01a1 y\u1ebfu l\u00fd l\u1ecbch ","example":"","example_mean":"","num_ef":"0","time_date":"","next_time":"","num_n":"0","num_i":"0","max_q":"0","phonetic":"\/k\u0259\u02ccr\u026akj\u028al\u0259m \u02c8va\u026ati:\/","des":"n"},{"id_word":"101008220","id_subject":"101000383","id_course":"101000012","word":"create","mean":"t\u1ea1o ra","example":"","example_mean":"","num_ef":"0","time_date":"","next_time":"","num_n":"0","num_i":"0","max_q":"0","phonetic":"\/kri\u02c8e\u026at\/","des":"v"},{"id_word":"101008221","id_subject":"101000383","id_course":"101000012","word":"creature","mean":"t\u1ea1o v\u1eadt","example":"","example_mean":"","num_ef":"0","time_date":"","next_time":"","num_n":"0","num_i":"0","max_q":"0","phonetic":"\/\u02c8kri:t\u0283\u0259r \/","des":"n"},{"id_word":"101008222","id_subject":"101000383","id_course":"101000012","word":"creation","mean":"s\u1ef1 t\u1ea1o d\u1ef1ng","example":"","example_mean":"","num_ef":"0","time_date":"","next_time":"","num_n":"0","num_i":"0","max_q":"0","phonetic":"\/kri\u02c8e\u026a\u0283\u0259n\/","des":"n"},{"id_word":"101008223","id_subject":"101000383","id_course":"101000012","word":"creative","mean":"s\u00e1ng t\u1ea1o ","example":"","example_mean":"","num_ef":"0","time_date":"","next_time":"","num_n":"0","num_i":"0","max_q":"0","phonetic":"\/kri\u02c8e\u026at\u026av\/","des":"adj"},{"id_word":"101008224","id_subject":"101000384","id_course":"101000012","word":"reform","mean":"\u0111\u1ed5i m\u1edbi","example":"","example_mean":"","num_ef":"0","time_date":"","next_time":"","num_n":"0","num_i":"0","max_q":"0","phonetic":"\/r\u026a\u02c8f\u0254\u02d0m\/","des":"v, n "},{"id_word":"101008225","id_subject":"101000384","id_course":"101000012","word":"reformation","mean":"cu\u1ed9c \u0111\u1ed5i m\u1edbi","example":"","example_mean":"","num_ef":"0","time_date":"","next_time":"","num_n":"0","num_i":"0","max_q":"0","phonetic":"\/\u02ccref\u0259\u02c8me\u026a\u0283\u0259n\/","des":"n"},{"id_word":"101008226","id_subject":"101000384","id_course":"101000012","word":"reformer","mean":"nh\u00e0 c\u1ea3i c\u00e1ch ","example":"","example_mean":"","num_ef":"0","time_date":"","next_time":"","num_n":"0","num_i":"0","max_q":"0","phonetic":"\/r\u026a\u02c8f\u0254\u02d0m\u0259r\/","des":"n"},{"id_word":"101008227","id_subject":"101000384","id_course":"101000012","word":"consumer","mean":"ng\u01b0\u1eddi ti\u00eau d\u00f9ng","example":"","example_mean":"","num_ef":"0","time_date":"","next_time":"","num_n":"0","num_i":"0","max_q":"0","phonetic":"\/k\u0259n\u02c8sju\u02d0m\u0259r \/","des":"n"},{"id_word":"101008228","id_subject":"101000384","id_course":"101000012","word":"consume","mean":"ti\u00eau d\u00f9ng","example":"","example_mean":"","num_ef":"0","time_date":"","next_time":"","num_n":"0","num_i":"0","max_q":"0","phonetic":"\/k\u0259n\u02c8sju\u02d0m\/","des":"v"},{"id_word":"101008229","id_subject":"101000384","id_course":"101000012","word":"consumption","mean":"s\u1ef1 ti\u00eau d\u00f9ng","example":"","example_mean":"","num_ef":"0","time_date":"","next_time":"","num_n":"0","num_i":"0","max_q":"0","phonetic":"\/k\u0259n\u02c8s\u028cmp\u0283\u0259n\/","des":"n"},{"id_word":"101008230","id_subject":"101000384","id_course":"101000012","word":"investment","mean":"s\u1ef1 \u0111\u1ea7u t\u01b0","example":"","example_mean":"","num_ef":"0","time_date":"","next_time":"","num_n":"0","num_i":"0","max_q":"0","phonetic":"\/\u026an\u02c8vest\u2006m\u0259nt\/","des":"n"},{"id_word":"101008231","id_subject":"101000384","id_course":"101000012","word":"invest","mean":"\u0111\u1ea7u t\u01b0","example":"","example_mean":"","num_ef":"0","time_date":"","next_time":"","num_n":"0","num_i":"0","max_q":"0","phonetic":"\/\u026an\u02c8vest\/","des":"v"},{"id_word":"101008232","id_subject":"101000384","id_course":"101000012","word":"investor","mean":"nh\u00e0 \u0111\u1ea7u t\u01b0","example":"","example_mean":"","num_ef":"0","time_date":"","next_time":"","num_n":"0","num_i":"0","max_q":"0","phonetic":"\/\u026an\u02c8vest\u0259r\/","des":"n"},{"id_word":"101008233","id_subject":"101000384","id_course":"101000012","word":"inflation","mean":"l\u1ea1m ph\u00e1t","example":"","example_mean":"","num_ef":"0","time_date":"","next_time":"","num_n":"0","num_i":"0","max_q":"0","phonetic":"\/\u026an\u02c8fle\u026a\u0283\u0259n\/","des":"n"},{"id_word":"101008234","id_subject":"101000384","id_course":"101000012","word":"inflate","mean":"th\u1ed5i ph\u1ed3ng, l\u1ea1m ph\u00e1t","example":"","example_mean":"","num_ef":"0","time_date":"","next_time":"","num_n":"0","num_i":"0","max_q":"0","phonetic":"\/\u026an\u02c8fle\u026at\/","des":"v"},{"id_word":"101008235","id_subject":"101000384","id_course":"101000012","word":"inflationary","mean":"thu\u1ed9c l\u1ea1m ph\u00e1t ","example":"","example_mean":"","num_ef":"0","time_date":"","next_time":"","num_n":"0","num_i":"0","max_q":"0","phonetic":"\/\u026an\u02c8fle\u026a\u0283\u0259n\u0259ri\/","des":"adj"},{"id_word":"101008236","id_subject":"101000384","id_course":"101000012","word":"eliminate","mean":"lo\u1ea1i b\u1ecf, lo\u1ea1i tr\u1eeb","example":"","example_mean":"","num_ef":"0","time_date":"","next_time":"","num_n":"0","num_i":"0","max_q":"0","phonetic":"\/\u026a\u02c8l\u026am\u026ane\u026at\/","des":"v"},{"id_word":"101008237","id_subject":"101000384","id_course":"101000012","word":"elimination","mean":"s\u1ef1 lo\u1ea1i tr\u1eeb ","example":"","example_mean":"","num_ef":"0","time_date":"","next_time":"","num_n":"0","num_i":"0","max_q":"0","phonetic":"\/\u026a\u02ccl\u026am\u026a\u02c8ne\u026a\u0283\u0259n\/","des":"n"},{"id_word":"101008238","id_subject":"101000384","id_course":"101000012","word":"stagnant","mean":"tr\u00ec tr\u1ec7","example":"","example_mean":"","num_ef":"0","time_date":"","next_time":"","num_n":"0","num_i":"0","max_q":"0","phonetic":"\/\u02c8st\u00e6gn\u0259nt\/","des":"adj"},{"id_word":"101008239","id_subject":"101000384","id_course":"101000012","word":"renovate","mean":"s\u1eeda ch\u1eefa","example":"","example_mean":"","num_ef":"0","time_date":"","next_time":"","num_n":"0","num_i":"0","max_q":"0","phonetic":"\/\u02c8ren\u0259ve\u026at\/ ","des":"v"},{"id_word":"101008240","id_subject":"101000384","id_course":"101000012","word":"renovation","mean":"s\u1eeda ch\u1eefa, \u0111\u1ed5i m\u1edbi ","example":"","example_mean":"","num_ef":"0","time_date":"","next_time":"","num_n":"0","num_i":"0","max_q":"0","phonetic":"\/\u02ccren\u0259\u02c8ve\u026a\u0283\u0259n\/","des":"n"},{"id_word":"101008241","id_subject":"101000384","id_course":"101000012","word":"sector","mean":"khu v\u1ef1c, l\u0129nh v\u1ef1c ","example":"","example_mean":"","num_ef":"0","time_date":"","next_time":"","num_n":"0","num_i":"0","max_q":"0","phonetic":"\/\u02c8sekt\u0259r\/","des":"n"},{"id_word":"101008242","id_subject":"101000385","id_course":"101000012","word":"pessimistic","mean":"bi quan","example":"","example_mean":"","num_ef":"0","time_date":"","next_time":"","num_n":"0","num_i":"0","max_q":"0","phonetic":"\/\u02ccpes\u026a\u02c8m\u026ast\u026ak\/","des":"adj"},{"id_word":"101008243","id_subject":"101000385","id_course":"101000012","word":"pessimism","mean":"t\u00ednh bi quan","example":"","example_mean":"","num_ef":"0","time_date":"","next_time":"","num_n":"0","num_i":"0","max_q":"0","phonetic":"\/\u02c8pes\u026am\u026az\u0259m\/","des":"n"},{"id_word":"101008244","id_subject":"101000385","id_course":"101000012","word":"pessimist","mean":"ng\u01b0\u1eddi bi quan ","example":"","example_mean":"","num_ef":"0","time_date":"","next_time":"","num_n":"0","num_i":"0","max_q":"0","phonetic":"\/\u02c8pes\u026am\u026ast\/","des":"n"},{"id_word":"101008245","id_subject":"101000385","id_course":"101000012","word":"optimistic","mean":"l\u1ea1c quan","example":"","example_mean":"","num_ef":"0","time_date":"","next_time":"","num_n":"0","num_i":"0","max_q":"0","phonetic":"\/\u02cc\u0252pt\u026a\u02c8m\u026ast\u026ak\/","des":"adj"},{"id_word":"101008246","id_subject":"101000385","id_course":"101000012","word":"optimism","mean":"t\u00ednh l\u1ea1c quan","example":"","example_mean":"","num_ef":"0","time_date":"","next_time":"","num_n":"0","num_i":"0","max_q":"0","phonetic":"\/\u02c8\u0252pt\u026am\u026az\u0259m\/","des":"n"},{"id_word":"101008247","id_subject":"101000385","id_course":"101000012","word":"optimist","mean":"ng\u01b0\u1eddi l\u1ea1c quan ","example":"","example_mean":"","num_ef":"0","time_date":"","next_time":"","num_n":"0","num_i":"0","max_q":"0","phonetic":"\/\u02c8\u0252pt\u026am\u026ast\/","des":"n"},{"id_word":"101008248","id_subject":"101000385","id_course":"101000012","word":"terrorism","mean":"ch\u1ee7 ngh\u0129a kh\u1ee7ng b\u1ed1","example":"","example_mean":"","num_ef":"0","time_date":"","next_time":"","num_n":"0","num_i":"0","max_q":"0","phonetic":"\/\u02c8ter\u0259r\u026az\u0259m\/","des":"n"},{"id_word":"101008249","id_subject":"101000385","id_course":"101000012","word":"terror","mean":"s\u1ef1 kh\u1ee7ng b\u1ed1, s\u1ee3 h\u00e3i ","example":"","example_mean":"","num_ef":"0","time_date":"","next_time":"","num_n":"0","num_i":"0","max_q":"0","phonetic":"\/\u02c8ter\u0259r\/","des":"n"},{"id_word":"101008250","id_subject":"101000385","id_course":"101000012","word":"terrorist","mean":"k\u1ebb kh\u1ee7ng b\u1ed1 ","example":"","example_mean":"","num_ef":"0","time_date":"","next_time":"","num_n":"0","num_i":"0","max_q":"0","phonetic":"\/\u02c8ter\u0259r\u026ast\/","des":"n"},{"id_word":"101008251","id_subject":"101000385","id_course":"101000012","word":"terrorize","mean":"kh\u1ee7ng b\u1ed1 ","example":"","example_mean":"","num_ef":"0","time_date":"","next_time":"","num_n":"0","num_i":"0","max_q":"0","phonetic":"\/\u02c8ter\u0259ra\u026az\/","des":"v"},{"id_word":"101008252","id_subject":"101000385","id_course":"101000012","word":"be bound to","mean":"ch\u1eafc ch\u1eafn","example":"","example_mean":"","num_ef":"0","time_date":"","next_time":"","num_n":"0","num_i":"0","max_q":"0","phonetic":"\/bi ba\u028and tu\/","des":"v"},{"id_word":"101008253","id_subject":"101000385","id_course":"101000012","word":"be likely to ","mean":"c\u00f3 v\u1ebb nh\u01b0, c\u00f3 l\u1ebd ","example":"","example_mean":"","num_ef":"0","time_date":"","next_time":"","num_n":"0","num_i":"0","max_q":"0","phonetic":"\/bi \u02c8la\u026akli tu\/","des":"v"},{"id_word":"101008254","id_subject":"101000385","id_course":"101000012","word":"materialistic","mean":"th\u1ef1c d\u1ee5ng ","example":"","example_mean":"","num_ef":"0","time_date":"","next_time":"","num_n":"0","num_i":"0","max_q":"0","phonetic":"\/m\u0259\u02cct\u026a\u0259ri\u0259\u02c8l\u026ast\u026ak\/","des":"adj"},{"id_word":"101008255","id_subject":"101000385","id_course":"101000012","word":"materialize","mean":"v\u1eadt ch\u1ea5t h\u00f3a, tr\u1edf th\u00e0nh hi\u1ec7n th\u1ef1c ","example":"","example_mean":"","num_ef":"0","time_date":"","next_time":"","num_n":"0","num_i":"0","max_q":"0","phonetic":"\/m\u0259\u02c8t\u026a\u0259ri\u0259la\u026az\/","des":"v"},{"id_word":"101008256","id_subject":"101000385","id_course":"101000012","word":"materialism","mean":"ch\u1ee7 ngh\u0129a duy v\u1eadt, ch\u1ee7 ngh\u0129a th\u1ef1c d\u1ee5ng ","example":"","example_mean":"","num_ef":"0","time_date":"","next_time":"","num_n":"0","num_i":"0","max_q":"0","phonetic":"\/m\u0259\u02c8t\u026a\u0259ri\u0259l\u026az\u0259m\/","des":"n"},{"id_word":"101008257","id_subject":"101000385","id_course":"101000012","word":"speed","mean":"t\u1ed1c \u0111\u1ed9","example":"","example_mean":"","num_ef":"0","time_date":"","next_time":"","num_n":"0","num_i":"0","max_q":"0","phonetic":"\/spi\u02d0d\/","des":"n"},{"id_word":"101008258","id_subject":"101000385","id_course":"101000012","word":"speedy","mean":"nhanh ch\u00f3ng","example":"","example_mean":"","num_ef":"0","time_date":"","next_time":"","num_n":"0","num_i":"0","max_q":"0","phonetic":"\/\u02c8spi\u02d0di\/","des":"adj"},{"id_word":"101008259","id_subject":"101000385","id_course":"101000012","word":"speed up ","mean":"\u0111\u1ea9y nhanh ","example":"","example_mean":"","num_ef":"0","time_date":"","next_time":"","num_n":"0","num_i":"0","max_q":"0","phonetic":"\/spi\u02d0d \u028cp\/","des":"v"},{"id_word":"101008260","id_subject":"101000385","id_course":"101000012","word":"eradicate","mean":"ti\u00eau h\u1ee7y","example":"","example_mean":"","num_ef":"0","time_date":"","next_time":"","num_n":"0","num_i":"0","max_q":"0","phonetic":"\/\u026a\u02c8r\u00e6d\u026ake\u026at\/","des":"v"},{"id_word":"101008261","id_subject":"101000385","id_course":"101000012","word":"eradication","mean":"s\u1ef1 ti\u00eau h\u1ee7y ","example":"","example_mean":"","num_ef":"0","time_date":"","next_time":"","num_n":"0","num_i":"0","max_q":"0","phonetic":"\/\u026a\u02ccr\u00e6d\u026a\u02c8ke\u026a\u0283\u0259n\/","des":"n"},{"id_word":"101008262","id_subject":"101000385","id_course":"101000012","word":"contribute","mean":"c\u1ed1ng hi\u1ebfn","example":"","example_mean":"","num_ef":"0","time_date":"","next_time":"","num_n":"0","num_i":"0","max_q":"0","phonetic":"\/k\u0259n\u02c8tr\u026abju\u02d0t\/","des":"v"},{"id_word":"101008263","id_subject":"101000385","id_course":"101000012","word":"contribution","mean":"s\u1ef1 \u0111\u00f3ng g\u00f3p ","example":"","example_mean":"","num_ef":"0","time_date":"","next_time":"","num_n":"0","num_i":"0","max_q":"0","phonetic":"\/\u02cck\u0252ntr\u026a\u02c8bju\u02d0\u0283\u0259n\/","des":"n"},{"id_word":"101008264","id_subject":"101000385","id_course":"101000012","word":"life expectancy","mean":"tu\u1ed5i th\u1ecd trung b\u00ecnh","example":"","example_mean":"","num_ef":"0","time_date":"","next_time":"","num_n":"0","num_i":"0","max_q":"0","phonetic":"\/la\u026af \u026ak\u02c8spekt\u0259nsi\/","des":""},{"id_word":"101008265","id_subject":"101000386","id_course":"101000012","word":"aborigine","mean":"ng\u01b0\u1eddi d\u00e2n b\u1ea3n x\u1ee9 \u00dac","example":"","example_mean":"","num_ef":"0","time_date":"","next_time":"","num_n":"0","num_i":"0","max_q":"0","phonetic":"\/\u02cc\u00e6b\u0259\u02c8r\u026ad\u0292\u0259ni\/ ","des":"n"},{"id_word":"101008266","id_subject":"101000386","id_course":"101000012","word":"aboriginal","mean":"thu\u1ed9c d\u00e2n b\u1ea3n x\u1ee9 \u00dac ","example":"","example_mean":"","num_ef":"0","time_date":"","next_time":"","num_n":"0","num_i":"0","max_q":"0","phonetic":"\/\u02cc\u00e6b\u0259\u02c8r\u026ad\u0292\u026an\u0259l\/","des":"adj"},{"id_word":"101008267","id_subject":"101000386","id_course":"101000012","word":"arid","mean":"kh\u00f4 c\u1eb1n","example":"","example_mean":"","num_ef":"0","time_date":"","next_time":"","num_n":"0","num_i":"0","max_q":"0","phonetic":"\/\u02c8\u00e6r\u026ad\/","des":"adj"},{"id_word":"101008268","id_subject":"101000386","id_course":"101000012","word":"aridity","mean":"s\u1ef1 kh\u00f4 c\u1eb1n ","example":"","example_mean":"","num_ef":"0","time_date":"","next_time":"","num_n":"0","num_i":"0","max_q":"0","phonetic":"\/\u0259\u02c8r\u026ad\u0259ti \/","des":"n"},{"id_word":"101008269","id_subject":"101000386","id_course":"101000012","word":"moisture","mean":"h\u01a1i \u1ea9m","example":"","example_mean":"","num_ef":"0","time_date":"","next_time":"","num_n":"0","num_i":"0","max_q":"0","phonetic":"\/\u02c8m\u0254\u026ast\u0283\u0259r\/","des":"n"},{"id_word":"101008270","id_subject":"101000386","id_course":"101000012","word":"moist","mean":"\u1ea9m \u01b0\u1edbt","example":"","example_mean":"","num_ef":"0","time_date":"","next_time":"","num_n":"0","num_i":"0","max_q":"0","phonetic":"\/m\u0254\u026ast\/","des":"adj"},{"id_word":"101008271","id_subject":"101000386","id_course":"101000012","word":"moisturize","mean":"l\u00e0m cho \u1ea9m ","example":"","example_mean":"","num_ef":"0","time_date":"","next_time":"","num_n":"0","num_i":"0","max_q":"0","phonetic":"\/\u02c8m\u0254\u026ast\u0283\u0259ra\u026az\/","des":"v"},{"id_word":"101008272","id_subject":"101000387","id_course":"101000012","word":"endanger","mean":"l\u00e0m nguy hi\u1ec3m","example":"","example_mean":"","num_ef":"0","time_date":"","next_time":"","num_n":"0","num_i":"0","max_q":"0","phonetic":"\/\u026an\u02c8de\u026and\u0292\u0259r\/","des":"v"},{"id_word":"101008273","id_subject":"101000387","id_course":"101000012","word":"endangerment","mean":"s\u1ef1 g\u00e2y nguy hi\u1ec3m ","example":"","example_mean":"","num_ef":"0","time_date":"","next_time":"","num_n":"0","num_i":"0","max_q":"0","phonetic":"\/\u026an\u02c8de\u026and\u0292\u0259rm\u0259nt\/","des":"n"},{"id_word":"101008274","id_subject":"101000387","id_course":"101000012","word":"enact","mean":"ban h\u00e0nh","example":"","example_mean":"","num_ef":"0","time_date":"","next_time":"","num_n":"0","num_i":"0","max_q":"0","phonetic":"\/\u026a\u02c8n\u00e6kt\/","des":"v"},{"id_word":"101008275","id_subject":"101000387","id_course":"101000012","word":"enactment","mean":"s\u1ef1 ban h\u00e0nh ","example":"","example_mean":"","num_ef":"0","time_date":"","next_time":"","num_n":"0","num_i":"0","max_q":"0","phonetic":"\/\u026a\u02c8n\u00e6ktm\u0259nt\/","des":"n"},{"id_word":"101008276","id_subject":"101000387","id_course":"101000012","word":"urbanization","mean":"s\u1ef1 \u0111\u00f4 th\u1ecb h\u00f3a ","example":"","example_mean":"","num_ef":"0","time_date":"","next_time":"","num_n":"0","num_i":"0","max_q":"0","phonetic":"\/\u02cc\u025c\u02d0b\u0259na\u026a\u02c8ze\u026a\u0283\u0259n\/","des":"n"},{"id_word":"101008277","id_subject":"101000387","id_course":"101000012","word":"urbanize","mean":"\u0111\u00f4 th\u1ecb h\u00f3a","example":"","example_mean":"","num_ef":"0","time_date":"","next_time":"","num_n":"0","num_i":"0","max_q":"0","phonetic":"\/\u02c8\u025c\u02d0b\u0259na\u026az\/","des":"v"},{"id_word":"101008278","id_subject":"101000387","id_course":"101000012","word":"urban","mean":"thu\u1ed9c th\u00e0nh ph\u1ed1 ","example":"","example_mean":"","num_ef":"0","time_date":"","next_time":"","num_n":"0","num_i":"0","max_q":"0","phonetic":"\/\u02c8\u025c\u02d0b\u0259n\/","des":"adj"},{"id_word":"101008279","id_subject":"101000387","id_course":"101000012","word":"vulnerable","mean":"d\u1ec5 b\u1ecb t\u1ed5n th\u01b0\u01a1ng ","example":"","example_mean":"","num_ef":"0","time_date":"","next_time":"","num_n":"0","num_i":"0","max_q":"0","phonetic":"\/\u02c8v\u028cln\u0259r\u0259bl\u2006\u0329\/","des":"adj"},{"id_word":"101008280","id_subject":"101000387","id_course":"101000012","word":"vulnerability","mean":"t\u00ednh ch\u1ea5t d\u1ec5 b\u1ecb t\u1ed5n th\u01b0\u01a1ng ","example":"","example_mean":"","num_ef":"0","time_date":"","next_time":"","num_n":"0","num_i":"0","max_q":"0","phonetic":"\/\u02ccv\u028cln\u0259r\u0259\u02c8b\u026al\u026ati\/","des":"n"},{"id_word":"101008281","id_subject":"101000387","id_course":"101000012","word":"conservation","mean":"s\u1ef1 b\u1ea3o t\u1ed3n","example":"","example_mean":"","num_ef":"0","time_date":"","next_time":"","num_n":"0","num_i":"0","max_q":"0","phonetic":"\/\u02cck\u0252ns\u0259\u02c8ve\u026a\u0283\u0259n\/","des":"n"},{"id_word":"101008282","id_subject":"101000387","id_course":"101000012","word":"conserve","mean":"b\u1ea3o t\u1ed3n","example":"","example_mean":"","num_ef":"0","time_date":"","next_time":"","num_n":"0","num_i":"0","max_q":"0","phonetic":"\/k\u0259n\u02c8s\u025c\u02d0v\/","des":"v"},{"id_word":"101008283","id_subject":"101000387","id_course":"101000012","word":"conservative","mean":"b\u1ea3o th\u1ee7, b\u1ea3o t\u1ed3n","example":"","example_mean":"","num_ef":"0","time_date":"","next_time":"","num_n":"0","num_i":"0","max_q":"0","phonetic":"\/k\u0259n\u02c8s\u025c\u02d0v\u0259t\u026av\/","des":"adj"},{"id_word":"101008284","id_subject":"101000387","id_course":"101000012","word":"exploitation","mean":"s\u1ef1 khai th\u00e1c, b\u00f3c l\u1ed9t","example":"","example_mean":"","num_ef":"0","time_date":"","next_time":"","num_n":"0","num_i":"0","max_q":"0","phonetic":"\/\u02ccekspl\u0254\u026a\u02c8te\u026a\u0283\u0259n\/","des":"n"},{"id_word":"101008285","id_subject":"101000387","id_course":"101000012","word":"exploit","mean":"khai th\u00e1c, b\u00f3c l\u1ed9t","example":"","example_mean":"","num_ef":"0","time_date":"","next_time":"","num_n":"0","num_i":"0","max_q":"0","phonetic":"\/\u026ak\u02c8spl\u0254\u026at\/","des":"v"},{"id_word":"101008286","id_subject":"101000387","id_course":"101000012","word":"exploitable","mean":"c\u00f3 th\u1ec3 khai th\u00e1c, b\u00f3c l\u1ed9t","example":"","example_mean":"","num_ef":"0","time_date":"","next_time":"","num_n":"0","num_i":"0","max_q":"0","phonetic":"\/\u026ak\u02c8spl\u0254\u026at\u0259bl\u2006\u0329\/","des":"adj"},{"id_word":"101008287","id_subject":"101000388","id_course":"101000012","word":"digest","mean":"ti\u00eau h\u00f3a","example":"","example_mean":"","num_ef":"0","time_date":"","next_time":"","num_n":"0","num_i":"0","max_q":"0","phonetic":"\/da\u026a\u02c8d\u0292est\/","des":"v"},{"id_word":"101008288","id_subject":"101000388","id_course":"101000012","word":"digestion","mean":"s\u1ef1 ti\u00eau h\u00f3a","example":"","example_mean":"","num_ef":"0","time_date":"","next_time":"","num_n":"0","num_i":"0","max_q":"0","phonetic":"\/da\u026a\u02c8d\u0292est\u0283\u0259n\/","des":"n"},{"id_word":"101008289","id_subject":"101000388","id_course":"101000012","word":"digestible","mean":"ti\u00eau h\u00f3a \u0111\u01b0\u1ee3c","example":"","example_mean":"","num_ef":"0","time_date":"","next_time":"","num_n":"0","num_i":"0","max_q":"0","phonetic":"\/da\u026a\u02c8d\u0292est\u0259bl\u2006\u0329\/","des":"adj"},{"id_word":"101008290","id_subject":"101000388","id_course":"101000012","word":"digestive","mean":"ti\u00eau h\u00f3a ","example":"","example_mean":"","num_ef":"0","time_date":"","next_time":"","num_n":"0","num_i":"0","max_q":"0","phonetic":"\/da\u026a\u02c8d\u0292est\u026av\/","des":"adj"},{"id_word":"101008291","id_subject":"101000388","id_course":"101000012","word":"reviewer","mean":"nh\u00e0 ph\u00ea b\u00ecnh","example":"","example_mean":"","num_ef":"0","time_date":"","next_time":"","num_n":"0","num_i":"0","max_q":"0","phonetic":"\/r\u026a\u02c8vju\u02d0\u0259r\/","des":"n"},{"id_word":"101008292","id_subject":"101000388","id_course":"101000012","word":"review","mean":"ph\u00ea b\u00ecnh ","example":"","example_mean":"","num_ef":"0","time_date":"","next_time":"","num_n":"0","num_i":"0","max_q":"0","phonetic":"\/r\u026a\u02c8vju\/","des":"v"},{"id_word":"101008293","id_subject":"101000388","id_course":"101000012","word":"distinct","mean":"ri\u00eang bi\u1ec7t, kh\u00e1c bi\u1ec7t ","example":"","example_mean":"","num_ef":"0","time_date":"","next_time":"","num_n":"0","num_i":"0","max_q":"0","phonetic":"\/d\u026a\u02c8st\u026a\u014bkt\/","des":"adj"},{"id_word":"101008294","id_subject":"101000388","id_course":"101000012","word":"distinction","mean":"n\u00e9t \u0111\u1eb7c bi\u1ec7t, s\u1ef1 kh\u00e1c bi\u1ec7t ","example":"","example_mean":"","num_ef":"0","time_date":"","next_time":"","num_n":"0","num_i":"0","max_q":"0","phonetic":"\/d\u026a\u02c8st\u026a\u014bk\u0283\u0259n\/","des":"n"},{"id_word":"101008295","id_subject":"101000388","id_course":"101000012","word":"distinctive","mean":"\u0111\u1eb7c bi\u1ec7t ","example":"","example_mean":"","num_ef":"0","time_date":"","next_time":"","num_n":"0","num_i":"0","max_q":"0","phonetic":"\/d\u026a\u02c8st\u026a\u014bkt\u026av\/","des":"adj"},{"id_word":"101008296","id_subject":"101000388","id_course":"101000012","word":"crime","mean":"t\u1ed9i \u00e1c","example":"","example_mean":"","num_ef":"0","time_date":"","next_time":"","num_n":"0","num_i":"0","max_q":"0","phonetic":"\/kra\u026am\/","des":"n"},{"id_word":"101008297","id_subject":"101000388","id_course":"101000012","word":"criminal","mean":"ph\u1ea1m t\u1ed9i\/t\u1ed9i ph\u1ea1m ","example":"","example_mean":"","num_ef":"0","time_date":"","next_time":"","num_n":"0","num_i":"0","max_q":"0","phonetic":"\/\u02c8kr\u026am\u026an\u0259l\/","des":"adj\/n"},{"id_word":"101008298","id_subject":"101000388","id_course":"101000012","word":"criminalize","mean":"k\u1ebft t\u1ed9i ","example":"","example_mean":"","num_ef":"0","time_date":"","next_time":"","num_n":"0","num_i":"0","max_q":"0","phonetic":"\/\u02c8kr\u026am\u026an\u0259la\u026az\/","des":"v"},{"id_word":"101008299","id_subject":"101000388","id_course":"101000012","word":"brave","mean":"can \u0111\u1ea3m","example":"","example_mean":"","num_ef":"0","time_date":"","next_time":"","num_n":"0","num_i":"0","max_q":"0","phonetic":"\/\u02c8bre\u026av\/","des":"adj"},{"id_word":"101008300","id_subject":"101000388","id_course":"101000012","word":"bravery","mean":"s\u1ef1 can \u0111\u1ea3m ","example":"","example_mean":"","num_ef":"0","time_date":"","next_time":"","num_n":"0","num_i":"0","max_q":"0","phonetic":"\/\u02c8bre\u026av\u0259ri\/","des":"n"},{"id_word":"101008301","id_subject":"101000389","id_course":"101000012","word":"eject","mean":"\u0111u\u1ed5i ra","example":"","example_mean":"","num_ef":"0","time_date":"","next_time":"","num_n":"0","num_i":"0","max_q":"0","phonetic":"\/\u026a\u02c8d\u0292ekt\/","des":"v"},{"id_word":"101008302","id_subject":"101000389","id_course":"101000012","word":"ejection","mean":"s\u1ef1 lo\u1ea1i b\u1ecf","example":"","example_mean":"","num_ef":"0","time_date":"","next_time":"","num_n":"0","num_i":"0","max_q":"0","phonetic":"\/\u026a\u02c8d\u0292ek\u0283\u0259n\/","des":"n"},{"id_word":"101008303","id_subject":"101000389","id_course":"101000012","word":"penalty","mean":"h\u00ecnh ph\u1ea1t","example":"","example_mean":"","num_ef":"0","time_date":"","next_time":"","num_n":"0","num_i":"0","max_q":"0","phonetic":"\/\u02c8pen\u0259lti\/","des":"n"},{"id_word":"101008304","id_subject":"101000389","id_course":"101000012","word":"penal","mean":"thu\u1ed9c v\u1ec1 h\u00ecnh ph\u1ea1t","example":"","example_mean":"","num_ef":"0","time_date":"","next_time":"","num_n":"0","num_i":"0","max_q":"0","phonetic":"\/\u02c8pi\u02d0n\u0259l\/","des":"adj"},{"id_word":"101008305","id_subject":"101000389","id_course":"101000012","word":"penalize","mean":"tr\u1eebng ph\u1ea1t ","example":"","example_mean":"","num_ef":"0","time_date":"","next_time":"","num_n":"0","num_i":"0","max_q":"0","phonetic":"\/\u02c8pi\u02d0n\u0259la\u026az\/","des":"v"},{"id_word":"101008306","id_subject":"101000389","id_course":"101000012","word":"defence\/defense","mean":"b\u1ea3o v\u1ec7","example":"","example_mean":"","num_ef":"0","time_date":"","next_time":"","num_n":"0","num_i":"0","max_q":"0","phonetic":"\/d\u026a\u02c8fens\/","des":"n"},{"id_word":"101008307","id_subject":"101000389","id_course":"101000012","word":"defensive","mean":"c\u00f3 t\u00ednh ph\u00f2ng th\u1ee7\/ th\u1ebf ph\u00f2ng th\u1ee7 ","example":"","example_mean":"","num_ef":"0","time_date":"","next_time":"","num_n":"0","num_i":"0","max_q":"0","phonetic":"\/d\u026a\u02c8fens\u026av\/","des":"adj, n "},{"id_word":"101008308","id_subject":"101000389","id_course":"101000012","word":"defend","mean":"ph\u00f2ng th\u1ee7 ","example":"","example_mean":"","num_ef":"0","time_date":"","next_time":"","num_n":"0","num_i":"0","max_q":"0","phonetic":"\/d\u026a\u02c8fend\/","des":"v"},{"id_word":"101008309","id_subject":"101000389","id_course":"101000012","word":"polo","mean":"m\u00f4n p\u00f4-l\u00f4","example":"","example_mean":"","num_ef":"0","time_date":"","next_time":"","num_n":"0","num_i":"0","max_q":"0","phonetic":"\/\u02c8p\u0259\u028al\u0259\u028a\/","des":"n"},{"id_word":"101008310","id_subject":"101000389","id_course":"101000012","word":"water polo ","mean":"m\u00f4n b\u00f3ng n\u01b0\u1edbc ","example":"","example_mean":"","num_ef":"0","time_date":"","next_time":"","num_n":"0","num_i":"0","max_q":"0","phonetic":"\/\u02c8w\u0254\u02d0t\u0259r  \u02c8p\u0259\u028al\u0259\u028a\/","des":"n"},{"id_word":"101008311","id_subject":"101000389","id_course":"101000012","word":"row","mean":"ch\u00e8o","example":"","example_mean":"","num_ef":"0","time_date":"","next_time":"","num_n":"0","num_i":"0","max_q":"0","phonetic":"\/r\u0259\u028a\/","des":"v"},{"id_word":"101008312","id_subject":"101000389","id_course":"101000012","word":"rowing","mean":"ch\u00e8o thuy\u1ec1n ","example":"","example_mean":"","num_ef":"0","time_date":"","next_time":"","num_n":"0","num_i":"0","max_q":"0","phonetic":"\/\u02c8r\u0259\u028a\u026a\u014b\/","des":"n"},{"id_word":"101008313","id_subject":"101000389","id_course":"101000012","word":"synchronized swimming","mean":"b\u01a1i ngh\u1ec7 thu\u1eadt","example":"","example_mean":"","num_ef":"0","time_date":"","next_time":"","num_n":"0","num_i":"0","max_q":"0","phonetic":"\/\u02c8s\u026a\u014bkr\u0259na\u026azd \u02c8sw\u026am\u026a\u014b\/","des":"n"},{"id_word":"101008314","id_subject":"101000389","id_course":"101000012","word":"synchronize","mean":"\u0111\u1ed3ng b\u1ed9 h\u00f3a","example":"","example_mean":"","num_ef":"0","time_date":"","next_time":"","num_n":"0","num_i":"0","max_q":"0","phonetic":"\/\u02c8s\u026a\u014bkr\u0259na\u026az\/","des":"v"},{"id_word":"101008315","id_subject":"101000389","id_course":"101000012","word":"synchronization ","mean":"s\u1ef1 \u0111\u1ed3ng b\u1ed9 h\u00f3a ","example":"","example_mean":"","num_ef":"0","time_date":"","next_time":"","num_n":"0","num_i":"0","max_q":"0","phonetic":"\/\u02ccs\u026a\u014bkr\u0259na\u026a\u02c8ze\u026a\u0283n \/","des":"n"},{"id_word":"101008316","id_subject":"101000390","id_course":"101000012","word":"compose","mean":"h\u1ee3p th\u00e0nh, c\u1ea5u th\u00e0nh","example":"","example_mean":"","num_ef":"0","time_date":"","next_time":"","num_n":"0","num_i":"0","max_q":"0","phonetic":"\/k\u0259m\u02c8p\u0259\u028az\/","des":""},{"id_word":"101008317","id_subject":"101000390","id_course":"101000012","word":"be composed of","mean":"\u0111\u01b0\u1ee3c c\u1ea5u th\u00e0nh","example":"","example_mean":"","num_ef":"0","time_date":"","next_time":"","num_n":"0","num_i":"0","max_q":"0","phonetic":"\/bi k\u0259m\u02c8p\u0259\u028azd \u0259v\/","des":""},{"id_word":"101008318","id_subject":"101000390","id_course":"101000012","word":"enthusiast","mean":"ng\u01b0\u1eddi say m\u00ea","example":"","example_mean":"","num_ef":"0","time_date":"","next_time":"","num_n":"0","num_i":"0","max_q":"0","phonetic":"\/\u026an\u02c8\u03b8ju\u02d0zi\u00e6st\/","des":"n"},{"id_word":"101008319","id_subject":"101000390","id_course":"101000012","word":"enthusiastic","mean":"nhi\u1ec7t t\u00ecnh","example":"","example_mean":"","num_ef":"0","time_date":"","next_time":"","num_n":"0","num_i":"0","max_q":"0","phonetic":"\/\u026an\u02cc\u03b8ju\u02d0zi\u02c8\u00e6st\u026ak\/","des":"adj"},{"id_word":"101008320","id_subject":"101000390","id_course":"101000012","word":"enthusiasm","mean":"l\u00f2ng nhi\u1ec7t t\u00ecnh ","example":"","example_mean":"","num_ef":"0","time_date":"","next_time":"","num_n":"0","num_i":"0","max_q":"0","phonetic":"\/\u026an\u02c8\u03b8ju\u02d0zi\u00e6z\u0259m\/","des":"n"},{"id_word":"101008321","id_subject":"101000390","id_course":"101000012","word":"precision","mean":"\u0111\u1ed9 ch\u00ednh x\u00e1c ","example":"","example_mean":"","num_ef":"0","time_date":"","next_time":"","num_n":"0","num_i":"0","max_q":"0","phonetic":"\/pr\u026a\u02c8s\u026a\u0292\u0259n\/","des":"n"},{"id_word":"101008322","id_subject":"101000390","id_course":"101000012","word":"precise","mean":"ch\u00ednh x\u00e1c ","example":"","example_mean":"","num_ef":"0","time_date":"","next_time":"","num_n":"0","num_i":"0","max_q":"0","phonetic":"\/pr\u026a\u02c8sa\u026as\/","des":"adj"},{"id_word":"101008323","id_subject":"101000390","id_course":"101000012","word":"determination","mean":"s\u1ef1 quy\u1ebft \u0111\u1ecbnh, l\u00f2ng quy\u1ebft t\u00e2m ","example":"","example_mean":"","num_ef":"0","time_date":"","next_time":"","num_n":"0","num_i":"0","max_q":"0","phonetic":"\/d\u026a\u02cct\u025c\u02d0m\u026a\u02c8ne\u026a\u0283\u0259n\/","des":"n"},{"id_word":"101008324","id_subject":"101000390","id_course":"101000012","word":"determined","mean":"quy\u1ebft \u0111\u1ecbnh, quy\u1ebft t\u00e2m ","example":"","example_mean":"","num_ef":"0","time_date":"","next_time":"","num_n":"0","num_i":"0","max_q":"0","phonetic":"\/d\u026a\u02c8t\u025c\u02d0m\u026and\/","des":"adj"},{"id_word":"101008325","id_subject":"101000391","id_course":"101000012","word":"appalled","mean":"b\u1ecb cho\u00e1ng","example":"","example_mean":"","num_ef":"0","time_date":"","next_time":"","num_n":"0","num_i":"0","max_q":"0","phonetic":"\/\u0259\u02c8p\u0254\u02d0ld\/","des":"adj"},{"id_word":"101008326","id_subject":"101000391","id_course":"101000012","word":"appal","mean":"l\u00e0m kinh h\u00e3i ","example":"","example_mean":"","num_ef":"0","time_date":"","next_time":"","num_n":"0","num_i":"0","max_q":"0","phonetic":"\/\u0259\u02c8p\u0254\u02d0l\/","des":"v"},{"id_word":"101008327","id_subject":"101000391","id_course":"101000012","word":"appeal","mean":"k\u00eau g\u1ecdi; l\u1eddi k\u00eau g\u1ecdi ","example":"","example_mean":"","num_ef":"0","time_date":"","next_time":"","num_n":"0","num_i":"0","max_q":"0","phonetic":"\/\u0259\u02c8pi\u02d0l\/","des":"v\/n"},{"id_word":"101008328","id_subject":"101000391","id_course":"101000012","word":"dedicate","mean":"c\u1ed1ng hi\u1ebfn","example":"","example_mean":"","num_ef":"0","time_date":"","next_time":"","num_n":"0","num_i":"0","max_q":"0","phonetic":"\/\u02c8ded\u026ake\u026at\/","des":"v"},{"id_word":"101008329","id_subject":"101000391","id_course":"101000012","word":"dedication","mean":"s\u1ef1 c\u1ed1ng hi\u1ebfn ","example":"","example_mean":"","num_ef":"0","time_date":"","next_time":"","num_n":"0","num_i":"0","max_q":"0","phonetic":"\/\u02ccded\u026a\u02c8ke\u026a\u0283\u0259n\/","des":"n"},{"id_word":"101008330","id_subject":"101000391","id_course":"101000012","word":"epidemic","mean":"d\u1ecbch b\u1ec7nh","example":"","example_mean":"","num_ef":"0","time_date":"","next_time":"","num_n":"0","num_i":"0","max_q":"0","phonetic":"\/\u02ccep\u026a\u02c8dem\u026ak\/","des":"n"},{"id_word":"101008331","id_subject":"101000391","id_course":"101000012","word":"epidemiology","mean":"d\u1ecbch t\u1ec5 h\u1ecdc ","example":"","example_mean":"","num_ef":"0","time_date":"","next_time":"","num_n":"0","num_i":"0","max_q":"0","phonetic":"\/ep\u026a\u02ccdi\u02d0mi\u02c8\u0252l\u0259d\u0292i\/","des":"n"},{"id_word":"101008332","id_subject":"101000391","id_course":"101000012","word":"initiative","mean":"b\u1eaft \u0111\u1ea7u, s\u00e1ng ki\u1ebfn ","example":"","example_mean":"","num_ef":"0","time_date":"","next_time":"","num_n":"0","num_i":"0","max_q":"0","phonetic":"\/\u026a\u02c8n\u026a\u0283\u0259t\u026av\/","des":"adj,n"},{"id_word":"101008333","id_subject":"101000391","id_course":"101000012","word":"initiate","mean":"kh\u1edfi \u0111\u1ea7u","example":"","example_mean":"","num_ef":"0","time_date":"","next_time":"","num_n":"0","num_i":"0","max_q":"0","phonetic":"\/\u026a\u02c8n\u026a\u0283ie\u026at\/","des":"v"},{"id_word":"101008334","id_subject":"101000391","id_course":"101000012","word":"initiation","mean":"s\u1ef1 kh\u1edfi x\u01b0\u1edbng","example":"","example_mean":"","num_ef":"0","time_date":"","next_time":"","num_n":"0","num_i":"0","max_q":"0","phonetic":"\/\u026a\u02ccn\u026a\u0283i\u02c8e\u026a\u0283\u0259n\/","des":"n"},{"id_word":"101008335","id_subject":"101000391","id_course":"101000012","word":"devote","mean":"d\u00e2ng, d\u00e0nh h\u1ebft cho","example":"","example_mean":"","num_ef":"0","time_date":"","next_time":"","num_n":"0","num_i":"0","max_q":"0","phonetic":"\/d\u026a\u02c8v\u0259\u028at\/","des":"v"},{"id_word":"101008336","id_subject":"101000391","id_course":"101000012","word":"devotion","mean":"s\u1ef1 t\u1eadn t\u00e2n","example":"","example_mean":"","num_ef":"0","time_date":"","next_time":"","num_n":"0","num_i":"0","max_q":"0","phonetic":"\/d\u026a\u02c8v\u0259\u028a\u0283n\/","des":"n"},{"id_word":"101008337","id_subject":"101000391","id_course":"101000012","word":"devoted","mean":"t\u1eadn t\u00e2m ","example":"","example_mean":"","num_ef":"0","time_date":"","next_time":"","num_n":"0","num_i":"0","max_q":"0","phonetic":"\/d\u026a\u02c8v\u0259\u028at\u026ad\/ ","des":"adj"},{"id_word":"101008338","id_subject":"101000391","id_course":"101000012","word":"hesitate","mean":"do d\u1ef1","example":"","example_mean":"","num_ef":"0","time_date":"","next_time":"","num_n":"0","num_i":"0","max_q":"0","phonetic":"\/\u02c8hez\u026ate\u026at\/","des":"v"},{"id_word":"101008339","id_subject":"101000391","id_course":"101000012","word":"hesitation","mean":"s\u1ef1 do d\u1ef1 ","example":"","example_mean":"","num_ef":"0","time_date":"","next_time":"","num_n":"0","num_i":"0","max_q":"0","phonetic":"\/\u02cchez\u026a\u02c8te\u026a\u0283\u0259n\/","des":"n"},{"id_word":"101008340","id_subject":"101000391","id_course":"101000012","word":"catastrophe","mean":"tai \u01b0\u01a1ng","example":"","example_mean":"","num_ef":"0","time_date":"","next_time":"","num_n":"0","num_i":"0","max_q":"0","phonetic":"\/k\u0259\u02c8t\u00e6str\u0259fi\/ ","des":"n"},{"id_word":"101008341","id_subject":"101000391","id_course":"101000012","word":"catastrophic","mean":"th\u1ea3m kh\u1ed1c, th\u00ea th\u1ea3m","example":"","example_mean":"","num_ef":"0","time_date":"","next_time":"","num_n":"0","num_i":"0","max_q":"0","phonetic":"\/\u02cck\u00e6t\u0259\u02c8str\u0252f\u026ak\/","des":"adj"},{"id_word":"101008342","id_subject":"101000391","id_course":"101000012","word":"aim","mean":"m\u1ee5c \u0111\u00edch","example":"","example_mean":"","num_ef":"0","time_date":"","next_time":"","num_n":"0","num_i":"0","max_q":"0","phonetic":"\/e\u026am\/","des":"n"},{"id_word":"101008343","id_subject":"101000391","id_course":"101000012","word":"aim to do something","mean":"nh\u1eb1m m\u1ee5c \u0111\u00edch l\u00e0m g\u00ec \u0111\u1ea5y","example":"","example_mean":"","num_ef":"0","time_date":"","next_time":"","num_n":"0","num_i":"0","max_q":"0","phonetic":"\/e\u026am t\u0259 du \u02c8s\u028cm\u03b8\u026a\u014b\/","des":"v"},{"id_word":"101008344","id_subject":"101000391","id_course":"101000012","word":"be aimed at doing ","mean":"c\u00f3 m\u1ee5c \u0111\u00edch","example":"","example_mean":"","num_ef":"0","time_date":"","next_time":"","num_n":"0","num_i":"0","max_q":"0","phonetic":"\/bi e\u026amd \u00e6t \u02c8du\u02d0\u026a\u014b\/","des":"v"},{"id_word":"101008345","id_subject":"101000391","id_course":"101000012","word":"inspire","mean":"truy\u1ec1n c\u1ea3m h\u1ee9ng","example":"","example_mean":"","num_ef":"0","time_date":"","next_time":"","num_n":"0","num_i":"0","max_q":"0","phonetic":"\/\u026an\u02c8spa\u026a\u0259r\/","des":"v"},{"id_word":"101008346","id_subject":"101000391","id_course":"101000012","word":"inspiration","mean":"c\u1ea3m h\u1ee9ng","example":"","example_mean":"","num_ef":"0","time_date":"","next_time":"","num_n":"0","num_i":"0","max_q":"0","phonetic":"\/\u02cc\u026ansp\u026a\u02c8re\u026a\u0283\u0259n\/","des":"n"},{"id_word":"101008347","id_subject":"101000392","id_course":"101000012","word":"civilization","mean":"n\u1ec1n v\u0103n minh","example":"","example_mean":"","num_ef":"0","time_date":"","next_time":"","num_n":"0","num_i":"0","max_q":"0","phonetic":"\/\u02ccs\u026av\u0259la\u026a\u02c8ze\u026a\u0283\u0259n\/","des":"n"},{"id_word":"101008348","id_subject":"101000392","id_course":"101000012","word":"civilize","mean":"l\u00e0m cho v\u0103n minh","example":"","example_mean":"","num_ef":"0","time_date":"","next_time":"","num_n":"0","num_i":"0","max_q":"0","phonetic":"\/\u02c8s\u026av\u026ala\u026az\/ ","des":"v"},{"id_word":"101008349","id_subject":"101000392","id_course":"101000012","word":"belief","mean":"ni\u1ec1m tin","example":"","example_mean":"","num_ef":"0","time_date":"","next_time":"","num_n":"0","num_i":"0","max_q":"0","phonetic":"\/b\u026a\u02c8li\u02d0f\/","des":"n"},{"id_word":"101008350","id_subject":"101000392","id_course":"101000012","word":"believe","mean":"tin","example":"","example_mean":"","num_ef":"0","time_date":"","next_time":"","num_n":"0","num_i":"0","max_q":"0","phonetic":"\/b\u026a\u02c8li\u02d0v\/ ","des":"v"},{"id_word":"101008351","id_subject":"101000392","id_course":"101000012","word":"believable","mean":"c\u00f3 th\u1ec3 tin \u0111\u01b0\u1ee3c, th\u1eadt ","example":"","example_mean":"","num_ef":"0","time_date":"","next_time":"","num_n":"0","num_i":"0","max_q":"0","phonetic":"\/b\u026a\u02c8li\u02d0v\u0259bl\u2006\u0329\/","des":"adj"},{"id_word":"101008352","id_subject":"101000392","id_course":"101000012","word":"childbearing","mean":"vi\u1ec7c sinh con","example":"","example_mean":"","num_ef":"0","time_date":"","next_time":"","num_n":"0","num_i":"0","max_q":"0","phonetic":"\/\u02c8t\u0283a\u026ald\u02ccbe\u0259r\u026a\u014b\/","des":"n"},{"id_word":"101008353","id_subject":"101000392","id_course":"101000012","word":"childrearing","mean":"vi\u1ec7c nu\u00f4i d\u1ea1y con ","example":"","example_mean":"","num_ef":"0","time_date":"","next_time":"","num_n":"0","num_i":"0","max_q":"0","phonetic":"\/\u02c8t\u0283a\u026ald,r\u026a\u0259r\u026a\u014b\/","des":"n"},{"id_word":"101008354","id_subject":"101000392","id_course":"101000012","word":"discrimination","mean":"s\u1ef1 ph\u00e2n bi\u1ec7t","example":"","example_mean":"","num_ef":"0","time_date":"","next_time":"","num_n":"0","num_i":"0","max_q":"0","phonetic":"\/d\u026a\u02ccskr\u026am\u026a\u02c8ne\u026a\u0283\u0259n\/ ","des":"n"},{"id_word":"101008355","id_subject":"101000392","id_course":"101000012","word":"discriminate","mean":"ph\u00e2n bi\u1ec7t","example":"","example_mean":"","num_ef":"0","time_date":"","next_time":"","num_n":"0","num_i":"0","max_q":"0","phonetic":"\/d\u026a\u02c8skr\u026am\u026ane\u026at\/","des":"v"},{"id_word":"101008356","id_subject":"101000392","id_course":"101000012","word":"intellectual","mean":"thu\u1ed9c tri th\u1ee9c","example":"","example_mean":"","num_ef":"0","time_date":"","next_time":"","num_n":"0","num_i":"0","max_q":"0","phonetic":"\/\u02cc\u026ant\u0259l\u02c8ekt\u0283u\u0259l\/","des":"adj"},{"id_word":"101008357","id_subject":"101000392","id_course":"101000012","word":"intellect","mean":"tr\u00ed tu\u1ec7","example":"","example_mean":"","num_ef":"0","time_date":"","next_time":"","num_n":"0","num_i":"0","max_q":"0","phonetic":"\/\u02c8\u026ant\u0259lekt\/","des":"n"},{"id_word":"101008358","id_subject":"101000392","id_course":"101000012","word":"intellectualize","mean":"tri th\u1ee9c h\u00f3a ","example":"","example_mean":"","num_ef":"0","time_date":"","next_time":"","num_n":"0","num_i":"0","max_q":"0","phonetic":"\/\u02cc\u026ant\u0259l\u02c8ekt\u0283u\u0259la\u026az\/","des":"v"},{"id_word":"101008359","id_subject":"101000392","id_course":"101000012","word":"involve","mean":"li\u00ean quan","example":"","example_mean":"","num_ef":"0","time_date":"","next_time":"","num_n":"0","num_i":"0","max_q":"0","phonetic":"\/\u026an\u02c8v\u0252lv\/","des":"v"},{"id_word":"101008360","id_subject":"101000392","id_course":"101000012","word":"involvement","mean":"s\u1ef1 tham gia ","example":"","example_mean":"","num_ef":"0","time_date":"","next_time":"","num_n":"0","num_i":"0","max_q":"0","phonetic":"\/\u026an\u02c8v\u0252lvm\u0259nt\/","des":"n"},{"id_word":"101008361","id_subject":"101000392","id_course":"101000012","word":"lose contact with","mean":"m\u1ea5t li\u00ean l\u1ea1c","example":"","example_mean":"","num_ef":"0","time_date":"","next_time":"","num_n":"0","num_i":"0","max_q":"0","phonetic":"\/lu\u02d0z \u02c8k\u0252nt\u00e6kt w\u026a\u00f0\/ ","des":"v"},{"id_word":"101008362","id_subject":"101000392","id_course":"101000012","word":"lose one's temper","mean":"m\u1ea5t b\u00ecnh t\u0129nh","example":"","example_mean":"","num_ef":"0","time_date":"","next_time":"","num_n":"0","num_i":"0","max_q":"0","phonetic":"\/lu\u02d0z w\u028cns \u02c8temp\u0259r\/ ","des":"v"},{"id_word":"101008363","id_subject":"101000392","id_course":"101000012","word":"lose touch with ","mean":"m\u1ea5t li\u00ean l\u1ea1c ","example":"","example_mean":"","num_ef":"0","time_date":"","next_time":"","num_n":"0","num_i":"0","max_q":"0","phonetic":"\/lu\u02d0z t\u028ct\u0283 w\u026a\u00f0\/ ","des":"v"},{"id_word":"101008364","id_subject":"101000392","id_course":"101000012","word":"sympathetic","mean":"th\u00f4ng c\u1ea3m","example":"","example_mean":"","num_ef":"0","time_date":"","next_time":"","num_n":"0","num_i":"0","max_q":"0","phonetic":"\/\u02ccs\u026amp\u0259\u02c8\u03b8et\u026ak\/","des":"adj"},{"id_word":"101008365","id_subject":"101000392","id_course":"101000012","word":"sympathy","mean":"m\u1ed1i thi\u1ec7n c\u1ea3m, th\u00f4ng c\u1ea3m ","example":"","example_mean":"","num_ef":"0","time_date":"","next_time":"","num_n":"0","num_i":"0","max_q":"0","phonetic":"\/\u02c8s\u026amp\u0259\u03b8i\/","des":"n"},{"id_word":"101008366","id_subject":"101000392","id_course":"101000012","word":"sympathize","mean":"c\u00f3 thi\u1ec7n c\u1ea3m ","example":"","example_mean":"","num_ef":"0","time_date":"","next_time":"","num_n":"0","num_i":"0","max_q":"0","phonetic":"\/\u02c8s\u026amp\u0259\u03b8a\u026az\/","des":"v"},{"id_word":"101008367","id_subject":"101000393","id_course":"101000012","word":"accelerate","mean":"th\u00fac \u0111\u1ea9y, t\u0103ng t\u1ed1c ","example":"","example_mean":"","num_ef":"0","time_date":"","next_time":"","num_n":"0","num_i":"0","max_q":"0","phonetic":"\/\u0259k\u02c8sel\u0259re\u026at\/","des":"v"},{"id_word":"101008368","id_subject":"101000393","id_course":"101000012","word":"acceleration","mean":"s\u1ef1 l\u00e0m nhanh th\u00eam","example":"","example_mean":"","num_ef":"0","time_date":"","next_time":"","num_n":"0","num_i":"0","max_q":"0","phonetic":"\/\u0259k\u02ccsel\u0259\u02c8re\u026a\u0283\u0259n\/","des":"n"},{"id_word":"101008369","id_subject":"101000393","id_course":"101000012","word":"accelerator","mean":"ch\u00e2n ga ","example":"","example_mean":"","num_ef":"0","time_date":"","next_time":"","num_n":"0","num_i":"0","max_q":"0","phonetic":"\/\u0259k\u02c8sel\u0259re\u026at\u0259r\/","des":"n"},{"id_word":"101008370","id_subject":"101000393","id_course":"101000012","word":"integration","mean":"s\u1ef1 h\u1ed9i nh\u1eadp","example":"","example_mean":"","num_ef":"0","time_date":"","next_time":"","num_n":"0","num_i":"0","max_q":"0","phonetic":"\/\u02cc\u026ant\u026a\u02c8gre\u026a\u0283\u0259n\/","des":"n"},{"id_word":"101008371","id_subject":"101000393","id_course":"101000012","word":"integrate","mean":"h\u1ee3p nh\u1ea5t, h\u1ed9i nh\u1eadp ","example":"","example_mean":"","num_ef":"0","time_date":"","next_time":"","num_n":"0","num_i":"0","max_q":"0","phonetic":"\/\u02c8\u026ant\u026agre\u026at\/","des":"v"},{"id_word":"101008372","id_subject":"101000393","id_course":"101000012","word":"integrated","mean":"h\u1ed9i nh\u1eadp ","example":"","example_mean":"","num_ef":"0","time_date":"","next_time":"","num_n":"0","num_i":"0","max_q":"0","phonetic":"\/\u02c8\u026ant\u026agre\u026at\u026ad\/","des":"adj"},{"id_word":"101008373","id_subject":"101000393","id_course":"101000012","word":"predominance","mean":"\u01b0u th\u1ebf","example":"","example_mean":"","num_ef":"0","time_date":"","next_time":"","num_n":"0","num_i":"0","max_q":"0","phonetic":"\/pr\u026a\u02c8d\u0252m\u026an\u0259ns\/","des":"n"},{"id_word":"101008374","id_subject":"101000393","id_course":"101000012","word":"predominant","mean":"\u01b0u th\u1ebf","example":"","example_mean":"","num_ef":"0","time_date":"","next_time":"","num_n":"0","num_i":"0","max_q":"0","phonetic":"\/pr\u026a\u02c8d\u0252m\u026an\u0259nt\/","des":"adj"},{"id_word":"101008375","id_subject":"101000393","id_course":"101000012","word":"stability","mean":"s\u1ef1 \u1ed5n \u0111\u1ecbnh ","example":"","example_mean":"","num_ef":"0","time_date":"","next_time":"","num_n":"0","num_i":"0","max_q":"0","phonetic":"\/st\u0259\u02c8b\u026al\u026ati\/","des":"n"},{"id_word":"101008376","id_subject":"101000393","id_course":"101000012","word":"stable","mean":"\u1ed5n \u0111\u1ecbnh ","example":"","example_mean":"","num_ef":"0","time_date":"","next_time":"","num_n":"0","num_i":"0","max_q":"0","phonetic":"\/\u02c8ste\u026abl\u2006\u0329\/","des":"adj"},{"id_word":"101008377","id_subject":"101000393","id_course":"101000012","word":"Islam","mean":"H\u1ed3i gi\u00e1o","example":"","example_mean":"","num_ef":"0","time_date":"","next_time":"","num_n":"0","num_i":"0","max_q":"0","phonetic":"\/\u02c8\u026az.l\u0251\u02d0m\/","des":"n"},{"id_word":"101008378","id_subject":"101000393","id_course":"101000012","word":"Islamic","mean":"thu\u1ed9c H\u1ed3i gi\u00e1o","example":"","example_mean":"","num_ef":"0","time_date":"","next_time":"","num_n":"0","num_i":"0","max_q":"0","phonetic":"\/\u026az\u02c8l\u00e6m\u026ak\/","des":"adj"},{"id_word":"101008379","id_subject":"101000393","id_course":"101000012","word":"muslim","mean":"ng\u01b0\u1eddi theo \u0111\u1ea1o H\u1ed3i ","example":"","example_mean":"","num_ef":"0","time_date":"","next_time":"","num_n":"0","num_i":"0","max_q":"0","phonetic":"\/\u02c8m\u028azl\u026am\/","des":"n"},{"id_word":"101008380","id_subject":"101000393","id_course":"101000012","word":"Buddhism","mean":"Ph\u1eadt gi\u00e1o","example":"","example_mean":"","num_ef":"0","time_date":"","next_time":"","num_n":"0","num_i":"0","max_q":"0","phonetic":"\/\u02c8b\u028ad\u026az\u0259m\/ ","des":"n"},{"id_word":"101008381","id_subject":"101000393","id_course":"101000012","word":"Buddhist","mean":"thu\u1ed9c Ph\u1eadt gi\u00e1o ","example":"","example_mean":"","num_ef":"0","time_date":"","next_time":"","num_n":"0","num_i":"0","max_q":"0","phonetic":"\/\u02c8b\u028ad\u026ast\/ ","des":"adj"},{"id_word":"101008382","id_subject":"101000393","id_course":"101000012","word":"Catholicism","mean":"C\u00f4ng gi\u00e1o ","example":"","example_mean":"","num_ef":"0","time_date":"","next_time":"","num_n":"0","num_i":"0","max_q":"0","phonetic":"\/k\u0259\u02c8\u03b8\u0252l\u026as\u026az\u0259m\/","des":"n"},{"id_word":"101008383","id_subject":"101000393","id_course":"101000012","word":"Christianity","mean":"Kit\u00f4 gi\u00e1o ","example":"","example_mean":"","num_ef":"0","time_date":"","next_time":"","num_n":"0","num_i":"0","max_q":"0","phonetic":"\/\u02cckr\u026asti\u02c8\u00e6n\u026ati\/","des":"n"},{"id_word":"101008384","id_subject":"101000393","id_course":"101000012","word":"imperialism","mean":"ch\u1ee7 ngh\u0129a \u0111\u1ebf qu\u1ed1c","example":"","example_mean":"","num_ef":"0","time_date":"","next_time":"","num_n":"0","num_i":"0","max_q":"0","phonetic":"\/\u026am\u02c8p\u026a\u0259ri\u0259l\u026az\u0259m\/","des":"n"},{"id_word":"101008385","id_subject":"101000393","id_course":"101000012","word":"imperial","mean":"thu\u1ed9c \u0111\u1ebf qu\u1ed1c","example":"","example_mean":"","num_ef":"0","time_date":"","next_time":"","num_n":"0","num_i":"0","max_q":"0","phonetic":"\/\u026am\u02c8p\u026a\u0259ri\u0259l\/","des":"adj"},{"id_word":"101008386","id_subject":"101000393","id_course":"101000012","word":"empire","mean":"\u0111\u1ebf qu\u1ed1c","example":"","example_mean":"","num_ef":"0","time_date":"","next_time":"","num_n":"0","num_i":"0","max_q":"0","phonetic":"\/\u02c8empa\u026a\u0259r\/","des":"n"},{"id_word":"101008387","id_subject":"101000393","id_course":"101000012","word":"emperor","mean":"ho\u00e0ng \u0111\u1ebf ","example":"","example_mean":"","num_ef":"0","time_date":"","next_time":"","num_n":"0","num_i":"0","max_q":"0","phonetic":"\/\u02c8emp\u0259r\u0259\/","des":"n"},{"id_word":"101008388","id_subject":"101000393","id_course":"101000012","word":"currency","mean":"ti\u1ec1n t\u1ec7","example":"","example_mean":"","num_ef":"0","time_date":"","next_time":"","num_n":"0","num_i":"0","max_q":"0","phonetic":"\/\u02c8k\u028cr\u0259nsi\/","des":""}]