[{"id":"101000156","name":"Th\u00f4ng d\u1ee5ng trong kinh doanh","id_course":"101000004","mean":"","total":"35","num_word":"","time_date":""},{"id":"101000157","name":"Thu\u1eadt ng\u1eef vi\u1ebft t\u1eaft","id_course":"101000004","mean":"","total":"25","num_word":"","time_date":""},{"id":"101000158","name":"Th\u00e0nh ng\u1eef kinh doanh","id_course":"101000004","mean":"","total":"24","num_word":"","time_date":""},{"id":"101000159","name":"T\u00e0i ch\u00ednh","id_course":"101000004","mean":"","total":"47","num_word":"","time_date":""},{"id":"101000160","name":"C\u00f4ng ngh\u1ec7 th\u00f4ng tin","id_course":"101000004","mean":"","total":"49","num_word":"","time_date":""},{"id":"101000161","name":"M\u1eadu d\u1ecbch qu\u1ed1c t\u1ebf","id_course":"101000004","mean":"","total":"47","num_word":"","time_date":""}]