[{"id_word":"101002957","id_subject":"101000156","id_course":"101000004","word":"an owner","mean":"ch\u1ee7 s\u1edf h\u1eefu","example":"","example_mean":"","num_ef":"0","time_date":"","next_time":"","num_n":"0","num_i":"0","max_q":"0","phonetic":"\/\u00b4oun\u0259\/","des":"a person who owns something"},{"id_word":"101002958","id_subject":"101000156","id_course":"101000004","word":"an agent","mean":"\u0111\u1ea1i l\u00fd","example":"","example_mean":"","num_ef":"0","time_date":"","next_time":"","num_n":"0","num_i":"0","max_q":"0","phonetic":"\/\u02c8e\u026ad\u0292\u0259nt\/","des":"a person whose job is to act for, or manage the affairs of, other people in business"},{"id_word":"101002959","id_subject":"101000156","id_course":"101000004","word":"capital","mean":"v\u1ed1n","example":"","example_mean":"","num_ef":"0","time_date":"","next_time":"","num_n":"0","num_i":"0","max_q":"0","phonetic":"\/\u02c8k\u00e6p\u026atl\/","des":""},{"id_word":"101002960","id_subject":"101000156","id_course":"101000004","word":"an investment","mean":"s\u1ef1 \u0111\u1ea7u t\u01b0; v\u1ed1n \u0111\u1ea7u t\u01b0","example":"","example_mean":"","num_ef":"0","time_date":"","next_time":"","num_n":"0","num_i":"0","max_q":"0","phonetic":"\/in'vestm\u0259nt\/","des":"The action or process of investing money for profit"},{"id_word":"101002961","id_subject":"101000156","id_course":"101000004","word":"a consumer","mean":"ng\u01b0\u1eddi ti\u00eau d\u00f9ng","example":"","example_mean":"","num_ef":"0","time_date":"","next_time":"","num_n":"0","num_i":"0","max_q":"0","phonetic":"\/k\u0259n\u02c8sju\u02d0m\u0259\/","des":"A person who purchases goods and services for personal use"},{"id_word":"101002962","id_subject":"101000156","id_course":"101000004","word":"commercial","mean":"th\u01b0\u01a1ng m\u1ea1i","example":"","example_mean":"","num_ef":"0","time_date":"","next_time":"","num_n":"0","num_i":"0","max_q":"0","phonetic":"\/k\u0259\u02c8m\u025c\u02d0\u0283l\/","des":"Making or intended to make a profit"},{"id_word":"101002963","id_subject":"101000156","id_course":"101000004","word":"an attorney","mean":"ng\u01b0\u1eddi \u0111\u01b0\u1ee3c \u1ee7y quy\u1ec1n","example":"","example_mean":"","num_ef":"0","time_date":"","next_time":"","num_n":"0","num_i":"0","max_q":"0","phonetic":"\/\u0259't\u0437:ni\/","des":"A person, typically a lawyer, appointed to act for another in business or legal matters"},{"id_word":"101002964","id_subject":"101000156","id_course":"101000004","word":"a professional","mean":"chuy\u00ean gia","example":"","example_mean":"","num_ef":"0","time_date":"","next_time":"","num_n":"0","num_i":"0","max_q":"0","phonetic":"\/pr\u0259'fe\u0283\u0259nl\/","des":"A person engaged or qualified in a profession"},{"id_word":"101002965","id_subject":"101000156","id_course":"101000004","word":"a customer","mean":"kh\u00e1ch h\u00e0ng","example":"","example_mean":"","num_ef":"0","time_date":"","next_time":"","num_n":"0","num_i":"0","max_q":"0","phonetic":"\/\u02c8k\u028cst\u0259m\u0259\/","des":"A person who buys goods or services from a shop or business"},{"id_word":"101002966","id_subject":"101000156","id_course":"101000004","word":"global","mean":"to\u00e0n c\u1ea7u","example":"","example_mean":"","num_ef":"0","time_date":"","next_time":"","num_n":"0","num_i":"0","max_q":"0","phonetic":"\/\u02c8gl\u0259\u028ab\u0259l\/","des":"Relating to the whole world; worldwide"},{"id_word":"101002967","id_subject":"101000156","id_course":"101000004","word":"a reform","mean":"c\u1ea3i c\u00e1ch","example":"","example_mean":"","num_ef":"0","time_date":"","next_time":"","num_n":"0","num_i":"0","max_q":"0","phonetic":"\/r\u026a\u02c8f\u0254\u02d0m\/","des":"Make changes in order to improve"},{"id_word":"101002968","id_subject":"101000156","id_course":"101000004","word":"a credit","mean":"s\u1ef1 vay n\u1ee3; t\u00edn d\u1ee5ng","example":"","example_mean":"","num_ef":"0","time_date":"","next_time":"","num_n":"0","num_i":"0","max_q":"0","phonetic":"\/\u02c8kr\u025bd\u026at\/","des":"The ability of a customer to obtain goods or services before payment, based on the trust that payment will be made in the future"},{"id_word":"101002969","id_subject":"101000156","id_course":"101000004","word":"an income","mean":"thu nh\u1eadp","example":"","example_mean":"","num_ef":"0","time_date":"","next_time":"","num_n":"0","num_i":"0","max_q":"0","phonetic":" \/\u02c8\u026ank\u028cm\/","des":"Money received for work or through investments"},{"id_word":"101002970","id_subject":"101000156","id_course":"101000004","word":"an insurance","mean":"b\u1ea3o hi\u1ec3m","example":"","example_mean":"","num_ef":"0","time_date":"","next_time":"","num_n":"0","num_i":"0","max_q":"0","phonetic":"\/in'\u0283u\u0259r\u0259ns\/","des":"An arrangement by which a company or the state undertakes to provide a guarantee of compensation for specified loss, damage, illness, or death in return for payment of a specified premium"},{"id_word":"101002971","id_subject":"101000156","id_course":"101000004","word":"future","mean":"t\u01b0\u01a1ng lai","example":"","example_mean":"","num_ef":"0","time_date":"","next_time":"","num_n":"0","num_i":"0","max_q":"0","phonetic":"\/'fju:t\u0283\u0259\/","des":"A period of time following the moment of speaking or writing; time regarded as still to come"},{"id_word":"101002972","id_subject":"101000156","id_course":"101000004","word":"to earn","mean":"ki\u1ebfm \u0111\u01b0\u1ee3c","example":"","example_mean":"","num_ef":"0","time_date":"","next_time":"","num_n":"0","num_i":"0","max_q":"0","phonetic":"\/\u0259\u02d0n\/","des":"Obtain (money) in return for labour or services"},{"id_word":"101002973","id_subject":"101000156","id_course":"101000004","word":"to contribute","mean":"\u0111\u00f3ng g\u00f3p","example":"","example_mean":"","num_ef":"0","time_date":"","next_time":"","num_n":"0","num_i":"0","max_q":"0","phonetic":"\/k\u0259n\u02c8tr\u026abju\u02d0t\/","des":"Give (something, especially money) in order to help achieve or provide something"},{"id_word":"101002974","id_subject":"101000156","id_course":"101000004","word":"annual","mean":"th\u01b0\u1eddng ni\u00ean","example":"","example_mean":"","num_ef":"0","time_date":"","next_time":"","num_n":"0","num_i":"0","max_q":"0","phonetic":"\/\u02c8anj\u028a\u0259l\/","des":"Occurring once every year"},{"id_word":"101002975","id_subject":"101000156","id_course":"101000004","word":"a procedure","mean":"th\u1ee7 t\u1ee5c","example":"","example_mean":"","num_ef":"0","time_date":"","next_time":"","num_n":"0","num_i":"0","max_q":"0","phonetic":"\/pr\u0259\u00b4si:d\u0292\u0259\/","des":"An established or official way of doing something"},{"id_word":"101002976","id_subject":"101000156","id_course":"101000004","word":"a chairman","mean":"ch\u1ee7 t\u1ecbch","example":"","example_mean":"","num_ef":"0","time_date":"","next_time":"","num_n":"0","num_i":"0","max_q":"0","phonetic":"\/\u02c8t\u0283\u025b\u02d0m\u0259n\/","des":"The permanent or long-term president of a committee, company, or other organization"},{"id_word":"101002977","id_subject":"101000156","id_course":"101000004","word":"a document","mean":"t\u00e0i li\u1ec7u","example":"","example_mean":"","num_ef":"0","time_date":"","next_time":"","num_n":"0","num_i":"0","max_q":"0","phonetic":"\/'d\u0252kj\u028am\u0259nt\/","des":"A piece of written, printed, or electronic matter that provides information or evidence or that serves as an official record"},{"id_word":"101002978","id_subject":"101000156","id_course":"101000004","word":"a committee","mean":"\u1ee7y ban","example":"","example_mean":"","num_ef":"0","time_date":"","next_time":"","num_n":"0","num_i":"0","max_q":"0","phonetic":"\/k\u0259'miti\/","des":"A group of people appointed for a specific function by a larger group and typically consisting of members of that group"},{"id_word":"101002979","id_subject":"101000156","id_course":"101000004","word":"an exchange","mean":"trao \u0111\u1ed5i","example":"","example_mean":"","num_ef":"0","time_date":"","next_time":"","num_n":"0","num_i":"0","max_q":"0","phonetic":" \/\u026aks\u02c8t\u0283e\u026and\u0292\/","des":"An act of giving one thing and receiving another in return"},{"id_word":"101002980","id_subject":"101000156","id_course":"101000004","word":"a colleague","mean":"\u0111\u1ed3ng nghi\u1ec7p","example":"","example_mean":"","num_ef":"0","time_date":"","next_time":"","num_n":"0","num_i":"0","max_q":"0","phonetic":"\/\u02c8k\u0252li:g\/","des":"A person with whom one works in a profession or business"},{"id_word":"101002981","id_subject":"101000156","id_course":"101000004","word":"an application","mean":"\u0111\u01a1n xin","example":"","example_mean":"","num_ef":"0","time_date":"","next_time":"","num_n":"0","num_i":"0","max_q":"0","phonetic":"\/\u00e6pl\u026a'ke\u026a\u0283n\/","des":"A formal request; the action of putting something into operation"},{"id_word":"101002982","id_subject":"101000156","id_course":"101000004","word":"corporate","mean":"c\u00f4ng ty","example":"","example_mean":"","num_ef":"0","time_date":"","next_time":"","num_n":"0","num_i":"0","max_q":"0","phonetic":"\/\u02c8k\u0254\u02d0p\u0259r\u0259t\/","des":"Relating to a large company or group"},{"id_word":"101002983","id_subject":"101000156","id_course":"101000004","word":"a revenue","mean":"thu nh\u1eadp; doanh thu","example":"","example_mean":"","num_ef":"0","time_date":"","next_time":"","num_n":"0","num_i":"0","max_q":"0","phonetic":"\/\u02c8r\u025bv\u0259nju\u02d0\/","des":"Income"},{"id_word":"101002984","id_subject":"101000156","id_course":"101000004","word":"to generate","mean":"sinh ra; ph\u00e1t sinh","example":"","example_mean":"","num_ef":"0","time_date":"","next_time":"","num_n":"0","num_i":"0","max_q":"0","phonetic":"\/\u02c8d\u0292\u025bn\u0259re\u026at\/","des":"Produce or create"},{"id_word":"101002985","id_subject":"101000156","id_course":"101000004","word":"an investor","mean":"nh\u00e0 \u0111\u1ea7u t\u01b0","example":"","example_mean":"","num_ef":"0","time_date":"","next_time":"","num_n":"0","num_i":"0","max_q":"0","phonetic":"\/in\u00b4vest\u0259\/","des":"A person or organization that puts money into financial schemes, property, etc. with the expectation of achieving a profit"},{"id_word":"101002986","id_subject":"101000156","id_course":"101000004","word":"a profit","mean":"l\u1ee3i nhu\u1eadn","example":"","example_mean":"","num_ef":"0","time_date":"","next_time":"","num_n":"0","num_i":"0","max_q":"0","phonetic":"\/\u02c8pr\u0252f\u026at\/","des":"Advantage; benefit"},{"id_word":"101002987","id_subject":"101000156","id_course":"101000004","word":"a fee","mean":"chi ph\u00ed","example":"","example_mean":"","num_ef":"0","time_date":"","next_time":"","num_n":"0","num_i":"0","max_q":"0","phonetic":"\/fi\u02d0\/","des":"A payment made to a professional person or to a professional or public body in exchange for advice or services"},{"id_word":"101002988","id_subject":"101000156","id_course":"101000004","word":"a debt","mean":"m\u00f3n n\u1ee3","example":"","example_mean":"","num_ef":"0","time_date":"","next_time":"","num_n":"0","num_i":"0","max_q":"0","phonetic":"\/d\u025bt\/","des":"A sum of money that is owed or due"},{"id_word":"101002989","id_subject":"101000156","id_course":"101000004","word":"a bond","mean":"tr\u00e1i phi\u1ebfu","example":"","example_mean":"","num_ef":"0","time_date":"","next_time":"","num_n":"0","num_i":"0","max_q":"0","phonetic":"\/b\u0254nd\/","des":"A certificate issued by a government or a public company promising to repay borrowed money at a fixed rate of interest at a specified time"},{"id_word":"101002990","id_subject":"101000156","id_course":"101000004","word":"to employ","mean":"thu\u00ea ng\u01b0\u1eddi","example":"","example_mean":"","num_ef":"0","time_date":"","next_time":"","num_n":"0","num_i":"0","max_q":"0","phonetic":"\/\u026am\u02c8pl\u0254\u026a\/","des":"Give work to (someone) and pay them for it"},{"id_word":"101002991","id_subject":"101000156","id_course":"101000004","word":"a sector","mean":"khu v\u1ef1c; l\u0129nh v\u1ef1c","example":"","example_mean":"","num_ef":"0","time_date":"","next_time":"","num_n":"0","num_i":"0","max_q":"0","phonetic":"\/\u02c8s\u025bkt\u0259r\/","des":"An area or portion that is distinct from others"},{"id_word":"101002992","id_subject":"101000157","id_course":"101000004","word":"AGM","mean":"cu\u1ed9c h\u1ecdp h\u1ed9i \u0111\u1ed3ng th\u01b0\u1eddng ni\u00ean","example":"","example_mean":"","num_ef":"0","time_date":"","next_time":"","num_n":"0","num_i":"0","max_q":"0","phonetic":"\/\u02cce\u026a d\u0292i\u02d0 \u02c8em\/","des":""},{"id_word":"101002993","id_subject":"101000157","id_course":"101000004","word":"AOB","mean":"m\u1ecdi v\u1ea5n \u0111\u1ec1 kh\u00e1c","example":"","example_mean":"","num_ef":"0","time_date":"","next_time":"","num_n":"0","num_i":"0","max_q":"0","phonetic":"\/\u02cce\u026a \u0259\u028a \u02c8bi\u02d0\/","des":""},{"id_word":"101002994","id_subject":"101000157","id_course":"101000004","word":"ASAP","mean":"c\u00e0ng nhanh c\u00e0ng t\u1ed1t","example":"","example_mean":"","num_ef":"0","time_date":"","next_time":"","num_n":"0","num_i":"0","max_q":"0","phonetic":"\/\u02c8e\u026as\u00e6p\/","des":""},{"id_word":"101002995","id_subject":"101000157","id_course":"101000004","word":"CEO","mean":"t\u1ed5ng gi\u00e1m \u0111\u1ed1c \u0111i\u1ec1u h\u00e0nh","example":"","example_mean":"","num_ef":"0","time_date":"","next_time":"","num_n":"0","num_i":"0","max_q":"0","phonetic":"\/\u02ccsi\u02d0 i\u02d0 \u02c8\u0259\u028a\/","des":""},{"id_word":"101002996","id_subject":"101000157","id_course":"101000004","word":"CFO","mean":"t\u1ed5ng gi\u00e1m \u0111\u1ed1c t\u00e0i ch\u00ednh","example":"","example_mean":"","num_ef":"0","time_date":"","next_time":"","num_n":"0","num_i":"0","max_q":"0","phonetic":"\/\u02ccsi \u025bf \u02c8o\u028a\/ ","des":""},{"id_word":"101002997","id_subject":"101000157","id_course":"101000004","word":"EBIT","mean":"thu nh\u1eadp tr\u01b0\u1edbc l\u00e3i v\u00e0 thu\u1ebf","example":"","example_mean":"","num_ef":"0","time_date":"","next_time":"","num_n":"0","num_i":"0","max_q":"0","phonetic":"\/\u02c8eb\u026at\/","des":""},{"id_word":"101002998","id_subject":"101000157","id_course":"101000004","word":"EBITDA","mean":"thu nh\u1eadp tr\u01b0\u1edbc thu\u1ebf v\u00e0 kh\u1ea5u hao","example":"","example_mean":"","num_ef":"0","time_date":"","next_time":"","num_n":"0","num_i":"0","max_q":"0","phonetic":"\/\u02c8eb\u026ad\u0259\/","des":""},{"id_word":"101002999","id_subject":"101000157","id_course":"101000004","word":"ARPU","mean":"doanh thu trung b\u00ecnh tr\u00ean m\u1ed9t kh\u00e1ch h\u00e0ng","example":"","example_mean":"","num_ef":"0","time_date":"","next_time":"","num_n":"0","num_i":"0","max_q":"0","phonetic":"\/\u0251\u02d0\u02c8pju\/","des":""},{"id_word":"101003000","id_subject":"101000157","id_course":"101000004","word":"CPU","mean":"\u0111\u01a1n v\u1ecb ph\u00ed t\u1ed5n","example":"","example_mean":"","num_ef":"0","time_date":"","next_time":"","num_n":"0","num_i":"0","max_q":"0","phonetic":"\/\u02ccsi\u02d0 pi\u02d0 \u02c8ju\u02d0\/","des":""},{"id_word":"101003001","id_subject":"101000157","id_course":"101000004","word":"WACC","mean":"trung b\u00ecnh tr\u1ecdng s\u1ed1 chi ph\u00ed v\u1ed1n","example":"","example_mean":"","num_ef":"0","time_date":"","next_time":"","num_n":"0","num_i":"0","max_q":"0","phonetic":"\/\u02c8d\u028cblju\u02d0 e\u026a \u02c8si\u02d0 si:\/","des":""},{"id_word":"101003002","id_subject":"101000157","id_course":"101000004","word":"LBO","mean":"mua l\u1ea1i v\u00e0 s\u00e1t nh\u1eadp doanh nghi\u1ec7p b\u1eb1ng ngu\u1ed3n t\u00e0i ch\u00ednh \u0111i vay","example":"","example_mean":"","num_ef":"0","time_date":"","next_time":"","num_n":"0","num_i":"0","max_q":"0","phonetic":"\/el: bi\u02d0 \u02c8\u0259\u028a\/","des":""},{"id_word":"101003003","id_subject":"101000157","id_course":"101000004","word":"CAPEX","mean":"chi ph\u00ed v\u1ed1n c\u00f3 th\u1ec3 t\u1ea1o ra l\u1ee3i \u00edch trong t\u01b0\u01a1ng lai","example":"","example_mean":"","num_ef":"0","time_date":"","next_time":"","num_n":"0","num_i":"0","max_q":"0","phonetic":"\/'ke\u026apeks\/","des":""},{"id_word":"101003004","id_subject":"101000157","id_course":"101000004","word":"CAGR","mean":"t\u1ec9 l\u1ec7 t\u0103ng tr\u01b0\u1edfng h\u00e0ng n\u0103m k\u00e9p","example":"","example_mean":"","num_ef":"0","time_date":"","next_time":"","num_n":"0","num_i":"0","max_q":"0","phonetic":"\/si: ei: d\u0292i\u02d0 \u0251\u02d0r\/","des":""},{"id_word":"101003005","id_subject":"101000157","id_course":"101000004","word":"YOY","mean":"so v\u1edbi th\u1eddi \u0111i\u1ec3m n\u00e0y n\u0103m ngo\u00e1i","example":"","example_mean":"","num_ef":"0","time_date":"","next_time":"","num_n":"0","num_i":"0","max_q":"0","phonetic":"\/'j\u0259\u028awa\u026a\/","des":""},{"id_word":"101003006","id_subject":"101000157","id_course":"101000004","word":"GDP","mean":"t\u1ed5ng s\u1ea3n ph\u1ea9m qu\u1ed1c n\u1ed9i","example":"","example_mean":"","num_ef":"0","time_date":"","next_time":"","num_n":"0","num_i":"0","max_q":"0","phonetic":"\/\u02ccd\u0292i\u02d0 di\u02d0 \u02c8pi\u02d0\/","des":""},{"id_word":"101003007","id_subject":"101000157","id_course":"101000004","word":"IPO","mean":"ph\u00e1t h\u00e0nh ch\u1ee9ng kho\u00e1ng l\u1ea7n \u0111\u1ea7u ra c\u00f4ng ch\u00fang","example":"","example_mean":"","num_ef":"0","time_date":"","next_time":"","num_n":"0","num_i":"0","max_q":"0","phonetic":"\/\u02cca\u026a pi \u02c8o\u028a\/","des":""},{"id_word":"101003008","id_subject":"101000157","id_course":"101000004","word":"attn","mean":"xin \u0111\u01b0\u1ee3c g\u1eedi \u0111\u1ebfn","example":"","example_mean":"","num_ef":"0","time_date":"","next_time":"","num_n":"0","num_i":"0","max_q":"0","phonetic":"\/\u0259\u02c8ten\u0283n\/","des":""},{"id_word":"101003009","id_subject":"101000157","id_course":"101000004","word":"B2B","mean":"doanh nghi\u1ec7p \u0111\u1ebfn doanh nghi\u1ec7p","example":"","example_mean":"","num_ef":"0","time_date":"","next_time":"","num_n":"0","num_i":"0","max_q":"0","phonetic":"\/\u02ccbi\u02d0 t\u0259 \u02c8bi\u02d0\/","des":""},{"id_word":"101003010","id_subject":"101000157","id_course":"101000004","word":"B2C","mean":"doanh nghi\u1ec7p \u0111\u1ebfn ng\u01b0\u1eddi ti\u00eau d\u00f9ng","example":"","example_mean":"","num_ef":"0","time_date":"","next_time":"","num_n":"0","num_i":"0","max_q":"0","phonetic":"\/\u02ccbi\u02d0 t\u0259 \u02c8si\u02d0\/","des":""},{"id_word":"101003011","id_subject":"101000157","id_course":"101000004","word":"VAT","mean":"thu\u1ebf gi\u00e1 tr\u1ecb gia t\u0103ng","example":"","example_mean":"","num_ef":"0","time_date":"","next_time":"","num_n":"0","num_i":"0","max_q":"0","phonetic":"\/v\u00e6t\/","des":""},{"id_word":"101003012","id_subject":"101000157","id_course":"101000004","word":"R&D","mean":"nghi\u00ean c\u1ee9u v\u00e0 ph\u00e1t tri\u1ec3n","example":"","example_mean":"","num_ef":"0","time_date":"","next_time":"","num_n":"0","num_i":"0","max_q":"0","phonetic":"\/(\u0251\u02d0\u00f0)\/","des":""},{"id_word":"101003013","id_subject":"101000157","id_course":"101000004","word":"ETA","mean":"th\u1eddi gian d\u1ef1 ki\u1ebfn \u0111\u1ebfn","example":"","example_mean":"","num_ef":"0","time_date":"","next_time":"","num_n":"0","num_i":"0","max_q":"0","phonetic":"\/\u02c8i\u02d0t\u0259\/","des":""},{"id_word":"101003014","id_subject":"101000157","id_course":"101000004","word":"TBD","mean":"s\u1ebd \u0111\u01b0\u1ee3c quy\u1ebft \u0111\u1ecbnh sau","example":"","example_mean":"","num_ef":"0","time_date":"","next_time":"","num_n":"0","num_i":"0","max_q":"0","phonetic":"\/ti\u02d0d\/","des":""},{"id_word":"101003015","id_subject":"101000157","id_course":"101000004","word":"EOB","mean":"k\u1ebft th\u00fac giao d\u1ecbch","example":"","example_mean":"","num_ef":"0","time_date":"","next_time":"","num_n":"0","num_i":"0","max_q":"0","phonetic":"\/i\u02d0\u0259\u028abi\u02d0\/","des":""},{"id_word":"101003016","id_subject":"101000157","id_course":"101000004","word":"WFH","mean":"l\u00e0m vi\u1ec7c t\u1eeb xa","example":"","example_mean":"","num_ef":"0","time_date":"","next_time":"","num_n":"0","num_i":"0","max_q":"0","phonetic":"\/\u02c8d\u028cblju\u02d0efe\u026at\u0283\/","des":""},{"id_word":"101003017","id_subject":"101000158","id_course":"101000004","word":"black market","mean":"ch\u1ee3 \u0111en","example":"","example_mean":"","num_ef":"0","time_date":"","next_time":"","num_n":"0","num_i":"0","max_q":"0","phonetic":"\/bl\u00e6k\u02c8m\u0251\u02d0k\u026at\/","des":""},{"id_word":"101003018","id_subject":"101000158","id_course":"101000004","word":"blank cheque","mean":"chi phi\u1ebfu tr\u1eafng","example":"","example_mean":"","num_ef":"0","time_date":"","next_time":"","num_n":"0","num_i":"0","max_q":"0","phonetic":"\/bl\u00e6\u014b'kt\u0283ek\/","des":""},{"id_word":"101003019","id_subject":"101000158","id_course":"101000004","word":"above board","mean":"h\u1ee3p ph\u00e1p v\u00e0 ngay th\u1eb3ng","example":"","example_mean":"","num_ef":"0","time_date":"","next_time":"","num_n":"0","num_i":"0","max_q":"0","phonetic":"\/\u0259\u02c8b\u028cv'b\u0254\u02d0d\/","des":""},{"id_word":"101003020","id_subject":"101000158","id_course":"101000004","word":"to break your back","mean":"c\u1ed1 g\u1eafng l\u00e0m m\u1ed9t vi\u1ec7c r\u1ea5t kh\u00f3 kh\u0103n","example":"","example_mean":"","num_ef":"0","time_date":"","next_time":"","num_n":"0","num_i":"0","max_q":"0","phonetic":"\/t\u0259 bre\u026ak j\u0254\u02d0 b\u00e6k\/","des":""},{"id_word":"101003021","id_subject":"101000158","id_course":"101000004","word":"piece of cake","mean":"r\u1ea5t d\u1ec5 d\u00e0ng","example":"","example_mean":"","num_ef":"0","time_date":"","next_time":"","num_n":"0","num_i":"0","max_q":"0","phonetic":"\/pi\u02d0s \u0259v ke\u026ak\/","des":""},{"id_word":"101003022","id_subject":"101000158","id_course":"101000004","word":"calculated risk","mean":"s\u1ef1 r\u1ee7i ro \u0111\u01b0\u1ee3c d\u1ef1 li\u1ec7u","example":"","example_mean":"","num_ef":"0","time_date":"","next_time":"","num_n":"0","num_i":"0","max_q":"0","phonetic":"\/\u02c8k\u00e6lkjule\u026at\u026ad r\u026ask\/","des":""},{"id_word":"101003023","id_subject":"101000158","id_course":"101000004","word":"to call the shots","mean":"ch\u1ecbu tr\u00e1ch nhi\u1ec7m","example":"","example_mean":"","num_ef":"0","time_date":"","next_time":"","num_n":"0","num_i":"0","max_q":"0","phonetic":"\/t\u0259 k\u0254\u02d0l \u00f0\u0259 \u0283\u0252ts\/","des":""},{"id_word":"101003024","id_subject":"101000158","id_course":"101000004","word":"can of worms","mean":"t\u1eadp h\u1ee3p c\u00e1c v\u1ea5n \u0111\u1ec1","example":"","example_mean":"","num_ef":"0","time_date":"","next_time":"","num_n":"0","num_i":"0","max_q":"0","phonetic":"\/k\u0259n \u0259v w\u025c\u02d0ms\/","des":""},{"id_word":"101003025","id_subject":"101000158","id_course":"101000004","word":"to be in cahoots with (someone)","mean":"c\u1ea5u k\u1ebft l\u00e0m vi\u1ec7c x\u1ea5u","example":"","example_mean":"","num_ef":"0","time_date":"","next_time":"","num_n":"0","num_i":"0","max_q":"0","phonetic":"\/t\u0259 bi in k\u0259\u02c8hu\u02d0ts w\u026a\u00f0\/","des":""},{"id_word":"101003026","id_subject":"101000158","id_course":"101000004","word":"daylight robbery","mean":"gi\u00e1 qu\u00e1 cao (c\u01b0\u1edbp ng\u00e0y)","example":"","example_mean":"","num_ef":"0","time_date":"","next_time":"","num_n":"0","num_i":"0","max_q":"0","phonetic":"\/\u02c8de\u026ala\u026at r\u0252b\u0259ri\/","des":""},{"id_word":"101003027","id_subject":"101000158","id_course":"101000004","word":"dead cert","mean":"ch\u1eafc ch\u1eafn s\u1ebd di\u1ec5n ra","example":"","example_mean":"","num_ef":"0","time_date":"","next_time":"","num_n":"0","num_i":"0","max_q":"0","phonetic":"\/ded s\u025c\u02d0t\/","des":""},{"id_word":"101003028","id_subject":"101000158","id_course":"101000004","word":"dead duck","mean":"ch\u1eafc ch\u1eafn s\u1ebd th\u1ea5t b\u1ea1i","example":"","example_mean":"","num_ef":"0","time_date":"","next_time":"","num_n":"0","num_i":"0","max_q":"0","phonetic":"\/ded d\u028ck\/","des":""},{"id_word":"101003029","id_subject":"101000158","id_course":"101000004","word":"eager beaver","mean":"ng\u01b0\u1eddi nhi\u1ec7t t\u00ecnh","example":"","example_mean":"","num_ef":"0","time_date":"","next_time":"","num_n":"0","num_i":"0","max_q":"0","phonetic":"\/\u02c8i\u02d0\u0261\u0259 bi\u02d0v\u0259\/","des":""},{"id_word":"101003030","id_subject":"101000158","id_course":"101000004","word":"music to your ears","mean":"\u0111i\u1ec1u l\u00e0m cho m\u1ed9t ng\u01b0\u1eddi h\u1ea1nh ph\u00fac sau khi nghe","example":"","example_mean":"","num_ef":"0","time_date":"","next_time":"","num_n":"0","num_i":"0","max_q":"0","phonetic":"\/\u02c8mju\u02d0z\u026ak tu j\u0254\u02d0 \u026a\u0259s\/","des":""},{"id_word":"101003031","id_subject":"101000158","id_course":"101000004","word":"easier said than done","mean":"n\u00f3i th\u00ec d\u1ec5 h\u01a1n l\u00e0m","example":"","example_mean":"","num_ef":"0","time_date":"","next_time":"","num_n":"0","num_i":"0","max_q":"0","phonetic":"\u02c8i\u02d0zi\u0259 sed \u00f0\u0259n d\u028cn\/","des":""},{"id_word":"101003032","id_subject":"101000158","id_course":"101000004","word":"elephant in the room","mean":"v\u1ea5n \u0111\u1ec1 ai c\u0169ng hi\u1ec3u nh\u1eefng kh\u00f4ng ai mu\u1ed1n \u0111\u1ec1 c\u1eadp","example":"","example_mean":"","num_ef":"0","time_date":"","next_time":"","num_n":"0","num_i":"0","max_q":"0","phonetic":"\/\u02c8el\u026af\u0259nt in \u00f0\u0259 'ru\u02d0m\/","des":""},{"id_word":"101003033","id_subject":"101000158","id_course":"101000004","word":"to have half a mind","mean":"d\u1ef1 \u0111\u1ecbnh nghi\u00eam t\u00fac \u0111\u1ebfn m\u1ed9t c\u00e1ch b\u1ea5t ng\u1edd","example":"","example_mean":"","num_ef":"0","time_date":"","next_time":"","num_n":"0","num_i":"0","max_q":"0","phonetic":"\/t\u0259 h\u0259v h\u0251\u02d0f \u0259 ma\u026and\/","des":""},{"id_word":"101003034","id_subject":"101000158","id_course":"101000004","word":"to jump the gun","mean":"\u0111\u01b0a quy\u1ebft \u0111\u1ecbnh d\u1ef1a tr\u00ean b\u1eb1ng ch\u1ee9ng kh\u00f4ng r\u00f5 r\u00e0ng","example":"","example_mean":"","num_ef":"0","time_date":"","next_time":"","num_n":"0","num_i":"0","max_q":"0","phonetic":"\/t\u0259 'd\u0292\u028cmp \u00f0\u0259 \u0261\u028cn\/","des":""},{"id_word":"101003035","id_subject":"101000158","id_course":"101000004","word":"to make cold calls","mean":"g\u1ecdi \u0111i\u1ec7n tho\u1ea1i ch\u00e0o h\u00e0ng cho ng\u01b0\u1eddi kh\u00f4ng quen bi\u1ebft","example":"","example_mean":"","num_ef":"0","time_date":"","next_time":"","num_n":"0","num_i":"0","max_q":"0","phonetic":"\/tu me\u026ak \u0259 k\u0259\u028ald k\u0254\u02d0l\/","des":""},{"id_word":"101003036","id_subject":"101000158","id_course":"101000004","word":"necessary evil","mean":"\u0111i\u1ec1u c\u1ea7n thi\u1ebft ph\u1ea3i l\u00e0m m\u1eb7c d\u00f9 kh\u00f4ng mu\u1ed1n th\u1ef1c hi\u1ec7n","example":"","example_mean":"","num_ef":"0","time_date":"","next_time":"","num_n":"0","num_i":"0","max_q":"0","phonetic":"\/nes\u0259s\u0259ri \u02c8i\u02d0vl\/","des":""},{"id_word":"101003037","id_subject":"101000158","id_course":"101000004","word":"to paper over the cracks","mean":"gi\u1ea3i quy\u1ebft v\u1ea5n \u0111\u1ec1 nghi\u00eam tr\u1ecdng b\u1eb1ng c\u00e1c gi\u1ea3i ph\u00e1p h\u1eddi h\u1ee3t","example":"","example_mean":"","num_ef":"0","time_date":"","next_time":"","num_n":"0","num_i":"0","max_q":"0","phonetic":"\/tu 'pe\u026ap\u0259 \u0259\u028av\u0259 \u00f0\u0259 kr\u00e6k\/","des":""},{"id_word":"101003038","id_subject":"101000158","id_course":"101000004","word":"from rags to riches","mean":"m\u1ed9t b\u01b0\u1edbc l\u00ean ti\u00ean","example":"","example_mean":"","num_ef":"0","time_date":"","next_time":"","num_n":"0","num_i":"0","max_q":"0","phonetic":"\/fr\u0252m 'r\u00e6\u0261s tu r\u026at\u0283\/","des":""},{"id_word":"101003039","id_subject":"101000158","id_course":"101000004","word":"to get the sack","mean":"m\u1ea5t vi\u1ec7c","example":"","example_mean":"","num_ef":"0","time_date":"","next_time":"","num_n":"0","num_i":"0","max_q":"0","phonetic":"\/tu '\u0261et \u00f0\u0259 s\u00e6k\/","des":""},{"id_word":"101003040","id_subject":"101000158","id_course":"101000004","word":"to sail close to the wind","mean":"gi\u1eefa ranh gi\u1edbi thi\u1ec7n \u00e1c","example":"","example_mean":"","num_ef":"0","time_date":"","next_time":"","num_n":"0","num_i":"0","max_q":"0","phonetic":"\/tu 'se\u026al klo\u028az tu \u00f0\u0259 w\u026and\/","des":""},{"id_word":"101003041","id_subject":"101000159","id_course":"101000004","word":"finance","mean":"th\u01b0\u01a1ng m\u1ea1i","example":"","example_mean":"","num_ef":"0","time_date":"","next_time":"","num_n":"0","num_i":"0","max_q":"0","phonetic":"\/fa\u026a\u02c8n\u00e6ns\/","des":""},{"id_word":"101003042","id_subject":"101000159","id_course":"101000004","word":"to finance","mean":"c\u1ea5p v\u1ed1n","example":"","example_mean":"","num_ef":"0","time_date":"","next_time":"","num_n":"0","num_i":"0","max_q":"0","phonetic":"\/f\u0259\u02c8n\u00e6ns\/","des":""},{"id_word":"101003043","id_subject":"101000159","id_course":"101000004","word":"financial","mean":"t\u00e0i ch\u00ednh","example":"","example_mean":"","num_ef":"0","time_date":"","next_time":"","num_n":"0","num_i":"0","max_q":"0","phonetic":"\/fa\u026a\u02c8n\u00e6n\u0283\u0259l\/","des":""},{"id_word":"101003044","id_subject":"101000159","id_course":"101000004","word":"a financier","mean":"ng\u01b0\u1eddi l\u00e0m trong l\u0129nh v\u1ef1c t\u00e0i ch\u00ednh","example":"","example_mean":"","num_ef":"0","time_date":"","next_time":"","num_n":"0","num_i":"0","max_q":"0","phonetic":"\/fa\u026a\u02c8n\u00e6nsi\u0259(r)\/ ","des":""},{"id_word":"101003045","id_subject":"101000159","id_course":"101000004","word":"a profit","mean":"l\u1ee3i nhu\u1eadn","example":"","example_mean":"","num_ef":"0","time_date":"","next_time":"","num_n":"0","num_i":"0","max_q":"0","phonetic":"\/\u02c8pr\u0251\u02d0f\u026at\/","des":""},{"id_word":"101003046","id_subject":"101000159","id_course":"101000004","word":"to profit","mean":"thu l\u1eddi","example":"","example_mean":"","num_ef":"0","time_date":"","next_time":"","num_n":"0","num_i":"0","max_q":"0","phonetic":"\/\u02c8pr\u0252f\u026at\/","des":""},{"id_word":"101003047","id_subject":"101000159","id_course":"101000004","word":"gross profit","mean":"t\u1ed5ng l\u1ee3i nhu\u1eadn","example":"","example_mean":"","num_ef":"0","time_date":"","next_time":"","num_n":"0","num_i":"0","max_q":"0","phonetic":"\/\u0261ro\u028as \u02c8pr\u0251\u02d0f\u026at\/","des":""},{"id_word":"101003048","id_subject":"101000159","id_course":"101000004","word":"net profit","mean":"l\u1ee3i nhu\u1eadn r\u00f2ng","example":"","example_mean":"","num_ef":"0","time_date":"","next_time":"","num_n":"0","num_i":"0","max_q":"0","phonetic":"\/net \u02c8pr\u0251\u02d0f\u026at\/","des":""},{"id_word":"101003049","id_subject":"101000159","id_course":"101000004","word":"a loss","mean":"m\u00f3n l\u1ed7","example":"","example_mean":"","num_ef":"0","time_date":"","next_time":"","num_n":"0","num_i":"0","max_q":"0","phonetic":"\/l\u0254\u02d0s\/ ","des":""},{"id_word":"101003050","id_subject":"101000159","id_course":"101000004","word":"to lose","mean":"thua l\u1ed7","example":"","example_mean":"","num_ef":"0","time_date":"","next_time":"","num_n":"0","num_i":"0","max_q":"0","phonetic":"\/l\u0252s\/","des":""},{"id_word":"101003051","id_subject":"101000159","id_course":"101000004","word":"a share","mean":"c\u1ed5 ph\u1ea7n","example":"","example_mean":"","num_ef":"0","time_date":"","next_time":"","num_n":"0","num_i":"0","max_q":"0","phonetic":"\/\u0283er\/","des":""},{"id_word":"101003052","id_subject":"101000159","id_course":"101000004","word":"an accountant","mean":"nh\u00e2n vi\u00ean k\u1ebf to\u00e1n","example":"","example_mean":"","num_ef":"0","time_date":"","next_time":"","num_n":"0","num_i":"0","max_q":"0","phonetic":"\/\u0259\u02c8ka\u028ant\u0259nt\/","des":""},{"id_word":"101003053","id_subject":"101000159","id_course":"101000004","word":"a budget","mean":"ng\u00e2n s\u00e1ch","example":"","example_mean":"","num_ef":"0","time_date":"","next_time":"","num_n":"0","num_i":"0","max_q":"0","phonetic":" \/\u02c8b\u028cd\u0292\u026at\/","des":""},{"id_word":"101003054","id_subject":"101000159","id_course":"101000004","word":"to budget","mean":"ho\u1ea1ch \u0111\u1ecbnh ng\u00e2n s\u00e1ch","example":"","example_mean":"","num_ef":"0","time_date":"","next_time":"","num_n":"0","num_i":"0","max_q":"0","phonetic":"\/\u02c8b\u028cd\u0292\u026at\/","des":""},{"id_word":"101003055","id_subject":"101000159","id_course":"101000004","word":"a trader","mean":"nh\u00e0 bu\u00f4n","example":"","example_mean":"","num_ef":"0","time_date":"","next_time":"","num_n":"0","num_i":"0","max_q":"0","phonetic":"\/\u02c8tre\u026ad\u0259r\/","des":""},{"id_word":"101003056","id_subject":"101000159","id_course":"101000004","word":"bitcoin","mean":"\u0111\u01a1n v\u1ecb ti\u1ec1n t\u1ec7 \u0111\u01b0\u1ee3c thi\u1ebft l\u1eadp t\u1eeb thu\u1eadt to\u00e1n; ti\u1ec1n Internet","example":"","example_mean":"","num_ef":"0","time_date":"","next_time":"","num_n":"0","num_i":"0","max_q":"0","phonetic":"\/\u02c8b\u026atk\u0254\u026an\/ ","des":""},{"id_word":"101003057","id_subject":"101000159","id_course":"101000004","word":"a debt","mean":"m\u00f3n n\u1ee3","example":"","example_mean":"","num_ef":"0","time_date":"","next_time":"","num_n":"0","num_i":"0","max_q":"0","phonetic":"\/det\/","des":""},{"id_word":"101003058","id_subject":"101000159","id_course":"101000004","word":"to owe","mean":"n\u1ee3","example":"","example_mean":"","num_ef":"0","time_date":"","next_time":"","num_n":"0","num_i":"0","max_q":"0","phonetic":"\/\u0259\u028a\/","des":""},{"id_word":"101003059","id_subject":"101000159","id_course":"101000004","word":"exchange rate","mean":"t\u1ef7 gi\u00e1 \u0111\u1ed1i ho\u00e0i (t\u1ef7 gi\u00e1 \u0111\u1ed5i ti\u1ec1n)","example":"","example_mean":"","num_ef":"0","time_date":"","next_time":"","num_n":"0","num_i":"0","max_q":"0","phonetic":"\/\u026aks\u02c8t\u0283e\u026and\u0292 're\u026at\/","des":""},{"id_word":"101003060","id_subject":"101000159","id_course":"101000004","word":"to invest","mean":"\u0111\u1ea7u t\u01b0","example":"","example_mean":"","num_ef":"0","time_date":"","next_time":"","num_n":"0","num_i":"0","max_q":"0","phonetic":"\/\u026an\u02c8vest\/","des":""},{"id_word":"101003061","id_subject":"101000159","id_course":"101000004","word":"an investor","mean":"nh\u00e0 \u0111\u1ea7u t\u01b0","example":"","example_mean":"","num_ef":"0","time_date":"","next_time":"","num_n":"0","num_i":"0","max_q":"0","phonetic":"\/\u026an\u02c8vest\u0259r\/","des":""},{"id_word":"101003062","id_subject":"101000159","id_course":"101000004","word":"an investment","mean":"s\u1ef1 \u0111\u1ea7u t\u01b0","example":"","example_mean":"","num_ef":"0","time_date":"","next_time":"","num_n":"0","num_i":"0","max_q":"0","phonetic":"\/\u026an\u02c8vestm\u0259nt\/ ","des":""},{"id_word":"101003063","id_subject":"101000159","id_course":"101000004","word":"to lend","mean":"cho vay","example":"","example_mean":"","num_ef":"0","time_date":"","next_time":"","num_n":"0","num_i":"0","max_q":"0","phonetic":"\/lend\/","des":""},{"id_word":"101003064","id_subject":"101000159","id_course":"101000004","word":"a loan","mean":"l\u01b0\u1ee3ng ti\u1ec1n cho vay","example":"","example_mean":"","num_ef":"0","time_date":"","next_time":"","num_n":"0","num_i":"0","max_q":"0","phonetic":"\/lo\u028an\/","des":""},{"id_word":"101003065","id_subject":"101000159","id_course":"101000004","word":"to borrow","mean":"c\u1ea7m \u0111\u1ed3","example":"","example_mean":"","num_ef":"0","time_date":"","next_time":"","num_n":"0","num_i":"0","max_q":"0","phonetic":"\/\u02c8b\u0252r\u0259\u028a\/","des":""},{"id_word":"101003066","id_subject":"101000159","id_course":"101000004","word":"interest rate","mean":"l\u00e3i su\u1ea5t","example":"","example_mean":"","num_ef":"0","time_date":"","next_time":"","num_n":"0","num_i":"0","max_q":"0","phonetic":"\/\u02c8\u026antrest re\u026at\/","des":""},{"id_word":"101003067","id_subject":"101000159","id_course":"101000004","word":"a market","mean":"n\u01a1i giao d\u1ecbch; th\u1ecb tr\u01b0\u1eddng; ch\u1ee3","example":"","example_mean":"","num_ef":"0","time_date":"","next_time":"","num_n":"0","num_i":"0","max_q":"0","phonetic":"\/\u02c8m\u0251\u02d0k\u026at\/","des":""},{"id_word":"101003068","id_subject":"101000159","id_course":"101000004","word":"the markets","mean":"th\u1ecb tr\u01b0\u1eddng ","example":"","example_mean":"","num_ef":"0","time_date":"","next_time":"","num_n":"0","num_i":"0","max_q":"0","phonetic":"\/\u02c8m\u0251\u02d0rk\u026ats\/","des":""},{"id_word":"101003069","id_subject":"101000159","id_course":"101000004","word":"a bull market","mean":"th\u1ecb tr\u01b0\u1eddng n\u01a1i gi\u00e1 c\u1ed5 phi\u1ebfu t\u0103ng","example":"","example_mean":"","num_ef":"0","time_date":"","next_time":"","num_n":"0","num_i":"0","max_q":"0","phonetic":"\/b\u028al \u02c8m\u0251\u02d0k\u026at\/","des":""},{"id_word":"101003070","id_subject":"101000159","id_course":"101000004","word":"a bear market","mean":"th\u1ecb tr\u01b0\u1eddng n\u01a1i gi\u00e1 c\u1ed5 phi\u1ebfu \u0111ang gi\u1ea3m","example":"","example_mean":"","num_ef":"0","time_date":"","next_time":"","num_n":"0","num_i":"0","max_q":"0","phonetic":"\/ber \u02c8m\u0251\u02d0k\u026at\/","des":""},{"id_word":"101003071","id_subject":"101000159","id_course":"101000004","word":"a hedge fund","mean":"qu\u1ef9 b\u1ea3o hi\u1ec3m rui ro","example":"","example_mean":"","num_ef":"0","time_date":"","next_time":"","num_n":"0","num_i":"0","max_q":"0","phonetic":"\/hed\u0292 'f\u028cnd\/","des":""},{"id_word":"101003072","id_subject":"101000159","id_course":"101000004","word":"a bond","mean":"tr\u00e1i phi\u1ebfu","example":"","example_mean":"","num_ef":"0","time_date":"","next_time":"","num_n":"0","num_i":"0","max_q":"0","phonetic":"\/b\u0251\u02d0nd\/","des":""},{"id_word":"101003073","id_subject":"101000159","id_course":"101000004","word":"an investment trust","mean":"qu\u1ef9 \u1ee7y tho\u00e1c \u0111\u1ea7u t\u01b0; qu\u1ef9 t\u00edn th\u00e1c","example":"","example_mean":"","num_ef":"0","time_date":"","next_time":"","num_n":"0","num_i":"0","max_q":"0","phonetic":" \/\u026an\u02c8vestm\u0259nt  'tr\u028cst\/","des":""},{"id_word":"101003074","id_subject":"101000159","id_course":"101000004","word":"a portfolio","mean":"danh m\u1ee5c \u0111\u1ea7u t\u01b0","example":"","example_mean":"","num_ef":"0","time_date":"","next_time":"","num_n":"0","num_i":"0","max_q":"0","phonetic":"\/p\u0254\u02d0rt\u02c8fo\u028alio\u028a\/","des":""},{"id_word":"101003075","id_subject":"101000159","id_course":"101000004","word":"a strategy","mean":"chi\u1ebfn l\u01b0\u1ee3c","example":"","example_mean":"","num_ef":"0","time_date":"","next_time":"","num_n":"0","num_i":"0","max_q":"0","phonetic":"\/\u02c8str\u00e6t\u0259d\u0292i\/","des":""},{"id_word":"101003076","id_subject":"101000159","id_course":"101000004","word":"high-risk","mean":"m\u1ea1o hi\u1ec3m cao","example":"","example_mean":"","num_ef":"0","time_date":"","next_time":"","num_n":"0","num_i":"0","max_q":"0","phonetic":"\/\u02c8ha\u026ar\u026ask\/","des":""},{"id_word":"101003077","id_subject":"101000159","id_course":"101000004","word":"low-risk","mean":"m\u1ea1o hi\u1ec3m th\u1ea5p","example":"","example_mean":"","num_ef":"0","time_date":"","next_time":"","num_n":"0","num_i":"0","max_q":"0","phonetic":"\/lo\u028a'r\u026ask\/","des":""},{"id_word":"101003078","id_subject":"101000159","id_course":"101000004","word":"a fund manager","mean":"ng\u01b0\u1eddi qu\u1ea3n l\u00fd qu\u1ef9 \u0111\u1ea7u t\u01b0","example":"","example_mean":"","num_ef":"0","time_date":"","next_time":"","num_n":"0","num_i":"0","max_q":"0","phonetic":"\/f\u028cnd \u02c8m\u00e6n\u026ad\u0292\u0259r\/","des":""},{"id_word":"101003079","id_subject":"101000159","id_course":"101000004","word":"to outperform","mean":"l\u00e0m t\u1ed1t h\u01a1n","example":"","example_mean":"","num_ef":"0","time_date":"","next_time":"","num_n":"0","num_i":"0","max_q":"0","phonetic":"\/\u02cca\u028atp\u0259\u02c8f\u0254\u02d0m\/ ","des":""},{"id_word":"101003080","id_subject":"101000159","id_course":"101000004","word":"a return (on an investment)","mean":"doanh thu","example":"","example_mean":"","num_ef":"0","time_date":"","next_time":"","num_n":"0","num_i":"0","max_q":"0","phonetic":"\/r\u026a\u02c8t\u025c\u02d0rn\/","des":""},{"id_word":"101003081","id_subject":"101000159","id_course":"101000004","word":"a dividend","mean":"c\u1ed5 t\u1ee9c","example":"","example_mean":"","num_ef":"0","time_date":"","next_time":"","num_n":"0","num_i":"0","max_q":"0","phonetic":"\/\u02c8d\u026av\u026adend\/","des":""},{"id_word":"101003082","id_subject":"101000159","id_course":"101000004","word":"the stock market","mean":"th\u1ecb tr\u01b0\u1eddng ch\u1ee9ng kho\u00e1ng","example":"","example_mean":"","num_ef":"0","time_date":"","next_time":"","num_n":"0","num_i":"0","max_q":"0","phonetic":"\/st\u0252k \u02c8m\u0251\u02d0k\u026at\/","des":""},{"id_word":"101003083","id_subject":"101000159","id_course":"101000004","word":"a commodity","mean":"h\u00e0ng h\u00f3a","example":"","example_mean":"","num_ef":"0","time_date":"","next_time":"","num_n":"0","num_i":"0","max_q":"0","phonetic":"\/k\u0259\u02c8m\u0252d\u0259ti\/","des":""},{"id_word":"101003084","id_subject":"101000159","id_course":"101000004","word":"publicly traded","mean":"giao d\u1ecbch \u0111\u1ea1i ch\u00fang","example":"","example_mean":"","num_ef":"0","time_date":"","next_time":"","num_n":"0","num_i":"0","max_q":"0","phonetic":"\/p\u028cbl\u026akli 'tre\u026ad\/","des":""},{"id_word":"101003085","id_subject":"101000159","id_course":"101000004","word":"an algorithm","mean":"thu\u1eadt to\u00e1n","example":"","example_mean":"","num_ef":"0","time_date":"","next_time":"","num_n":"0","num_i":"0","max_q":"0","phonetic":"\/\u02c8\u00e6l\u0261\u0259r\u026a\u00f0\u0259m\/","des":""},{"id_word":"101003086","id_subject":"101000159","id_course":"101000004","word":"insider trading","mean":"giao d\u1ecbch n\u1ed9i b\u1ed9","example":"","example_mean":"","num_ef":"0","time_date":"","next_time":"","num_n":"0","num_i":"0","max_q":"0","phonetic":"\/\u026an\u02c8sa\u026ad\u0259r 'tre\u026ad\u026a\u014b\/","des":""},{"id_word":"101003087","id_subject":"101000159","id_course":"101000004","word":"accounts","mean":"b\u1ea3ng k\u00ea khai ng\u00e2n s\u00e1ch","example":"","example_mean":"","num_ef":"0","time_date":"","next_time":"","num_n":"0","num_i":"0","max_q":"0","phonetic":"\/\u0259\u02c8ka\u028ants\/","des":""},{"id_word":"101003088","id_subject":"101000160","id_course":"101000004","word":"technology","mean":"c\u00f4ng ngh\u1ec7","example":"","example_mean":"","num_ef":"0","time_date":"","next_time":"","num_n":"0","num_i":"0","max_q":"0","phonetic":"\/t\u025bk\u02c8n\u0252l\u0259d\u0292i\/","des":"The application of scientific knowledge for practical purposes, especially in industry"},{"id_word":"101003089","id_subject":"101000160","id_course":"101000004","word":"information technology","mean":"c\u00f4ng ngh\u1ec7 th\u00f4ng tin","example":"","example_mean":"","num_ef":"0","time_date":"","next_time":"","num_n":"0","num_i":"0","max_q":"0","phonetic":"\/,inf\u0259'mein\u0283n\/ \/t\u025bk\u02c8n\u0252l\u0259d\u0292i\/","des":"The study or use of systems for storing, retrieving, and sending information"},{"id_word":"101003090","id_subject":"101000160","id_course":"101000004","word":"technical","mean":"k\u1ef9 thu\u1eadt","example":"","example_mean":"","num_ef":"0","time_date":"","next_time":"","num_n":"0","num_i":"0","max_q":"0","phonetic":"\/\u02c8tekn\u026ak\u0259l\/","des":"Relating to a particular subject, art, or craft, or its techniques"},{"id_word":"101003091","id_subject":"101000160","id_course":"101000004","word":"the internet","mean":"m\u1ea1ng Internet","example":"","example_mean":"","num_ef":"0","time_date":"","next_time":"","num_n":"0","num_i":"0","max_q":"0","phonetic":"\/\u02c8\u026ant\u0259n\u025bt\/","des":"A global computer network providing a variety of information and communication facilities"},{"id_word":"101003092","id_subject":"101000160","id_course":"101000004","word":"the web","mean":"trang web","example":"","example_mean":"","num_ef":"0","time_date":"","next_time":"","num_n":"0","num_i":"0","max_q":"0","phonetic":"\/web'sait\/","des":"A set of related web pages located under a single domain name"},{"id_word":"101003093","id_subject":"101000160","id_course":"101000004","word":"software","mean":"ph\u1ea7n m\u1ec1m","example":"","example_mean":"","num_ef":"0","time_date":"","next_time":"","num_n":"0","num_i":"0","max_q":"0","phonetic":"\/\u02c8s\u0252f(t)w\u025b\u02d0\/ ","des":"The programs and other operating information used by a computer"},{"id_word":"101003094","id_subject":"101000160","id_course":"101000004","word":"hardware","mean":"ph\u1ea7n c\u1ee9ng","example":"","example_mean":"","num_ef":"0","time_date":"","next_time":"","num_n":"0","num_i":"0","max_q":"0","phonetic":"\/\u02c8h\u0251\u02d0dw\u025b\u02d0\/","des":"Tools, machinery, and other durable equipment"},{"id_word":"101003095","id_subject":"101000160","id_course":"101000004","word":"a product","mean":"s\u1ea3n ph\u1ea9m","example":"","example_mean":"","num_ef":"0","time_date":"","next_time":"","num_n":"0","num_i":"0","max_q":"0","phonetic":"\/\u00b4pr\u0254d\u028ckt\/","des":"An article or substance that is manufactured or refined for sale"},{"id_word":"101003096","id_subject":"101000160","id_course":"101000004","word":"service","mean":"d\u1ecbch v\u1ee5","example":"","example_mean":"","num_ef":"0","time_date":"","next_time":"","num_n":"0","num_i":"0","max_q":"0","phonetic":"\/\u02c8s\u0259\u02d0v\u026as\/","des":"The action of helping or doing work for someone"},{"id_word":"101003097","id_subject":"101000160","id_course":"101000004","word":"to code","mean":"l\u1eadp tr\u00ecnh","example":"","example_mean":"","num_ef":"0","time_date":"","next_time":"","num_n":"0","num_i":"0","max_q":"0","phonetic":"\/k\u0259\u028ad\/","des":"Convert (the words of a message) into a code so as to convey a secret meaning"},{"id_word":"101003098","id_subject":"101000160","id_course":"101000004","word":"to design","mean":"thi\u1ebft k\u1ebf","example":"","example_mean":"","num_ef":"0","time_date":"","next_time":"","num_n":"0","num_i":"0","max_q":"0","phonetic":"\/d\u026a\u02c8z\u028c\u026an\/","des":"A plan or drawing produced to show the look and function an object before it is made"},{"id_word":"101003099","id_subject":"101000160","id_course":"101000004","word":"to build","mean":"x\u00e2y d\u1ef1ng, t\u1ea1o ra","example":"","example_mean":"","num_ef":"0","time_date":"","next_time":"","num_n":"0","num_i":"0","max_q":"0","phonetic":"\/b\u026ald\/","des":"Construct (something) by putting parts or material together"},{"id_word":"101003100","id_subject":"101000160","id_course":"101000004","word":"user experience","mean":"tr\u1ea3i nghi\u1ec7m c\u1ee7a ng\u01b0\u1eddi d\u00f9ng","example":"","example_mean":"","num_ef":"0","time_date":"","next_time":"","num_n":"0","num_i":"0","max_q":"0","phonetic":"\/\u00b4ju:z\u0259\/ \/iks'pi\u0259ri\u0259ns\/","des":"The overall experience of a person using a product such as a website or computer application"},{"id_word":"101003101","id_subject":"101000160","id_course":"101000004","word":"user interface","mean":"giao di\u1ec7n ng\u01b0\u1eddi d\u00f9ng","example":"","example_mean":"","num_ef":"0","time_date":"","next_time":"","num_n":"0","num_i":"0","max_q":"0","phonetic":"\/\u00b4ju:z\u0259\/ \/'int\u0259feis\/","des":"The means by which the user and a computer system interact, in particular the use of input devices and software"},{"id_word":"101003102","id_subject":"101000160","id_course":"101000004","word":"agile development","mean":"l\u1eadp tr\u00ecnh linh ho\u1ea1t ","example":"","example_mean":"","num_ef":"0","time_date":"","next_time":"","num_n":"0","num_i":"0","max_q":"0","phonetic":"\/'\u00e6d\u02a4ail\/ \/di\u2019vel\u04d9pm\u04d9nt\/","des":"a set of principles for software development in which requirements and solutions evolve through collaboration between self-organizing, cross-functional teams"},{"id_word":"101003103","id_subject":"101000160","id_course":"101000004","word":"to iterate","mean":"l\u1eb7p l\u1ea1i","example":"","example_mean":"","num_ef":"0","time_date":"","next_time":"","num_n":"0","num_i":"0","max_q":"0","phonetic":"\/\u00b4it\u0259reit\/","des":"Perform or utter repeatedly"},{"id_word":"101003104","id_subject":"101000160","id_course":"101000004","word":"waterfall project management","mean":"qu\u1ea3n l\u00fd theo m\u00f4 h\u00ecnh th\u00e1c n\u01b0\u1edbc","example":"","example_mean":"","num_ef":"0","time_date":"","next_time":"","num_n":"0","num_i":"0","max_q":"0","phonetic":"\/\u00b4w\u0254:t\u0259\u00b8f\u0254:l\/  \/'pr\u0252d\u0292\u025bkt\/  \/'m\u00e6nid\u0292m\u0259nt\/","des":"progress is seen as flowing steadily downwards (like a waterfall) through the phases of conception, initiation, analysis, design, construction, testing, production\/implementation and maintenance"},{"id_word":"101003105","id_subject":"101000160","id_course":"101000004","word":"a project manager","mean":"ng\u01b0\u1eddi qu\u1ea3n l\u00fd d\u1ef1 \u00e1n","example":"","example_mean":"","num_ef":"0","time_date":"","next_time":"","num_n":"0","num_i":"0","max_q":"0","phonetic":"\/'pr\u0252d\u0292\u025bkt\/ \/\u02c8m\u00e6n\u04d9d\u0292\u0259r\/","des":"The person in overall charge of the planning and execution of a particular project"},{"id_word":"101003106","id_subject":"101000160","id_course":"101000004","word":"a software developer","mean":"l\u1eadp tr\u00ecnh vi\u00ean ph\u1ea7n m\u1ec1m","example":"","example_mean":"","num_ef":"0","time_date":"","next_time":"","num_n":"0","num_i":"0","max_q":"0","phonetic":"\/\u02c8s\u0252f(t)w\u025b\u02d0\/ \/d\u026a\u02c8v\u025bl\u0259p\u0259\/ ","des":"The person develops the applications that allow people to do specific tasks on a computer or another device"},{"id_word":"101003107","id_subject":"101000160","id_course":"101000004","word":"a graphic designer","mean":"ng\u01b0\u1eddi thi\u1ebft k\u1ebf \u0111\u1ed3 h\u1ecda","example":"","example_mean":"","num_ef":"0","time_date":"","next_time":"","num_n":"0","num_i":"0","max_q":"0","phonetic":"\/\u02c8gr\u00e6f\u026ak\/ \/di\u00b4zain\u0259\/","des":"The art or skill of combining text and pictures in advertisements, magazines, or books"},{"id_word":"101003108","id_subject":"101000160","id_course":"101000004","word":"a team","mean":"nh\u00f3m","example":"","example_mean":"","num_ef":"0","time_date":"","next_time":"","num_n":"0","num_i":"0","max_q":"0","phonetic":"\/ti\u02d0m\/","des":"Two or more people working together"},{"id_word":"101003109","id_subject":"101000160","id_course":"101000004","word":"a project","mean":"d\u1ef1 \u00e1n","example":"","example_mean":"","num_ef":"0","time_date":"","next_time":"","num_n":"0","num_i":"0","max_q":"0","phonetic":"\/\u02c8pr\u0252d\u0292\u025bkt\/","des":"An individual or collaborative enterprise that is carefully planned to achieve a particular aim"},{"id_word":"101003110","id_subject":"101000160","id_course":"101000004","word":"a client","mean":"kh\u00e1ch","example":"","example_mean":"","num_ef":"0","time_date":"","next_time":"","num_n":"0","num_i":"0","max_q":"0","phonetic":"\/\u02c8kl\u028c\u026a\u0259nt\/","des":"a desktop computer or workstation that is capable of obtaining information and applications from a server"},{"id_word":"101003111","id_subject":"101000160","id_course":"101000004","word":"a deadline","mean":"h\u1ea1n ch\u00f3t","example":"","example_mean":"","num_ef":"0","time_date":"","next_time":"","num_n":"0","num_i":"0","max_q":"0","phonetic":"\/\u02c8d\u025bdl\u028c\u026an\/","des":"The latest time or date by which something should be completed"},{"id_word":"101003112","id_subject":"101000160","id_course":"101000004","word":"a sprint","mean":"giai \u0111o\u1ea1n n\u01b0\u1edbc r\u00fat","example":"","example_mean":"","num_ef":"0","time_date":"","next_time":"","num_n":"0","num_i":"0","max_q":"0","phonetic":"\/spr\u026ant\/","des":"An act or short spell of running at full speed"},{"id_word":"101003113","id_subject":"101000160","id_course":"101000004","word":"high-tech","mean":"c\u00f4ng ngh\u1ec7 cao","example":"","example_mean":"","num_ef":"0","time_date":"","next_time":"","num_n":"0","num_i":"0","max_q":"0","phonetic":"\/\u02cch\u028c\u026a\u02c8t\u025bk\/","des":"Using, requiring, or involved in high technology"},{"id_word":"101003114","id_subject":"101000160","id_course":"101000004","word":"a specification","mean":"ch\u1ec9 d\u1eabn k\u1ef9 thu\u1eadt","example":"","example_mean":"","num_ef":"0","time_date":"","next_time":"","num_n":"0","num_i":"0","max_q":"0","phonetic":"\/,spesifi'kei\u222bn\/","des":"A detailed description of the design and materials used to make something"},{"id_word":"101003115","id_subject":"101000160","id_course":"101000004","word":"a programming language","mean":"ng\u00f4n ng\u1eef l\u1eadp tr\u00ecnh","example":"","example_mean":"","num_ef":"0","time_date":"","next_time":"","num_n":"0","num_i":"0","max_q":"0","phonetic":"\/pr\u0259\u028a\u0261r\u00e6m\u026a\u014b \u02c8l\u00e6\u014b\u0261w\u026ad\u0292\/","des":""},{"id_word":"101003116","id_subject":"101000160","id_course":"101000004","word":"a browser","mean":"tr\u00ecnh duy\u1ec7t web","example":"","example_mean":"","num_ef":"0","time_date":"","next_time":"","num_n":"0","num_i":"0","max_q":"0","phonetic":"\/\u02c8bra\u028az\u0259r\/","des":""},{"id_word":"101003117","id_subject":"101000160","id_course":"101000004","word":"a compiler","mean":"ph\u1ea7n m\u1ec1m chuy\u1ec3n h\u00f3a ng\u00f4n ng\u1eef l\u1eadp tr\u00ecnh c\u1ea5p cao th\u00e0nh m\u1ed9t lo\u1ea1i ng\u00f4n ng\u1eef l\u1eadp tr\u00ecnh kh\u00e1c","example":"","example_mean":"","num_ef":"0","time_date":"","next_time":"","num_n":"0","num_i":"0","max_q":"0","phonetic":"\/k\u0259m\u02c8pa\u026al\u0259r\/","des":""},{"id_word":"101003118","id_subject":"101000160","id_course":"101000004","word":"Github","mean":"trang web cho ph\u00e9p c\u00e1c l\u1eadp tr\u00ecnh vi\u00ean l\u01b0u tr\u1eef v\u00e0 chia s\u1ebd ","example":"","example_mean":"","num_ef":"0","time_date":"","next_time":"","num_n":"0","num_i":"0","max_q":"0","phonetic":"\/\u0261\u026ath\u028cb\/","des":""},{"id_word":"101003119","id_subject":"101000160","id_course":"101000004","word":"to commit","mean":"cam k\u1ebft, tin t\u01b0\u1edfng, g\u1eedi *code* \u0111\u1ebfn Github","example":"","example_mean":"","num_ef":"0","time_date":"","next_time":"","num_n":"0","num_i":"0","max_q":"0","phonetic":"\/k\u0259\u02c8m\u026at\/","des":""},{"id_word":"101003120","id_subject":"101000160","id_course":"101000004","word":"to test","mean":"ch\u1ea1y th\u1eed ","example":"","example_mean":"","num_ef":"0","time_date":"","next_time":"","num_n":"0","num_i":"0","max_q":"0","phonetic":"\/test\/","des":""},{"id_word":"101003121","id_subject":"101000160","id_course":"101000004","word":"a communication tool","mean":"ph\u1ea7n m\u1ec1m chia s\u1ebd th\u00f4ng tin","example":"","example_mean":"","num_ef":"0","time_date":"","next_time":"","num_n":"0","num_i":"0","max_q":"0","phonetic":"\/k\u0259\u02ccmju\u02d0n\u026a\u02c8ke\u026a\u0283n tu\u02d0l\/","des":""},{"id_word":"101003122","id_subject":"101000160","id_course":"101000004","word":"a server","mean":"m\u00e1y ch\u1ee7","example":"","example_mean":"","num_ef":"0","time_date":"","next_time":"","num_n":"0","num_i":"0","max_q":"0","phonetic":"\/\u02c8s\u025c\u02d0rv\u0259r\/","des":""},{"id_word":"101003123","id_subject":"101000160","id_course":"101000004","word":"a back-end developer","mean":"l\u1eadp tr\u00ecnh vi\u00ean x\u00e2y d\u1ef1ng l\u1edbp d\u1eef li\u1ec7u truy c\u1eadp c\u1ee7a ph\u1ea7n m\u1ec1m","example":"","example_mean":"","num_ef":"0","time_date":"","next_time":"","num_n":"0","num_i":"0","max_q":"0","phonetic":"\/b\u00e6kend d\u026a\u02c8vel\u0259p\u0259r\/","des":""},{"id_word":"101003124","id_subject":"101000160","id_course":"101000004","word":"a front-end developer","mean":"l\u1eadp tr\u00ecnh vi\u00ean x\u00e2y d\u1ef1ng giao di\u1ec7n c\u1ee7a ph\u1ea7n m\u1ec1m","example":"","example_mean":"","num_ef":"0","time_date":"","next_time":"","num_n":"0","num_i":"0","max_q":"0","phonetic":"\/fr\u028cntend d\u026a\u02c8vel\u0259p\u0259r\/","des":""},{"id_word":"101003125","id_subject":"101000160","id_course":"101000004","word":"a bug","mean":"l\u1ed7i ph\u1ea7n m\u1ec1m ","example":"","example_mean":"","num_ef":"0","time_date":"","next_time":"","num_n":"0","num_i":"0","max_q":"0","phonetic":"\/b\u028c\u0261\/","des":""},{"id_word":"101003126","id_subject":"101000160","id_course":"101000004","word":"a bug report","mean":"b\u00e1o l\u1ed7i v\u1edbi m\u1ee5c \u0111\u00edch gi\u00fap ng\u01b0\u1eddi kh\u00e1c s\u1eeda l\u1ea1i c\u00e1c l\u1ed7i n\u00e0y","example":"","example_mean":"","num_ef":"0","time_date":"","next_time":"","num_n":"0","num_i":"0","max_q":"0","phonetic":"\/b\u028c\u0261 r\u026a\u02c8p\u0254\u02d0rt\/","des":""},{"id_word":"101003127","id_subject":"101000160","id_course":"101000004","word":"to prioritize","mean":"\u01b0u ti\u00ean","example":"","example_mean":"","num_ef":"0","time_date":"","next_time":"","num_n":"0","num_i":"0","max_q":"0","phonetic":"\/pra\u026a\u02c8\u0254\u02d0r\u0259ta\u026az","des":""},{"id_word":"101003128","id_subject":"101000160","id_course":"101000004","word":"a wireframe","mean":"ph\u00e1c h\u1ecda c\u1ea5u tr\u00fac website","example":"","example_mean":"","num_ef":"0","time_date":"","next_time":"","num_n":"0","num_i":"0","max_q":"0","phonetic":"\/\u02c8wa\u026a\u0259fre\u026am\/","des":""},{"id_word":"101003129","id_subject":"101000160","id_course":"101000004","word":"a website","mean":"trang web","example":"","example_mean":"","num_ef":"0","time_date":"","next_time":"","num_n":"0","num_i":"0","max_q":"0","phonetic":" \/\u02c8websa\u026at\/","des":""},{"id_word":"101003130","id_subject":"101000160","id_course":"101000004","word":"e-commerce","mean":"th\u01b0\u01a1ng m\u1ea1i \u0111i\u1ec7n t\u1eed","example":"","example_mean":"","num_ef":"0","time_date":"","next_time":"","num_n":"0","num_i":"0","max_q":"0","phonetic":"\/i\u02d0 \u02c8k\u0251\u02d0m\u025c\u02d0rs\/","des":""},{"id_word":"101003131","id_subject":"101000160","id_course":"101000004","word":"fintech","mean":"c\u00f4ng ngh\u1ec7 d\u00e0nh cho t\u00e0i ch\u00ednh","example":"","example_mean":"","num_ef":"0","time_date":"","next_time":"","num_n":"0","num_i":"0","max_q":"0","phonetic":"\/'f\u026antek\/","des":""},{"id_word":"101003132","id_subject":"101000160","id_course":"101000004","word":"edtech","mean":"c\u00f4ng ngh\u1ec7 d\u00e0nh cho gi\u00e1o d\u1ee5c","example":"","example_mean":"","num_ef":"0","time_date":"","next_time":"","num_n":"0","num_i":"0","max_q":"0","phonetic":"\/'edtek\/","des":""},{"id_word":"101003133","id_subject":"101000160","id_course":"101000004","word":"a database","mean":"c\u01a1 s\u1edf d\u1eef li\u1ec7u","example":"","example_mean":"","num_ef":"0","time_date":"","next_time":"","num_n":"0","num_i":"0","max_q":"0","phonetic":"\/\u02c8de\u026at\u0259be\u026as\/","des":""},{"id_word":"101003134","id_subject":"101000160","id_course":"101000004","word":"secure sockets layer","mean":"SSL; h\u1ec7 th\u1ed1ng b\u1ea3o m\u1eadt gi\u00fap ng\u01b0\u1eddi d\u00f9ng giao d\u1ecbch ho\u1eb7c chia s\u1ebd th\u00f4ng tin","example":"","example_mean":"","num_ef":"0","time_date":"","next_time":"","num_n":"0","num_i":"0","max_q":"0","phonetic":"\/s\u0259\u02c8kj\u028ar s\u0251\u02d0k\u026ats 'le\u026a\u0259r\/","des":""},{"id_word":"101003135","id_subject":"101000160","id_course":"101000004","word":"encryption","mean":"m\u00e3 h\u00f3a","example":"","example_mean":"","num_ef":"0","time_date":"","next_time":"","num_n":"0","num_i":"0","max_q":"0","phonetic":"\/\u026an\u02c8kr\u026ap\u0283n\/","des":""},{"id_word":"101003136","id_subject":"101000160","id_course":"101000004","word":"hacking","mean":"thay \u0111\u1ed5i c\u00e1c ch\u01b0\u01a1ng tr\u00ecnh m\u00e1y t\u00ednh, \u0111\u1ed9t nh\u1eadp v\u00e0o website hay \u1ee9ng d\u1ee5ng b\u1ea3o m\u1eadt \u0111\u1ec3 l\u1ea5y th\u00f4ng tin","example":"","example_mean":"","num_ef":"0","time_date":"","next_time":"","num_n":"0","num_i":"0","max_q":"0","phonetic":"\/\u02c8h\u00e6k\u026a\u014b\/","des":""},{"id_word":"101003137","id_subject":"101000161","id_course":"101000004","word":"trade","mean":"m\u1eadu d\u1ecbch","example":"","example_mean":"","num_ef":"0","time_date":"","next_time":"","num_n":"0","num_i":"0","max_q":"0","phonetic":"\/tre\u026ad\/","des":""},{"id_word":"101003138","id_subject":"101000161","id_course":"101000004","word":"to trade","mean":"trao \u0111\u1ed5i, mua b\u00e1n","example":"","example_mean":"","num_ef":"0","time_date":"","next_time":"","num_n":"0","num_i":"0","max_q":"0","phonetic":"\/tre\u026ad\/","des":""},{"id_word":"101003139","id_subject":"101000161","id_course":"101000004","word":"International trade","mean":"m\u1eadu d\u1ecbch qu\u1ed1c t\u1ebf","example":"","example_mean":"","num_ef":"0","time_date":"","next_time":"","num_n":"0","num_i":"0","max_q":"0","phonetic":"\/\u02cc\u026ant\u0259r\u02c8n\u00e6\u0283n\u0259l tre\u026ad\/","des":""},{"id_word":"101003140","id_subject":"101000161","id_course":"101000004","word":"a currency","mean":"ti\u1ec1n t\u1ec7","example":"","example_mean":"","num_ef":"0","time_date":"","next_time":"","num_n":"0","num_i":"0","max_q":"0","phonetic":"\/\u02c8k\u025c\u02d0r\u0259nsi\/ ","des":""},{"id_word":"101003141","id_subject":"101000161","id_course":"101000004","word":"a fluctuation","mean":"s\u1ef1 r\u1edbt gi\u00e1 ti\u1ec1n t\u1ec7","example":"","example_mean":"","num_ef":"0","time_date":"","next_time":"","num_n":"0","num_i":"0","max_q":"0","phonetic":"\/fl\u028ckt\u0283u\u02c8e\u026a\u0283n\/","des":""},{"id_word":"101003142","id_subject":"101000161","id_course":"101000004","word":"to fluctuate","mean":"dao \u0111\u1ed9ng","example":"","example_mean":"","num_ef":"0","time_date":"","next_time":"","num_n":"0","num_i":"0","max_q":"0","phonetic":"\/\u02c8fl\u028ckt\u0283ue\u026at\/ ","des":""},{"id_word":"101003143","id_subject":"101000161","id_course":"101000004","word":"to exchange","mean":"trao \u0111\u1ed5i","example":"","example_mean":"","num_ef":"0","time_date":"","next_time":"","num_n":"0","num_i":"0","max_q":"0","phonetic":"\/\u026aks\u02c8t\u0283e\u026and\u0292\/","des":""},{"id_word":"101003144","id_subject":"101000161","id_course":"101000004","word":"to barter","mean":"tr\u1ea3 gi\u00e1","example":"","example_mean":"","num_ef":"0","time_date":"","next_time":"","num_n":"0","num_i":"0","max_q":"0","phonetic":"\/\u02c8b\u0251\u02d0rt\u0259r\/","des":""},{"id_word":"101003145","id_subject":"101000161","id_course":"101000004","word":"a deal","mean":"th\u1ecfa thu\u1eadn mua b\u00e1n","example":"","example_mean":"","num_ef":"0","time_date":"","next_time":"","num_n":"0","num_i":"0","max_q":"0","phonetic":" \/di\u02d0l\/ ","des":""},{"id_word":"101003146","id_subject":"101000161","id_course":"101000004","word":"an agreement","mean":"th\u1ecfa thu\u1eadn","example":"","example_mean":"","num_ef":"0","time_date":"","next_time":"","num_n":"0","num_i":"0","max_q":"0","phonetic":"\/\u0259\u02c8\u0261ri\u02d0m\u0259nt\/","des":""},{"id_word":"101003147","id_subject":"101000161","id_course":"101000004","word":"a contract","mean":"h\u1ee3p \u0111\u1ed3ng","example":"","example_mean":"","num_ef":"0","time_date":"","next_time":"","num_n":"0","num_i":"0","max_q":"0","phonetic":"\/\u02c8k\u0251\u02d0ntr\u00e6kt\/","des":""},{"id_word":"101003148","id_subject":"101000161","id_course":"101000004","word":"to contract","mean":"k\u00fd h\u1ee3p \u0111\u1ed3ng","example":"","example_mean":"","num_ef":"0","time_date":"","next_time":"","num_n":"0","num_i":"0","max_q":"0","phonetic":"\/\u02c8k\u0252ntr\u00e6kt\/","des":""},{"id_word":"101003149","id_subject":"101000161","id_course":"101000004","word":"to negotiate","mean":"th\u01b0\u01a1ng l\u01b0\u1ee3ng","example":"","example_mean":"","num_ef":"0","time_date":"","next_time":"","num_n":"0","num_i":"0","max_q":"0","phonetic":"\/n\u026a\u02c8\u0261\u0259\u028a\u0283ie\u026at\/","des":""},{"id_word":"101003150","id_subject":"101000161","id_course":"101000004","word":"a negotiation","mean":"qu\u00e1 tr\u00ecnh th\u01b0\u01a1ng l\u01b0\u1ee3ng","example":"","example_mean":"","num_ef":"0","time_date":"","next_time":"","num_n":"0","num_i":"0","max_q":"0","phonetic":"n\u026a\u02cc\u0261\u0259\u028a\u0283i\u02c8e\u026a\u0283n\/","des":""},{"id_word":"101003151","id_subject":"101000161","id_course":"101000004","word":"a border","mean":"bi\u00ean gi\u1edbi","example":"","example_mean":"","num_ef":"0","time_date":"","next_time":"","num_n":"0","num_i":"0","max_q":"0","phonetic":"\/\u02c8b\u0254\u02d0rd\u0259r\/","des":""},{"id_word":"101003152","id_subject":"101000161","id_course":"101000004","word":"to ship","mean":"v\u1eadn t\u1ea3i b\u1eb1ng \u0111\u01b0\u1eddng bi\u1ec3n; giao h\u00e0ng","example":"","example_mean":"","num_ef":"0","time_date":"","next_time":"","num_n":"0","num_i":"0","max_q":"0","phonetic":"\/\u0283\u026ap\/","des":""},{"id_word":"101003153","id_subject":"101000161","id_course":"101000004","word":"air freight","mean":"v\u1eadn t\u1ea3i b\u1eb1ng \u0111\u01b0\u1eddng h\u00e0ng kh\u00f4ng","example":"","example_mean":"","num_ef":"0","time_date":"","next_time":"","num_n":"0","num_i":"0","max_q":"0","phonetic":"\/er'fre\u026at\/","des":""},{"id_word":"101003154","id_subject":"101000161","id_course":"101000004","word":"an agent (a buying agent)","mean":"\u0111\u1ea1i l\u00fd","example":"","example_mean":"","num_ef":"0","time_date":"","next_time":"","num_n":"0","num_i":"0","max_q":"0","phonetic":"\/\u02c8e\u026ad\u0292\u0259nt\/ ","des":""},{"id_word":"101003155","id_subject":"101000161","id_course":"101000004","word":"a tariff","mean":"bi\u1ec3u thu\u1ebf","example":"","example_mean":"","num_ef":"0","time_date":"","next_time":"","num_n":"0","num_i":"0","max_q":"0","phonetic":"\/\u02c8t\u00e6r\u026af\/","des":""},{"id_word":"101003156","id_subject":"101000161","id_course":"101000004","word":"a tax","mean":"thu\u1ebf","example":"","example_mean":"","num_ef":"0","time_date":"","next_time":"","num_n":"0","num_i":"0","max_q":"0","phonetic":"\/t\u00e6ks\/","des":""},{"id_word":"101003157","id_subject":"101000161","id_course":"101000004","word":"value added tax","mean":"thu\u1ebf gi\u00e1 tr\u1ecb gia t\u0103ng","example":"","example_mean":"","num_ef":"0","time_date":"","next_time":"","num_n":"0","num_i":"0","max_q":"0","phonetic":"\/v\u00e6lju\u02d0 \u00e6d 't\u00e6ks\/","des":""},{"id_word":"101003158","id_subject":"101000161","id_course":"101000004","word":"to tax","mean":"\u0111\u00e1nh thu\u1ebf","example":"","example_mean":"","num_ef":"0","time_date":"","next_time":"","num_n":"0","num_i":"0","max_q":"0","phonetic":"\/t\u00e6ks\/","des":""},{"id_word":"101003159","id_subject":"101000161","id_course":"101000004","word":"an importer","mean":"nh\u00e0 nh\u1eadp kh\u1ea9u","example":"","example_mean":"","num_ef":"0","time_date":"","next_time":"","num_n":"0","num_i":"0","max_q":"0","phonetic":"\/\u026am\u02c8p\u0254\u02d0rt\u0259r\/","des":""},{"id_word":"101003160","id_subject":"101000161","id_course":"101000004","word":"an exporter","mean":"nh\u00e0 xu\u1ea5t kh\u1ea9u","example":"","example_mean":"","num_ef":"0","time_date":"","next_time":"","num_n":"0","num_i":"0","max_q":"0","phonetic":"\/ek\u02c8sp\u0254\u02d0rt\u0259r\/","des":""},{"id_word":"101003161","id_subject":"101000161","id_course":"101000004","word":"to import","mean":"nh\u1eadp kh\u1ea9u","example":"","example_mean":"","num_ef":"0","time_date":"","next_time":"","num_n":"0","num_i":"0","max_q":"0","phonetic":"\/\u02c8\u026amp\u0254\u02d0t\/","des":""},{"id_word":"101003162","id_subject":"101000161","id_course":"101000004","word":"to export","mean":"xu\u1ea5t kh\u1ea9u","example":"","example_mean":"","num_ef":"0","time_date":"","next_time":"","num_n":"0","num_i":"0","max_q":"0","phonetic":"\/\u026ak\u02c8sp\u0254\u02d0t\/","des":""},{"id_word":"101003163","id_subject":"101000161","id_course":"101000004","word":"an import","mean":"h\u00e0ng \u0111\u01b0\u1ee3c nh\u1eadp kh\u1ea9u","example":"","example_mean":"","num_ef":"0","time_date":"","next_time":"","num_n":"0","num_i":"0","max_q":"0","phonetic":"\/\u02c8\u026amp\u0254\u02d0rt\/","des":""},{"id_word":"101003164","id_subject":"101000161","id_course":"101000004","word":"an export","mean":"v\u1eadt \u0111\u01b0\u1ee3c xu\u1ea5t kh\u1ea9u","example":"","example_mean":"","num_ef":"0","time_date":"","next_time":"","num_n":"0","num_i":"0","max_q":"0","phonetic":"\/\u026ak\u02c8sp\u0254\u02d0rt\/","des":""},{"id_word":"101003165","id_subject":"101000161","id_course":"101000004","word":"goods","mean":"h\u00e0ng h\u00f3a","example":"","example_mean":"","num_ef":"0","time_date":"","next_time":"","num_n":"0","num_i":"0","max_q":"0","phonetic":"\/g\u028adz\/","des":""},{"id_word":"101003166","id_subject":"101000161","id_course":"101000004","word":"to manufacture","mean":"s\u1ea3n xu\u1ea5t","example":"","example_mean":"","num_ef":"0","time_date":"","next_time":"","num_n":"0","num_i":"0","max_q":"0","phonetic":"\/\u02ccm\u00e6nju\u02c8f\u00e6kt\u0283\u0259(r)\/ ","des":""},{"id_word":"101003167","id_subject":"101000161","id_course":"101000004","word":"to transport","mean":"v\u1eadn chuy\u1ec3n","example":"","example_mean":"","num_ef":"0","time_date":"","next_time":"","num_n":"0","num_i":"0","max_q":"0","phonetic":"\/\u02c8tr\u00e6nsp\u0254\u02d0t\/","des":""},{"id_word":"101003168","id_subject":"101000161","id_course":"101000004","word":"a shipment","mean":"h\u00e0ng \u0111\u01b0\u1ee3c chuy\u00ean ch\u1edf","example":"","example_mean":"","num_ef":"0","time_date":"","next_time":"","num_n":"0","num_i":"0","max_q":"0","phonetic":"\/\u02c8\u0283\u026apm\u0259nt\/","des":""},{"id_word":"101003169","id_subject":"101000161","id_course":"101000004","word":"a consignment","mean":"v\u1eadt k\u00fd g\u1eedi","example":"","example_mean":"","num_ef":"0","time_date":"","next_time":"","num_n":"0","num_i":"0","max_q":"0","phonetic":"\/k\u0259n\u02c8sa\u026anm\u0259nt\/","des":""},{"id_word":"101003170","id_subject":"101000161","id_course":"101000004","word":"a consignee","mean":"ng\u01b0\u1eddi nh\u1eadn v\u1eadt k\u00fd g\u1eedi","example":"","example_mean":"","num_ef":"0","time_date":"","next_time":"","num_n":"0","num_i":"0","max_q":"0","phonetic":"\/k\u0259n\u02c8sa\u026an\u026a\/","des":""},{"id_word":"101003171","id_subject":"101000161","id_course":"101000004","word":"customs","mean":"h\u1ea3i quan","example":"","example_mean":"","num_ef":"0","time_date":"","next_time":"","num_n":"0","num_i":"0","max_q":"0","phonetic":"\/\u02c8k\u028cst\u0259mz\/","des":""},{"id_word":"101003172","id_subject":"101000161","id_course":"101000004","word":"a duty","mean":"thu\u1ebf h\u00e0ng h\u00f3a nh\u1eadp kh\u1ea9u","example":"","example_mean":"","num_ef":"0","time_date":"","next_time":"","num_n":"0","num_i":"0","max_q":"0","phonetic":"\/\u02c8dju\u02d0ti\/","des":""},{"id_word":"101003173","id_subject":"101000161","id_course":"101000004","word":"a delivery","mean":"chuy\u1ec3n h\u00e0ng h\u00f3a \u0111\u1ebfn ng\u01b0\u1eddi mua","example":"","example_mean":"","num_ef":"0","time_date":"","next_time":"","num_n":"0","num_i":"0","max_q":"0","phonetic":"\/d\u026a\u02c8l\u026av\u0259ri\/","des":""},{"id_word":"101003174","id_subject":"101000161","id_course":"101000004","word":"a discount","mean":"gi\u1ea3m gi\u00e1","example":"","example_mean":"","num_ef":"0","time_date":"","next_time":"","num_n":"0","num_i":"0","max_q":"0","phonetic":"\/\u02c8d\u026aska\u028ant\/","des":""},{"id_word":"101003175","id_subject":"101000161","id_course":"101000004","word":"a broker","mean":"ng\u01b0\u1eddi m\u00f4i gi\u1edbi","example":"","example_mean":"","num_ef":"0","time_date":"","next_time":"","num_n":"0","num_i":"0","max_q":"0","phonetic":"\/\u02c8bro\u028ak\u0259r\/","des":""},{"id_word":"101003176","id_subject":"101000161","id_course":"101000004","word":"a license","mean":"gi\u1ea5y ph\u00e9p","example":"","example_mean":"","num_ef":"0","time_date":"","next_time":"","num_n":"0","num_i":"0","max_q":"0","phonetic":"\/\u02c8la\u026asns\/","des":""},{"id_word":"101003177","id_subject":"101000161","id_course":"101000004","word":"free trade zone","mean":"khu m\u1ef1c m\u1eadu d\u1ecbch t\u1ef1 do","example":"","example_mean":"","num_ef":"0","time_date":"","next_time":"","num_n":"0","num_i":"0","max_q":"0","phonetic":" \/fri\u02d0 tre\u026ad 'zo\u028an\/","des":""},{"id_word":"101003178","id_subject":"101000161","id_course":"101000004","word":"freight forwarder","mean":"ng\u01b0\u1eddi giao nh\u1eadn","example":"","example_mean":"","num_ef":"0","time_date":"","next_time":"","num_n":"0","num_i":"0","max_q":"0","phonetic":"\/fre\u026at\u02c8f\u0254\u02d0w\u0259d\u0259r\/","des":""},{"id_word":"101003179","id_subject":"101000161","id_course":"101000004","word":"a quota","mean":"h\u1ea1n ng\u1ea1ch","example":"","example_mean":"","num_ef":"0","time_date":"","next_time":"","num_n":"0","num_i":"0","max_q":"0","phonetic":"\/\u02c8kw\u0259\u028at\u0259\/","des":""},{"id_word":"101003180","id_subject":"101000161","id_course":"101000004","word":"a bill of lading","mean":"v\u1eadn \u0111\u01a1n \u0111\u01b0\u1eddng bi\u1ec3n; ch\u1ee9ng t\u1eeb v\u1ec1 th\u1ecfa thu\u1eadn gi\u1eefa nh\u00e0 xu\u1ea5t kh\u1ea9u v\u00e0 nh\u00e0 v\u1eadn chuy\u1ec3n h\u00e0ng h\u00f3a","example":"","example_mean":"","num_ef":"0","time_date":"","next_time":"","num_n":"0","num_i":"0","max_q":"0","phonetic":"\/\u02ccb\u026al \u0259v \u02c8le\u026ad\u026a\u014b\/","des":""},{"id_word":"101003181","id_subject":"101000161","id_course":"101000004","word":"customs officer","mean":"nh\u00e2n vi\u00ean h\u1ea3i quan","example":"","example_mean":"","num_ef":"0","time_date":"","next_time":"","num_n":"0","num_i":"0","max_q":"0","phonetic":"\/\u02c8k\u028cst\u0259mz \u02c8\u0254\u02d0f\u026as\u0259r\/","des":""},{"id_word":"101003182","id_subject":"101000161","id_course":"101000004","word":"to inspect","mean":"thanh tra","example":"","example_mean":"","num_ef":"0","time_date":"","next_time":"","num_n":"0","num_i":"0","max_q":"0","phonetic":"\/\u026an\u02c8spekt\/","des":""},{"id_word":"101003183","id_subject":"101000161","id_course":"101000004","word":"to seize","mean":"t\u1ecbch thu","example":"","example_mean":"","num_ef":"0","time_date":"","next_time":"","num_n":"0","num_i":"0","max_q":"0","phonetic":" \/si\u02d0z\/","des":""}]