[{"id_word":"101009466","id_subject":"101000433","id_course":"101000016","word":"Help yourself!","mean":"C\u1ee9 t\u1ef1 nhi\u00ean nh\u00e9!","example":"","example_mean":"","num_ef":"0","time_date":"","next_time":"","num_n":"0","num_i":"0","max_q":"0","phonetic":"\/help j\u028ar\u02c8self\/","des":""},{"id_word":"101009467","id_subject":"101000433","id_course":"101000016","word":"Absolutely!","mean":"Ch\u1eafc ch\u1eafn r\u1ed3i!","example":"","example_mean":"","num_ef":"0","time_date":"","next_time":"","num_n":"0","num_i":"0","max_q":"0","phonetic":"\/\u02cc\u00e6bs\u0259\u02c8lu\u02d0tli\u02d0\/","des":""},{"id_word":"101009468","id_subject":"101000433","id_course":"101000016","word":"What have you been doing?","mean":"D\u1ea1o n\u00e0y \u0111ang l\u00e0m g\u00ec?","example":"","example_mean":"","num_ef":"0","time_date":"","next_time":"","num_n":"0","num_i":"0","max_q":"0","phonetic":"\/hw\u028ct h\u0259v ju\u02d0 b\u026an \u02c8du\u02d0\u026a\u014b\/","des":""},{"id_word":"101009469","id_subject":"101000433","id_course":"101000016","word":"Nothing much","mean":"Kh\u00f4ng c\u00f3 g\u00ec m\u1edbi c\u1ea3","example":"","example_mean":"","num_ef":"0","time_date":"","next_time":"","num_n":"0","num_i":"0","max_q":"0","phonetic":"\/\u02c8n\u028c\u03b8\u026a\u014b m\u028c\u02a7\/","des":""},{"id_word":"101009470","id_subject":"101000433","id_course":"101000016","word":"What's on your mind?","mean":"B\u1ea1n \u0111ang lo l\u1eafng g\u00ec v\u1eady?","example":"","example_mean":"","num_ef":"0","time_date":"","next_time":"","num_n":"0","num_i":"0","max_q":"0","phonetic":"\/hw\u028cts \u0251\u02d0n j\u028ar ma\u026and\/","des":""},{"id_word":"101009471","id_subject":"101000433","id_course":"101000016","word":"I was just thinking","mean":"T\u00f4i ch\u1ec9 ngh\u0129 linh tinh th\u00f4i","example":"","example_mean":"","num_ef":"0","time_date":"","next_time":"","num_n":"0","num_i":"0","max_q":"0","phonetic":"\/a\u026a w\u028cz \u02a4\u028cst \u02c8\u03b8\u026a\u014bk\u026a\u014b\/","des":""},{"id_word":"101009472","id_subject":"101000433","id_course":"101000016","word":"I was just daydreaming","mean":"T\u00f4i ch\u1ec9 \u0111\u00e3ng tr\u00ed \u0111\u00f4i ch\u00fat th\u00f4i","example":"","example_mean":"","num_ef":"0","time_date":"","next_time":"","num_n":"0","num_i":"0","max_q":"0","phonetic":"\/a\u026a w\u028cz \u02a4\u028cst (daydreaming)\/","des":""},{"id_word":"101009473","id_subject":"101000433","id_course":"101000016","word":"It's none of your business","mean":"Kh\u00f4ng ph\u1ea3i l\u00e0 chuy\u1ec7n c\u1ee7a b\u1ea1n","example":"","example_mean":"","num_ef":"0","time_date":"","next_time":"","num_n":"0","num_i":"0","max_q":"0","phonetic":"\/its n\u028cn \u0259v j\u028ar \u02c8b\u026azn\u026as\/","des":""},{"id_word":"101009474","id_subject":"101000433","id_course":"101000016","word":"Is that so?","mean":"V\u1eady h\u1ea3?","example":"","example_mean":"","num_ef":"0","time_date":"","next_time":"","num_n":"0","num_i":"0","max_q":"0","phonetic":"\/\u026az \u00f0\u00e6t so\u028a\/","des":""},{"id_word":"101009475","id_subject":"101000433","id_course":"101000016","word":"How come?","mean":"L\u00e0m th\u1ebf n\u00e0o v\u1eady?","example":"","example_mean":"","num_ef":"0","time_date":"","next_time":"","num_n":"0","num_i":"0","max_q":"0","phonetic":"\/ha\u028a k\u028cm\/","des":""},{"id_word":"101009476","id_subject":"101000433","id_course":"101000016","word":"How's it going?","mean":"D\u1ea1o n\u00e0y ra sao r\u1ed3i?","example":"","example_mean":"","num_ef":"0","time_date":"","next_time":"","num_n":"0","num_i":"0","max_q":"0","phonetic":"\/ha\u028az \u026at \u02c8go\u028a\u026a\u014b\/","des":""},{"id_word":"101009477","id_subject":"101000433","id_course":"101000016","word":"Definitely!","mean":"Qu\u00e1 \u0111\u00fang!","example":"","example_mean":"","num_ef":"0","time_date":"","next_time":"","num_n":"0","num_i":"0","max_q":"0","phonetic":"\/\u02c8def\u0259n\u026atli\/","des":""},{"id_word":"101009478","id_subject":"101000433","id_course":"101000016","word":"Of course!","mean":"D\u0129 nhi\u00ean!","example":"","example_mean":"","num_ef":"0","time_date":"","next_time":"","num_n":"0","num_i":"0","max_q":"0","phonetic":"\/\u0259v k\u0254\u02d0rs\/","des":""},{"id_word":"101009479","id_subject":"101000433","id_course":"101000016","word":"You better believe it!","mean":"Ch\u1eafc ch\u1eafn m\u00e0","example":"","example_mean":"","num_ef":"0","time_date":"","next_time":"","num_n":"0","num_i":"0","max_q":"0","phonetic":"\/ju\u02d0 \u02c8bet\u0259r b\u026a\u02c8li\u02d0v \u026at\/","des":""},{"id_word":"101009480","id_subject":"101000433","id_course":"101000016","word":"I guess so","mean":"T\u00f4i \u0111o\u00e1n v\u1eady","example":"","example_mean":"","num_ef":"0","time_date":"","next_time":"","num_n":"0","num_i":"0","max_q":"0","phonetic":"\/a\u026a ges so\u028a\/","des":""},{"id_word":"101009481","id_subject":"101000433","id_course":"101000016","word":"There's no way to know","mean":"L\u00e0m sao m\u00e0 bi\u1ebft \u0111\u01b0\u1ee3c","example":"","example_mean":"","num_ef":"0","time_date":"","next_time":"","num_n":"0","num_i":"0","max_q":"0","phonetic":"\/\u00f0erz no\u028a we\u026a tu\u02d0 no\u028a\/","des":""},{"id_word":"101009482","id_subject":"101000433","id_course":"101000016","word":"I can't say for sure","mean":"T\u00f4i kh\u00f4ng th\u1ec3 n\u00f3i ch\u1eafc","example":"","example_mean":"","num_ef":"0","time_date":"","next_time":"","num_n":"0","num_i":"0","max_q":"0","phonetic":"\/a\u026a k\u00e6nt se\u026a f\u0259r \u0283\u028ar\/","des":""},{"id_word":"101009483","id_subject":"101000433","id_course":"101000016","word":"This is too good to be true!","mean":"Chuy\u1ec7n n\u00e0y kh\u00f3 tin qu\u00e1!","example":"","example_mean":"","num_ef":"0","time_date":"","next_time":"","num_n":"0","num_i":"0","max_q":"0","phonetic":"\/\u00f0\u026as \u026az tu\u02d0 g\u028ad tu\u02d0 bi\u02d0 tru\u02d0\/","des":""},{"id_word":"101009484","id_subject":"101000433","id_course":"101000016","word":"No way! (Stop joking!)","mean":"Th\u00f4i \u0111i (\u0111\u1eebng \u0111\u00f9a n\u1eefa)","example":"","example_mean":"","num_ef":"0","time_date":"","next_time":"","num_n":"0","num_i":"0","max_q":"0","phonetic":"\/st\u0251\u02d0p \u02c8\u02a4o\u028ak\u026a\u014b\/","des":""},{"id_word":"101009485","id_subject":"101000433","id_course":"101000016","word":"I got it","mean":"T\u00f4i hi\u1ec3u r\u1ed3i","example":"","example_mean":"","num_ef":"0","time_date":"","next_time":"","num_n":"0","num_i":"0","max_q":"0","phonetic":"\/a\u026a g\u0251\u02d0t \u026at\/","des":""},{"id_word":"101009486","id_subject":"101000433","id_course":"101000016","word":"Right on!","mean":"Qu\u00e1 \u0111\u00fang!","example":"","example_mean":"","num_ef":"0","time_date":"","next_time":"","num_n":"0","num_i":"0","max_q":"0","phonetic":"\/ra\u026at \u0251\u02d0n\/","des":""},{"id_word":"101009487","id_subject":"101000433","id_course":"101000016","word":"I did it!","mean":"T\u00f4i th\u00e0nh c\u00f4ng r\u1ed3i!","example":"","example_mean":"","num_ef":"0","time_date":"","next_time":"","num_n":"0","num_i":"0","max_q":"0","phonetic":"\/a\u026a d\u026ad \u026at\/","des":""},{"id_word":"101009488","id_subject":"101000433","id_course":"101000016","word":"Got a minute?","mean":"C\u00f3 r\u1ea3nh kh\u00f4ng?","example":"","example_mean":"","num_ef":"0","time_date":"","next_time":"","num_n":"0","num_i":"0","max_q":"0","phonetic":"\/g\u0251\u02d0t \u0259 \u02c8m\u026an\u026at\/","des":""},{"id_word":"101009489","id_subject":"101000433","id_course":"101000016","word":"About when?","mean":"V\u00e0o kho\u1ea3ng th\u1eddi gian n\u00e0o?","example":"","example_mean":"","num_ef":"0","time_date":"","next_time":"","num_n":"0","num_i":"0","max_q":"0","phonetic":"\/\u0259\u02c8ba\u028at hwen\/","des":""},{"id_word":"101009490","id_subject":"101000433","id_course":"101000016","word":"I won't take but a minute","mean":"S\u1ebd kh\u00f4ng m\u1ea5t nhi\u1ec1u th\u1eddi gian \u0111\u00e2u","example":"","example_mean":"","num_ef":"0","time_date":"","next_time":"","num_n":"0","num_i":"0","max_q":"0","phonetic":"\/a\u026a wo\u028ant te\u026ak b\u028ct \u0259 \u02c8m\u026an\u026at\/","des":""},{"id_word":"101009491","id_subject":"101000433","id_course":"101000016","word":"Speak up!","mean":"H\u00e3y n\u00f3i l\u1edbn l\u00ean","example":"","example_mean":"","num_ef":"0","time_date":"","next_time":"","num_n":"0","num_i":"0","max_q":"0","phonetic":"\/spi\u02d0k \u028cp\/","des":""},{"id_word":"101009492","id_subject":"101000433","id_course":"101000016","word":"Seen?","mean":"C\u00f3 th\u1ea5y kh\u00f4ng?","example":"","example_mean":"","num_ef":"0","time_date":"","next_time":"","num_n":"0","num_i":"0","max_q":"0","phonetic":"\/seen (Melissa)\/","des":""},{"id_word":"101009493","id_subject":"101000433","id_course":"101000016","word":"So we've met again, eh?","mean":"Th\u1ebf l\u00e0 ta l\u1ea1i g\u1eb7p nhau ph\u1ea3i kh\u00f4ng?","example":"","example_mean":"","num_ef":"0","time_date":"","next_time":"","num_n":"0","num_i":"0","max_q":"0","phonetic":"\/so\u028a wi\u02d0v met \u0259\u02c8gen e\u026a\/","des":""},{"id_word":"101009494","id_subject":"101000433","id_course":"101000016","word":"Come here","mean":"\u0110\u1ebfn \u0111\u00e2y","example":"","example_mean":"","num_ef":"0","time_date":"","next_time":"","num_n":"0","num_i":"0","max_q":"0","phonetic":"\/k\u028cm hi\u02d0r\/","des":""},{"id_word":"101009495","id_subject":"101000433","id_course":"101000016","word":"Come over","mean":"Gh\u00e9 ch\u01a1i","example":"","example_mean":"","num_ef":"0","time_date":"","next_time":"","num_n":"0","num_i":"0","max_q":"0","phonetic":"\/k\u028cm \u02c8o\u028av\u0259r\/","des":""},{"id_word":"101009496","id_subject":"101000433","id_course":"101000016","word":"Don't go yet","mean":"\u0110\u1eebng \u0111i v\u1ed9i","example":"","example_mean":"","num_ef":"0","time_date":"","next_time":"","num_n":"0","num_i":"0","max_q":"0","phonetic":"\/do\u028ant go\u028a jet\/","des":""},{"id_word":"101009497","id_subject":"101000433","id_course":"101000016","word":"Please go first. After you","mean":"Xin nh\u01b0\u1eddng \u0111i tr\u01b0\u1edbc. T\u00f4i xin \u0111i sau","example":"","example_mean":"","num_ef":"0","time_date":"","next_time":"","num_n":"0","num_i":"0","max_q":"0","phonetic":"\/\u02c8\u00e6ft\u0259r ju\u02d0\/","des":""},{"id_word":"101009498","id_subject":"101000433","id_course":"101000016","word":"Thanks for letting me go first","mean":"C\u00e1m \u01a1n \u0111\u00e3 nh\u01b0\u1eddng \u0111\u01b0\u1eddng","example":"","example_mean":"","num_ef":"0","time_date":"","next_time":"","num_n":"0","num_i":"0","max_q":"0","phonetic":"\/\u03b8\u00e6\u014bks f\u0259r \u02c8let\u026a\u014b \u02c8mi\u02d0 go\u028a f\u025c\u02d0rst\/","des":""},{"id_word":"101009499","id_subject":"101000433","id_course":"101000016","word":"What a relief","mean":"Th\u1eadt l\u00e0 nh\u1eb9 nh\u00f5m","example":"","example_mean":"","num_ef":"0","time_date":"","next_time":"","num_n":"0","num_i":"0","max_q":"0","phonetic":"\/hw\u028ct \u0259 r\u026a\u02c8li\u02d0f\/","des":""},{"id_word":"101009500","id_subject":"101000433","id_course":"101000016","word":"What the hell are you doing?","mean":"Anh \u0111ang l\u00e0m c\u00e1i qu\u00e1i g\u00ec th\u1ebf kia?","example":"","example_mean":"","num_ef":"0","time_date":"","next_time":"","num_n":"0","num_i":"0","max_q":"0","phonetic":"\/hw\u028ct \u00f0\u0259 hel \u0251\u02d0r ju\u02d0 \u02c8du\u02d0\u026a\u014b\/","des":""},{"id_word":"101009501","id_subject":"101000433","id_course":"101000016","word":"You're a life saver","mean":"B\u1ea1n \u0111\u00fang l\u00e0 c\u1ee9u tinh","example":"","example_mean":"","num_ef":"0","time_date":"","next_time":"","num_n":"0","num_i":"0","max_q":"0","phonetic":"\/j\u028ar \u0259 la\u026af \u02c8se\u026av\u0259r\/","des":""},{"id_word":"101009502","id_subject":"101000433","id_course":"101000016","word":"I know I can count on you","mean":"T\u00f4i bi\u1ebft m\u00ecnh c\u00f3 th\u1ec3 tr\u00f4ng c\u1eady v\u00e0o b\u1ea1n m\u00e0","example":"","example_mean":"","num_ef":"0","time_date":"","next_time":"","num_n":"0","num_i":"0","max_q":"0","phonetic":"\/a\u026a no\u028a a\u026a k\u00e6n (count) \u0251\u02d0n ju\u02d0\/","des":""},{"id_word":"101009503","id_subject":"101000433","id_course":"101000016","word":"Get your head out of your ass!","mean":"\u0110\u1eebng c\u00f3 gi\u1ea3 v\u1edd kh\u1edd kh\u1ea1o!","example":"","example_mean":"","num_ef":"0","time_date":"","next_time":"","num_n":"0","num_i":"0","max_q":"0","phonetic":"\/get j\u028ar hed a\u028at \u0259v j\u028ar \u00e6s\/","des":""},{"id_word":"101009504","id_subject":"101000433","id_course":"101000016","word":"That's a lie!","mean":"X\u1ea1o qu\u00e1!","example":"","example_mean":"","num_ef":"0","time_date":"","next_time":"","num_n":"0","num_i":"0","max_q":"0","phonetic":"\/\u00f0\u00e6ts \u0259 la\u026a\/","des":""},{"id_word":"101009505","id_subject":"101000433","id_course":"101000016","word":"Do as I say","mean":"L\u00e0m theo l\u1eddi t\u00f4i","example":"","example_mean":"","num_ef":"0","time_date":"","next_time":"","num_n":"0","num_i":"0","max_q":"0","phonetic":"\/du\u02d0 \u00e6z a\u026a se\u026a\/","des":""},{"id_word":"101009506","id_subject":"101000433","id_course":"101000016","word":"This is the limit!","mean":"\u0110\u1ee7 r\u1ed3i \u0111\u00f3!","example":"","example_mean":"","num_ef":"0","time_date":"","next_time":"","num_n":"0","num_i":"0","max_q":"0","phonetic":"\/\u00f0\u026as \u026az \u00f0\u0259 \u02c8l\u026am\u026at\/","des":""},{"id_word":"101009507","id_subject":"101000433","id_course":"101000016","word":"Explain to me why","mean":"H\u00e3y gi\u1ea3i th\u00edch cho t\u00f4i t\u1ea1i sao","example":"","example_mean":"","num_ef":"0","time_date":"","next_time":"","num_n":"0","num_i":"0","max_q":"0","phonetic":"\/\u026ak\u02c8sple\u026an tu\u02d0 \u02c8mi\u02d0 hwa\u026a\/","des":""},{"id_word":"101009508","id_subject":"101000433","id_course":"101000016","word":"Ask for it!","mean":"T\u1ef1 m\u00ecnh l\u00e0m th\u00ec t\u1ef1 m\u00ecnh ch\u1ecbu \u0111i!","example":"","example_mean":"","num_ef":"0","time_date":"","next_time":"","num_n":"0","num_i":"0","max_q":"0","phonetic":"\/\u00e6sk f\u0259r \u026at\/","des":""},{"id_word":"101009509","id_subject":"101000433","id_course":"101000016","word":"In the nick of time","mean":"Th\u1eadt l\u00e0 \u0111\u00fang l\u00fac","example":"","example_mean":"","num_ef":"0","time_date":"","next_time":"","num_n":"0","num_i":"0","max_q":"0","phonetic":"\/\u026an \u00f0\u0259 n\u026ak \u0259v ta\u026am\/","des":""},{"id_word":"101009510","id_subject":"101000433","id_course":"101000016","word":"No litter","mean":"C\u1ea5m v\u1ee9t r\u00e1c","example":"","example_mean":"","num_ef":"0","time_date":"","next_time":"","num_n":"0","num_i":"0","max_q":"0","phonetic":"\/no\u028a \u02c8l\u026at\u0259r\/","des":""},{"id_word":"101009511","id_subject":"101000433","id_course":"101000016","word":"Go for it!","mean":"C\u1ee9 li\u1ec1u th\u1eed \u0111i","example":"","example_mean":"","num_ef":"0","time_date":"","next_time":"","num_n":"0","num_i":"0","max_q":"0","phonetic":"\/go\u028a f\u0259r \u026at\/","des":""},{"id_word":"101009512","id_subject":"101000433","id_course":"101000016","word":"What a jerk!","mean":"Th\u1eadt l\u00e0 \u0111\u00e1ng gh\u00e9t","example":"","example_mean":"","num_ef":"0","time_date":"","next_time":"","num_n":"0","num_i":"0","max_q":"0","phonetic":"\/hw\u028ct \u0259 \u02a4\u025c\u02d0rk\/","des":""},{"id_word":"101009513","id_subject":"101000433","id_course":"101000016","word":"How cute!","mean":"Ng\u1ed9 ng\u0129nh, d\u1ec5 th\u01b0\u01a1ng qu\u00e1!","example":"","example_mean":"","num_ef":"0","time_date":"","next_time":"","num_n":"0","num_i":"0","max_q":"0","phonetic":"\/ha\u028a kju\u02d0t\/","des":""},{"id_word":"101009514","id_subject":"101000433","id_course":"101000016","word":"None of your business!","mean":"Kh\u00f4ng ph\u1ea3i vi\u1ec7c c\u1ee7a b\u1ea1n","example":"","example_mean":"","num_ef":"0","time_date":"","next_time":"","num_n":"0","num_i":"0","max_q":"0","phonetic":"\/n\u028cn \u0259v j\u028ar \u02c8b\u026azn\u026as\/","des":""},{"id_word":"101009515","id_subject":"101000433","id_course":"101000016","word":"Don't peep!","mean":"\u0110\u1eebng nh\u00ecn l\u00e9n!","example":"","example_mean":"","num_ef":"0","time_date":"","next_time":"","num_n":"0","num_i":"0","max_q":"0","phonetic":"\/do\u028ant pi\u02d0p\/","des":""},{"id_word":"101009516","id_subject":"101000434","id_course":"101000016","word":"What I'm going to do if","mean":"L\u00e0m sao \u0111\u00e2y n\u1ebfu","example":"","example_mean":"","num_ef":"0","time_date":"","next_time":"","num_n":"0","num_i":"0","max_q":"0","phonetic":"\/hw\u028ct a\u026am \u02c8go\u028a\u026a\u014b tu\u02d0 du\u02d0 \u026af\/","des":""},{"id_word":"101009517","id_subject":"101000434","id_course":"101000016","word":"Stop it right a way!","mean":"C\u00f3 th\u00f4i ngay \u0111i kh\u00f4ng","example":"","example_mean":"","num_ef":"0","time_date":"","next_time":"","num_n":"0","num_i":"0","max_q":"0","phonetic":"\/st\u0251\u02d0p \u026at ra\u026at \u0259 we\u026a\/","des":""},{"id_word":"101009518","id_subject":"101000434","id_course":"101000016","word":"A wise guy, eh?!","mean":"\u00c1 \u00e0 th\u1eb1ng n\u00e0y l\u00e1o","example":"","example_mean":"","num_ef":"0","time_date":"","next_time":"","num_n":"0","num_i":"0","max_q":"0","phonetic":"\/()\/","des":""},{"id_word":"101009519","id_subject":"101000434","id_course":"101000016","word":"You'd better stop dawdling","mean":"T\u1ed1t h\u01a1n h\u1ebft l\u00e0 m\u00e0y \u0111\u1eebng c\u00f3 l\u00eau l\u1ecfng","example":"","example_mean":"","num_ef":"0","time_date":"","next_time":"","num_n":"0","num_i":"0","max_q":"0","phonetic":"\/ju\u02d0d \u02c8bet\u0259r st\u0251\u02d0p \u02c8d\u0254\u02d0dl\u026a\u014b\/","des":""},{"id_word":"101009520","id_subject":"101000434","id_course":"101000016","word":"Say cheese!","mean":"C\u01b0\u1eddi l\u00ean n\u00e0o!","example":"","example_mean":"","num_ef":"0","time_date":"","next_time":"","num_n":"0","num_i":"0","max_q":"0","phonetic":"\/se\u026a \u02a7i\u02d0z\/","des":""},{"id_word":"101009521","id_subject":"101000434","id_course":"101000016","word":"Be good!","mean":"Ngoan nha! ","example":"","example_mean":"","num_ef":"0","time_date":"","next_time":"","num_n":"0","num_i":"0","max_q":"0","phonetic":"\/bi\u02d0 g\u028ad\/","des":"(N\u00f3i v\u1edbi tr\u1ebb con)"},{"id_word":"101009522","id_subject":"101000434","id_course":"101000016","word":"Bottoms up!","mean":"tr\u0103m ph\u1ea7n tr\u0103m n\u00e0o!","example":"","example_mean":"","num_ef":"0","time_date":"","next_time":"","num_n":"0","num_i":"0","max_q":"0","phonetic":"\/\u02c8b\u0251\u02d0t\u0259mz \u028cp\/","des":""},{"id_word":"101009523","id_subject":"101000434","id_course":"101000016","word":"Me? Not likely!","mean":"T\u00f4i h\u1ea3? Kh\u00f4ng \u0111\u1eddi n\u00e0o!","example":"","example_mean":"","num_ef":"0","time_date":"","next_time":"","num_n":"0","num_i":"0","max_q":"0","phonetic":"\/n\u0251\u02d0t \u02c8la\u026akli\u02d0\/","des":""},{"id_word":"101009524","id_subject":"101000434","id_course":"101000016","word":"Scratch one's head","mean":"Ngh\u0129 mu\u1ed1n n\u00e1t \u00f3c","example":"","example_mean":"","num_ef":"0","time_date":"","next_time":"","num_n":"0","num_i":"0","max_q":"0","phonetic":"\/skr\u00e6\u02a7 w\u028cnz hed\/","des":""},{"id_word":"101009525","id_subject":"101000434","id_course":"101000016","word":"Take it or leave it!","mean":"Ch\u1ecbu th\u00ec l\u1ea5y, kh\u00f4ng ch\u1ecbu th\u00ec th\u00f4i!","example":"","example_mean":"","num_ef":"0","time_date":"","next_time":"","num_n":"0","num_i":"0","max_q":"0","phonetic":"\/te\u026ak \u026at \u0259r li\u02d0v \u026at\/","des":""},{"id_word":"101009526","id_subject":"101000434","id_course":"101000016","word":"Hell with haggling!","mean":"Th\u00e2y k\u1ec7 n\u00f3!","example":"","example_mean":"","num_ef":"0","time_date":"","next_time":"","num_n":"0","num_i":"0","max_q":"0","phonetic":"\/hel w\u026a\u00f0 \u02c8h\u00e6g\u028cl\u026a\u014b\/","des":""},{"id_word":"101009527","id_subject":"101000434","id_course":"101000016","word":"Mark my words!","mean":"Nh\u1edb l\u1eddi t\u00f4i \u0111\u00f3!","example":"","example_mean":"","num_ef":"0","time_date":"","next_time":"","num_n":"0","num_i":"0","max_q":"0","phonetic":"\/m\u0251\u02d0rk ma\u026a w\u025c\u02d0rdz\/","des":""},{"id_word":"101009528","id_subject":"101000434","id_course":"101000016","word":"What a relief!","mean":"\u0110\u1ee1 qu\u00e1!","example":"","example_mean":"","num_ef":"0","time_date":"","next_time":"","num_n":"0","num_i":"0","max_q":"0","phonetic":"\/hw\u028ct \u0259 r\u026a\u02c8li\u02d0f\/","des":""},{"id_word":"101009529","id_subject":"101000434","id_course":"101000016","word":"Enjoy your meal!","mean":"\u0102n ngon mi\u1ec7ng nha!","example":"","example_mean":"","num_ef":"0","time_date":"","next_time":"","num_n":"0","num_i":"0","max_q":"0","phonetic":"\/en\u02c8\u02a4\u0254\u026a j\u028ar mi\u02d0l\/","des":""},{"id_word":"101009530","id_subject":"101000434","id_course":"101000016","word":"It serves you right!","mean":"\u0110\u00e1ng \u0111\u1eddi m\u00e0y!","example":"","example_mean":"","num_ef":"0","time_date":"","next_time":"","num_n":"0","num_i":"0","max_q":"0","phonetic":"\/\u026at s\u025c\u02d0rvz ju\u02d0 ra\u026at\/","des":""},{"id_word":"101009531","id_subject":"101000434","id_course":"101000016","word":"The more, the merrier!","mean":"C\u00e0ng \u0111\u00f4ng c\u00e0ng vui","example":"","example_mean":"","num_ef":"0","time_date":"","next_time":"","num_n":"0","num_i":"0","max_q":"0","phonetic":"\/\u00f0\u0259 m\u0254\u02d0r \u00f0i\u02d0 (merrier)\/","des":""},{"id_word":"101009532","id_subject":"101000434","id_course":"101000016","word":"Boys will be boys!","mean":"N\u00f3 ch\u1ec9 l\u00e0 tr\u1ebb con th\u00f4i m\u00e0!","example":"","example_mean":"","num_ef":"0","time_date":"","next_time":"","num_n":"0","num_i":"0","max_q":"0","phonetic":"\/\u02c8b\u0254\u026az w\u026al bi\u02d0 \u02c8b\u0254\u026az\/","des":""},{"id_word":"101009533","id_subject":"101000434","id_course":"101000016","word":"Good job!","mean":"L\u00e0m t\u1ed1t l\u1eafm!","example":"","example_mean":"","num_ef":"0","time_date":"","next_time":"","num_n":"0","num_i":"0","max_q":"0","phonetic":"\/g\u028ad \u02a4\u0251\u02d0b\/","des":""},{"id_word":"101009534","id_subject":"101000434","id_course":"101000016","word":"Just for fun!","mean":"\u0110\u00f9a ch\u00fat th\u00f4i","example":"","example_mean":"","num_ef":"0","time_date":"","next_time":"","num_n":"0","num_i":"0","max_q":"0","phonetic":"\/\u02a4\u028cst f\u0259r f\u028cn\/","des":""},{"id_word":"101009535","id_subject":"101000434","id_course":"101000016","word":"Try your best!","mean":"C\u1ed1 g\u1eafng l\u00ean","example":"","example_mean":"","num_ef":"0","time_date":"","next_time":"","num_n":"0","num_i":"0","max_q":"0","phonetic":"\/tra\u026a j\u028ar best\/","des":""},{"id_word":"101009536","id_subject":"101000434","id_course":"101000016","word":"Make some noise!","mean":"S\u00f4i n\u1ed5i l\u00ean n\u00e0o!","example":"","example_mean":"","num_ef":"0","time_date":"","next_time":"","num_n":"0","num_i":"0","max_q":"0","phonetic":"\/me\u026ak s\u028cm n\u0254\u026az\/","des":""},{"id_word":"101009537","id_subject":"101000434","id_course":"101000016","word":"Congratulations!","mean":"Ch\u00fac m\u1eebng!","example":"","example_mean":"","num_ef":"0","time_date":"","next_time":"","num_n":"0","num_i":"0","max_q":"0","phonetic":"\/k\u0259n\u02ccgr\u00e6\u02a7\u028c\u02c8le\u026a\u0283\u0259nz\/","des":""},{"id_word":"101009538","id_subject":"101000434","id_course":"101000016","word":"Rain cats and dogs","mean":"M\u01b0a t\u1ea7m t\u00e3","example":"","example_mean":"","num_ef":"0","time_date":"","next_time":"","num_n":"0","num_i":"0","max_q":"0","phonetic":"\/re\u026an k\u00e6ts \u00e6nd d\u0254\u02d0gz\/","des":""},{"id_word":"101009539","id_subject":"101000434","id_course":"101000016","word":"Love you love your dog","mean":"Y\u00eau nhau y\u00eau c\u1ea3 \u0111\u01b0\u1eddng \u0111i, gh\u00e9t nhau gh\u00e9t c\u1ea3 t\u00f4ng ty h\u1ecd h\u00e0ng","example":"","example_mean":"","num_ef":"0","time_date":"","next_time":"","num_n":"0","num_i":"0","max_q":"0","phonetic":"\/l\u028cv ju\u02d0 l\u028cv j\u028ar d\u0254\u02d0g\/","des":""},{"id_word":"101009540","id_subject":"101000434","id_course":"101000016","word":"Strike it","mean":"Tr\u00fang qu\u1ea3","example":"","example_mean":"","num_ef":"0","time_date":"","next_time":"","num_n":"0","num_i":"0","max_q":"0","phonetic":"\/stra\u026ak \u026at\/","des":""},{"id_word":"101009541","id_subject":"101000434","id_course":"101000016","word":"Always the same","mean":"Tr\u01b0\u1edbc sau nh\u01b0 m\u1ed9t","example":"","example_mean":"","num_ef":"0","time_date":"","next_time":"","num_n":"0","num_i":"0","max_q":"0","phonetic":"\/\u02c8\u0254\u02d0lwe\u026az \u00f0\u0259 se\u026am\/","des":""},{"id_word":"101009542","id_subject":"101000434","id_course":"101000016","word":"Hit it off","mean":"T\u00e2m \u0111\u1ea7u \u00fd h\u1ee3p","example":"","example_mean":"","num_ef":"0","time_date":"","next_time":"","num_n":"0","num_i":"0","max_q":"0","phonetic":"\/h\u026at \u026at \u0254\u02d0f\/","des":""},{"id_word":"101009543","id_subject":"101000434","id_course":"101000016","word":"Hit or miss","mean":"\u0110\u01b0\u1ee3c ch\u0103ng hay ch\u1edb","example":"","example_mean":"","num_ef":"0","time_date":"","next_time":"","num_n":"0","num_i":"0","max_q":"0","phonetic":"\/h\u026at \u0259r m\u026as\/","des":""},{"id_word":"101009544","id_subject":"101000434","id_course":"101000016","word":"Add fuel to the fire","mean":"Th\u00eam d\u1ea7u v\u00e0o l\u1eeda","example":"","example_mean":"","num_ef":"0","time_date":"","next_time":"","num_n":"0","num_i":"0","max_q":"0","phonetic":"\/\u00e6d \u02c8fju\u02d0\u0259l tu\u02d0 \u00f0\u0259 fa\u026ar\/","des":""},{"id_word":"101009545","id_subject":"101000434","id_course":"101000016","word":"Don't mention it!","mean":"Kh\u00f4ng c\u00f3 chi","example":"","example_mean":"","num_ef":"0","time_date":"","next_time":"","num_n":"0","num_i":"0","max_q":"0","phonetic":"\/do\u028ant \u02c8men\u0283\u0259n \u026at\/","des":""},{"id_word":"101009546","id_subject":"101000434","id_course":"101000016","word":"Just kidding","mean":"Ch\u1ec9 \u0111\u00f9a th\u00f4i","example":"","example_mean":"","num_ef":"0","time_date":"","next_time":"","num_n":"0","num_i":"0","max_q":"0","phonetic":"\/\u02a4\u028cst \u02c8k\u026ad\u026a\u014b\/","des":""},{"id_word":"101009547","id_subject":"101000434","id_course":"101000016","word":"No, not a bit","mean":"Kh\u00f4ng, ch\u1eb3ng c\u00f3 g\u00ec","example":"","example_mean":"","num_ef":"0","time_date":"","next_time":"","num_n":"0","num_i":"0","max_q":"0","phonetic":"\/no\u028a n\u0251\u02d0t \u0259 b\u026at\/","des":""},{"id_word":"101009548","id_subject":"101000434","id_course":"101000016","word":"Nothing particular!","mean":"Kh\u00f4ng c\u00f3 g\u00ec \u0111\u1eb7c bi\u1ec7t c\u1ea3","example":"","example_mean":"","num_ef":"0","time_date":"","next_time":"","num_n":"0","num_i":"0","max_q":"0","phonetic":"\/\u02c8n\u028c\u03b8\u026a\u014b p\u0259r\u02c8t\u026akj\u0259l\u0259r\/","des":""},{"id_word":"101009549","id_subject":"101000434","id_course":"101000016","word":"Have I got your word on that?","mean":"T\u00f4i c\u00f3 n\u00ean tin v\u00e0o l\u1eddi h\u1ee9a c\u1ee7a anh kh\u00f4ng?","example":"","example_mean":"","num_ef":"0","time_date":"","next_time":"","num_n":"0","num_i":"0","max_q":"0","phonetic":"\/h\u0259v a\u026a g\u0251\u02d0t j\u028ar w\u025c\u02d0rd \u0251\u02d0n \u00f0\u00e6t\/","des":""},{"id_word":"101009550","id_subject":"101000434","id_course":"101000016","word":"The same as usual!","mean":"Gi\u1ed1ng nh\u01b0 m\u1ecdi khi","example":"","example_mean":"","num_ef":"0","time_date":"","next_time":"","num_n":"0","num_i":"0","max_q":"0","phonetic":"\/\u00f0\u0259 se\u026am \u00e6z \u02c8ju\u02d0\u0292u\u02d0\u0259l\/","des":""},{"id_word":"101009551","id_subject":"101000434","id_course":"101000016","word":"Almost!","mean":"G\u1ea7n xong r\u1ed3i","example":"","example_mean":"","num_ef":"0","time_date":"","next_time":"","num_n":"0","num_i":"0","max_q":"0","phonetic":"\/\u02c8\u0254\u02d0lmo\u028ast\/","des":""},{"id_word":"101009552","id_subject":"101000434","id_course":"101000016","word":"You 'll have to step on it","mean":"B\u1ea1n ph\u1ea3i \u0111i ngay","example":"","example_mean":"","num_ef":"0","time_date":"","next_time":"","num_n":"0","num_i":"0","max_q":"0","phonetic":"\/ju\u02d0 ( ll) h\u0259v tu\u02d0 step \u0251\u02d0n \u026at\/","des":""},{"id_word":"101009553","id_subject":"101000434","id_course":"101000016","word":"I'm in a hurry","mean":"T\u00f4i \u0111ang v\u1ed9i","example":"","example_mean":"","num_ef":"0","time_date":"","next_time":"","num_n":"0","num_i":"0","max_q":"0","phonetic":"\/a\u026am \u026an \u0259 \u02c8h\u025c\u02d0ri\u02d0\/","des":""},{"id_word":"101009554","id_subject":"101000434","id_course":"101000016","word":"Sorry for bothering!","mean":"Xin l\u1ed7i v\u00ec \u0111\u00e3 l\u00e0m phi\u1ec1n","example":"","example_mean":"","num_ef":"0","time_date":"","next_time":"","num_n":"0","num_i":"0","max_q":"0","phonetic":"\/\u02c8s\u0251\u02d0ri\u02d0 f\u0259r \u02c8b\u0251\u02d0\u00f0\u0259r\u026a\u014b\/","des":""},{"id_word":"101009555","id_subject":"101000434","id_course":"101000016","word":"Give me a certain time!","mean":"Cho m\u00ecnh th\u00eam th\u1eddi gian","example":"","example_mean":"","num_ef":"0","time_date":"","next_time":"","num_n":"0","num_i":"0","max_q":"0","phonetic":"\/g\u026av \u02c8mi\u02d0 \u0259 \u02c8s\u025c\u02d0rtn ta\u026am\/","des":""},{"id_word":"101009556","id_subject":"101000434","id_course":"101000016","word":"Provincial!","mean":"\u0110\u1ed3 qu\u00ea m\u00f9a","example":"","example_mean":"","num_ef":"0","time_date":"","next_time":"","num_n":"0","num_i":"0","max_q":"0","phonetic":"\/pr\u0259\u02c8v\u026an\u0283\u0259l\/","des":""},{"id_word":"101009557","id_subject":"101000434","id_course":"101000016","word":"Discourages me much!","mean":"L\u00e0m n\u1ea3n l\u00f2ng","example":"","example_mean":"","num_ef":"0","time_date":"","next_time":"","num_n":"0","num_i":"0","max_q":"0","phonetic":"\/d\u026a\u02c8sk\u025c\u02d0r\u026a\u02a4\u026az \u02c8mi\u02d0 m\u028c\u02a7\/","des":""},{"id_word":"101009558","id_subject":"101000434","id_course":"101000016","word":"It's a kind of onceinlife!","mean":"C\u01a1 h\u1ed9i ng\u00e0n n\u0103m c\u00f3 m\u1ed9t","example":"","example_mean":"","num_ef":"0","time_date":"","next_time":"","num_n":"0","num_i":"0","max_q":"0","phonetic":"\/its \u0259 ka\u026and \u0259v (onceinlife)\/","des":""},{"id_word":"101009559","id_subject":"101000434","id_course":"101000016","word":"The God knows!","mean":"C\u00f3 Ch\u00faa m\u1edbi bi\u1ebft","example":"","example_mean":"","num_ef":"0","time_date":"","next_time":"","num_n":"0","num_i":"0","max_q":"0","phonetic":"\/\u00f0\u0259 g\u0251\u02d0d no\u028az\/","des":""},{"id_word":"101009560","id_subject":"101000434","id_course":"101000016","word":"Poor you!","mean":"B\u1ea1n th\u1eadt \u0111\u00e1ng th\u01b0\u01a1ng","example":"","example_mean":"","num_ef":"0","time_date":"","next_time":"","num_n":"0","num_i":"0","max_q":"0","phonetic":"\/p\u028ar ju\u02d0\/","des":""},{"id_word":"101009561","id_subject":"101000434","id_course":"101000016","word":"Got a minute?","mean":"\u0110ang r\u1ea3nh ch\u1ee9?","example":"","example_mean":"","num_ef":"0","time_date":"","next_time":"","num_n":"0","num_i":"0","max_q":"0","phonetic":"\/g\u0251\u02d0t \u0259 \u02c8m\u026an\u026at\/","des":""},{"id_word":"101009562","id_subject":"101000434","id_course":"101000016","word":"I'll be shot if I know","mean":"Bi\u1ebft ch\u1ebft li\u1ec1n!","example":"","example_mean":"","num_ef":"0","time_date":"","next_time":"","num_n":"0","num_i":"0","max_q":"0","phonetic":"\/a\u026al bi\u02d0 \u0283\u0251\u02d0t \u026af a\u026a no\u028a\/","des":""},{"id_word":"101009563","id_subject":"101000434","id_course":"101000016","word":"to argue hot and long","mean":"c\u00e3i nhau d\u1eef d\u1ed9i, m\u00e1u l\u1eeda","example":"","example_mean":"","num_ef":"0","time_date":"","next_time":"","num_n":"0","num_i":"0","max_q":"0","phonetic":"\/tu\u02d0 \u02c8\u0251\u02d0rgju\u02d0 h\u0251\u02d0t \u00e6nd l\u0254\u02d0\u014b\/","des":""},{"id_word":"101009564","id_subject":"101000434","id_course":"101000016","word":"I'll treat!","mean":"Ch\u1ea7u n\u00e0y tao \u0111\u00e3i!","example":"","example_mean":"","num_ef":"0","time_date":"","next_time":"","num_n":"0","num_i":"0","max_q":"0","phonetic":"\/a\u026al tri\u02d0t\/","des":""}]