[{"idQuestion":"11","answerCorrect":"B"},{"idQuestion":"12","answerCorrect":"A"},{"idQuestion":"13","answerCorrect":"C"},{"idQuestion":"14","answerCorrect":"C"},{"idQuestion":"15","answerCorrect":"B"},{"idQuestion":"16","answerCorrect":"A"},{"idQuestion":"17","answerCorrect":"C"},{"idQuestion":"18","answerCorrect":"B"},{"idQuestion":"19","answerCorrect":"B"},{"idQuestion":"20","answerCorrect":"A"},{"idQuestion":"21","answerCorrect":"B"},{"idQuestion":"22","answerCorrect":"C"},{"idQuestion":"23","answerCorrect":"A"},{"idQuestion":"24","answerCorrect":"C"},{"idQuestion":"25","answerCorrect":"A"},{"idQuestion":"26","answerCorrect":"B"},{"idQuestion":"27","answerCorrect":"C"},{"idQuestion":"28","answerCorrect":"B"},{"idQuestion":"29","answerCorrect":"C"},{"idQuestion":"30","answerCorrect":"A"},{"idQuestion":"31","answerCorrect":"A"},{"idQuestion":"32","answerCorrect":"C"},{"idQuestion":"33","answerCorrect":"B"},{"idQuestion":"34","answerCorrect":"A"},{"idQuestion":"35","answerCorrect":"C"},{"idQuestion":"36","answerCorrect":"C"},{"idQuestion":"37","answerCorrect":"B"},{"idQuestion":"38","answerCorrect":"A"},{"idQuestion":"39","answerCorrect":"A"},{"idQuestion":"40","answerCorrect":"C"}]