[{"id":"101000114","id_course":"101000002","name":"1-10","mean":"","total":"10","num_word":"10","time_date":""},{"id":"101000115","id_course":"101000002","name":"11-20","mean":"","total":"10","num_word":"10","time_date":""},{"id":"101000116","id_course":"101000002","name":"21-50","mean":"","total":"30","num_word":"30","time_date":""},{"id":"101000117","id_course":"101000002","name":"51-100","mean":"","total":"50","num_word":"50","time_date":""},{"id":"101000118","id_course":"101000002","name":"101-150","mean":"","total":"50","num_word":"50","time_date":""},{"id":"101000119","id_course":"101000002","name":"151-200","mean":"","total":"50","num_word":"50","time_date":""},{"id":"101000120","id_course":"101000002","name":"201-250","mean":"","total":"50","num_word":"50","time_date":""},{"id":"101000121","id_course":"101000002","name":"251-300","mean":"","total":"50","num_word":"50","time_date":""},{"id":"101000122","id_course":"101000002","name":"301-350","mean":"","total":"50","num_word":"50","time_date":""},{"id":"101000123","id_course":"101000002","name":"351-400","mean":"","total":"50","num_word":"50","time_date":""},{"id":"101000124","id_course":"101000002","name":"401-450","mean":"","total":"50","num_word":"50","time_date":""},{"id":"101000125","id_course":"101000002","name":"451-500","mean":"","total":"50","num_word":"50","time_date":""},{"id":"101000126","id_course":"101000002","name":"501-550","mean":"","total":"50","num_word":"50","time_date":""},{"id":"101000127","id_course":"101000002","name":"551-600","mean":"","total":"50","num_word":"50","time_date":""},{"id":"101000128","id_course":"101000002","name":"601-650","mean":"","total":"50","num_word":"50","time_date":""},{"id":"101000129","id_course":"101000002","name":"651-700","mean":"","total":"50","num_word":"50","time_date":""},{"id":"101000130","id_course":"101000002","name":"701-750","mean":"","total":"50","num_word":"50","time_date":""},{"id":"101000131","id_course":"101000002","name":"751-800","mean":"","total":"50","num_word":"50","time_date":""},{"id":"101000132","id_course":"101000002","name":"801-850","mean":"","total":"50","num_word":"50","time_date":""},{"id":"101000133","id_course":"101000002","name":"851-900","mean":"","total":"50","num_word":"50","time_date":""},{"id":"101000134","id_course":"101000002","name":"901-950","mean":"","total":"50","num_word":"50","time_date":""},{"id":"101000135","id_course":"101000002","name":"951-1000","mean":"","total":"50","num_word":"50","time_date":""}]