[{"id":"101000242","name":"Holidays","id_course":"101000007","mean":"","total":"27","num_word":"","time_date":""},{"id":"101000243","name":"Relationships","id_course":"101000007","mean":"","total":"26","num_word":"","time_date":""},{"id":"101000244","name":"Technology","id_course":"101000007","mean":"","total":"28","num_word":"","time_date":""},{"id":"101000245","name":"Sport","id_course":"101000007","mean":"","total":"29","num_word":"","time_date":""},{"id":"101000246","name":"Food","id_course":"101000007","mean":"","total":"24","num_word":"","time_date":""},{"id":"101000247","name":"Education","id_course":"101000007","mean":"","total":"25","num_word":"","time_date":""},{"id":"101000248","name":"Work","id_course":"101000007","mean":"","total":"27","num_word":"","time_date":""},{"id":"101000249","name":"Health","id_course":"101000007","mean":"","total":"26","num_word":"","time_date":""},{"id":"101000250","name":"Books and Films","id_course":"101000007","mean":"","total":"35","num_word":"","time_date":""},{"id":"101000251","name":"Accommodation","id_course":"101000007","mean":"","total":"29","num_word":"","time_date":""},{"id":"101000252","name":"Clothes and Fashion","id_course":"101000007","mean":"","total":"30","num_word":"","time_date":""},{"id":"101000253","name":"Peole- personality and character","id_course":"101000007","mean":"","total":"26","num_word":"","time_date":""},{"id":"101000254","name":"Business","id_course":"101000007","mean":"","total":"28","num_word":"","time_date":""},{"id":"101000255","name":"People- Physical appearance","id_course":"101000007","mean":"","total":"30","num_word":"","time_date":""},{"id":"101000256","name":"Towns and cities","id_course":"101000007","mean":"","total":"26","num_word":"","time_date":""},{"id":"101000257","name":"Music","id_course":"101000007","mean":"","total":"25","num_word":"","time_date":""}]