[{"id":"101000308","name":"A","id_course":"101000009","mean":"","total":"3","num_word":"3","time_date":""},{"id":"101000309","name":"B","id_course":"101000009","mean":"","total":"20","num_word":"20","time_date":""},{"id":"101000310","name":"C","id_course":"101000009","mean":"","total":"10","num_word":"10","time_date":""},{"id":"101000311","name":"D","id_course":"101000009","mean":"","total":"8","num_word":"8","time_date":""},{"id":"101000312","name":"E","id_course":"101000009","mean":"","total":"1","num_word":"1","time_date":""},{"id":"101000313","name":"F","id_course":"101000009","mean":"","total":"17","num_word":"17","time_date":""},{"id":"101000314","name":"G","id_course":"101000009","mean":"","total":"7","num_word":"7","time_date":""},{"id":"101000315","name":"H","id_course":"101000009","mean":"","total":"6","num_word":"6","time_date":""},{"id":"101000316","name":"I","id_course":"101000009","mean":"","total":"3","num_word":"3","time_date":""},{"id":"101000317","name":"K","id_course":"101000009","mean":"","total":"4","num_word":"4","time_date":""},{"id":"101000318","name":"L","id_course":"101000009","mean":"","total":"10","num_word":"10","time_date":""},{"id":"101000319","name":"M","id_course":"101000009","mean":"","total":"9","num_word":"9","time_date":""},{"id":"101000320","name":"O","id_course":"101000009","mean":"","total":"19","num_word":"19","time_date":""},{"id":"101000321","name":"P","id_course":"101000009","mean":"","total":"3","num_word":"3","time_date":""},{"id":"101000322","name":"R","id_course":"101000009","mean":"","total":"14","num_word":"14","time_date":""},{"id":"101000323","name":"S","id_course":"101000009","mean":"","total":"52","num_word":"52","time_date":""},{"id":"101000324","name":"T","id_course":"101000009","mean":"","total":"8","num_word":"8","time_date":""},{"id":"101000325","name":"U","id_course":"101000009","mean":"","total":"14","num_word":"14","time_date":""},{"id":"101000326","name":"W","id_course":"101000009","mean":"","total":"15","num_word":"15","time_date":""}]