[
  {
    "id_word": "101005400",
    "id_subject": "101000308",
    "id_course": "101000009",
    "word": "abide , abode/abided , abode/abided",
    "mean": "lưu trú, lưu lại",
    "example": "",
    "example_mean": "",
    "phonetic": "/əˈbaɪd  abode,abided  əˈboʊd ,əˈbaɪdɪd/",
    "des": ""
  },
  {
    "id_word": "101005401",
    "id_subject": "101000308",
    "id_course": "101000009",
    "word": "arise , arose , arisen",
    "mean": "phát sinh",
    "example": "",
    "example_mean": "",
    "phonetic": "/əˈraɪz  əˈroʊz  əˈrɪzən/",
    "des": ""
  },
  {
    "id_word": "101005402",
    "id_subject": "101000308",
    "id_course": "101000009",
    "word": "awake , awoke , awoken",
    "mean": "đánh thức, thức",
    "example": "",
    "example_mean": "",
    "phonetic": "/əˈweɪk  əˈwoʊk  əˈwoʊkən/",
    "des": ""
  },
  {
    "id_word": "101005403",
    "id_subject": "101000309",
    "id_course": "101000009",
    "word": "be , was/were , been",
    "mean": "thì, là, bị, ở",
    "example": "",
    "example_mean": "",
    "phonetic": "/biː  was,were  bɪn/",
    "des": ""
  },
  {
    "id_word": "101005404",
    "id_subject": "101000309",
    "id_course": "101000009",
    "word": "bear , bore , borne",
    "mean": "mang, chịu đựng",
    "example": "",
    "example_mean": "",
    "phonetic": "/ber  bɔːr  borne/",
    "des": ""
  },
  {
    "id_word": "101005405",
    "id_subject": "101000309",
    "id_course": "101000009",
    "word": "become , became , become",
    "mean": "trở nên",
    "example": "",
    "example_mean": "",
    "phonetic": "/bɪˈkʌm  bɪˈkeɪm  bɪˈkʌm/",
    "des": ""
  },
  {
    "id_word": "101005406",
    "id_subject": "101000309",
    "id_course": "101000009",
    "word": "befall , befell , befallen",
    "mean": "xảy đến",
    "example": "",
    "example_mean": "",
    "phonetic": "/bɪˈfɔːl  befell  befallen/",
    "des": ""
  },
  {
    "id_word": "101005407",
    "id_subject": "101000309",
    "id_course": "101000009",
    "word": "begin , began , begun",
    "mean": "bắt đầu",
    "example": "",
    "example_mean": "",
    "phonetic": "/bɪˈgɪn  bɪˈgæn  bɪˈgʌn/",
    "des": ""
  },
  {
    "id_word": "101005408",
    "id_subject": "101000309",
    "id_course": "101000009",
    "word": "behold , beheld , beheld",
    "mean": "ngắm nhìn",
    "example": "",
    "example_mean": "",
    "phonetic": "/bɪˈhoʊld  bɪˈheld  bɪˈheld/",
    "des": ""
  },
  {
    "id_word": "101005409",
    "id_subject": "101000309",
    "id_course": "101000009",
    "word": "bend , bent , bent",
    "mean": "bẻ cong",
    "example": "",
    "example_mean": "",
    "phonetic": "/bend  bent  bent/",
    "des": ""
  },
  {
    "id_word": "101005410",
    "id_subject": "101000309",
    "id_course": "101000009",
    "word": "beset , beset , beset",
    "mean": "bao quanh",
    "example": "",
    "example_mean": "",
    "phonetic": "/bɪˈset  bɪˈset  bɪˈset/",
    "des": ""
  },
  {
    "id_word": "101005411",
    "id_subject": "101000309",
    "id_course": "101000009",
    "word": "bespeak , bespoke , bespoken",
    "mean": "chứng tỏ",
    "example": "",
    "example_mean": "",
    "phonetic": "/bɪˈspiːk  bɪˈspoʊk  bɪspoʊkʌn/",
    "des": ""
  },
  {
    "id_word": "101005412",
    "id_subject": "101000309",
    "id_course": "101000009",
    "word": "bid , bid , bid",
    "mean": "trả giá",
    "example": "",
    "example_mean": "",
    "phonetic": "/bɪd  bɪd  bɪd/",
    "des": ""
  },
  {
    "id_word": "101005413",
    "id_subject": "101000309",
    "id_course": "101000009",
    "word": "bind , bound , bound",
    "mean": "buộc, trói",
    "example": "",
    "example_mean": "",
    "phonetic": "/baɪnd  baʊnd  baʊnd/",
    "des": ""
  },
  {
    "id_word": "101005414",
    "id_subject": "101000309",
    "id_course": "101000009",
    "word": "bleed , bled , bled",
    "mean": "chảy máu",
    "example": "",
    "example_mean": "",
    "phonetic": "/bliːd  bled  bled/",
    "des": ""
  },
  {
    "id_word": "101005415",
    "id_subject": "101000309",
    "id_course": "101000009",
    "word": "blow , blew , blown",
    "mean": "thổi",
    "example": "",
    "example_mean": "",
    "phonetic": "/bloʊ  bluː  bloʊn/",
    "des": ""
  },
  {
    "id_word": "101005416",
    "id_subject": "101000309",
    "id_course": "101000009",
    "word": "break , broke , broken",
    "mean": "đập vỡ",
    "example": "",
    "example_mean": "",
    "phonetic": "/breɪk  broʊk  ˈbroʊkən/",
    "des": ""
  },
  {
    "id_word": "101005417",
    "id_subject": "101000309",
    "id_course": "101000009",
    "word": "breed , bred , bred",
    "mean": "nuôi, dạy dỗ",
    "example": "",
    "example_mean": "",
    "phonetic": "/briːd  bred  bred/",
    "des": ""
  },
  {
    "id_word": "101005418",
    "id_subject": "101000309",
    "id_course": "101000009",
    "word": "bring , brought , brought",
    "mean": "mang đến",
    "example": "",
    "example_mean": "",
    "phonetic": "/brɪŋ  brɔːt  brɔːt/",
    "des": ""
  },
  {
    "id_word": "101005419",
    "id_subject": "101000309",
    "id_course": "101000009",
    "word": "broadcast , broadcast , broadcast",
    "mean": "phát thanh",
    "example": "",
    "example_mean": "",
    "phonetic": "/brɔːdˌkæst  brɔːdˌkæst  brɔːdˌkæst/",
    "des": ""
  },
  {
    "id_word": "101005420",
    "id_subject": "101000309",
    "id_course": "101000009",
    "word": "build , built , built",
    "mean": "xây dựng",
    "example": "",
    "example_mean": "",
    "phonetic": "/bɪld  bɪlt  bɪlt/",
    "des": ""
  },
  {
    "id_word": "101005421",
    "id_subject": "101000309",
    "id_course": "101000009",
    "word": "burn , burnt/burned , burnt/burned",
    "mean": "đốt, cháy",
    "example": "",
    "example_mean": "",
    "phonetic": "/bɜːrn  burntburned  burntburned/",
    "des": ""
  },
  {
    "id_word": "101005422",
    "id_subject": "101000309",
    "id_course": "101000009",
    "word": "buy , bought , bought",
    "mean": "mua",
    "example": "",
    "example_mean": "",
    "phonetic": "/baɪ  bɔːt  bɔːt/",
    "des": ""
  },
  {
    "id_word": "101005423",
    "id_subject": "101000310",
    "id_course": "101000009",
    "word": "cast , cast , cast",
    "mean": "ném, tung",
    "example": "",
    "example_mean": "",
    "phonetic": "/cɑːst  cɑːst  cɑːst/",
    "des": ""
  },
  {
    "id_word": "101005424",
    "id_subject": "101000310",
    "id_course": "101000009",
    "word": "catch , caught , caught",
    "mean": "bắt, chụp",
    "example": "",
    "example_mean": "",
    "phonetic": "/kæʧ  kɔːt  kɔːt/",
    "des": ""
  },
  {
    "id_word": "101005425",
    "id_subject": "101000310",
    "id_course": "101000009",
    "word": "chide, chid/chided, chid/chidden/chided",
    "mean": "mắng, chửi",
    "example": "",
    "example_mean": "",
    "phonetic": "/ʧaɪd  tʃɪd ˈʧaɪdɪd  tʃɪd chidden ˈʧaɪdɪd/",
    "des": ""
  },
  {
    "id_word": "101005426",
    "id_subject": "101000310",
    "id_course": "101000009",
    "word": "choose , chose , chosen",
    "mean": "chọn, lựa",
    "example": "",
    "example_mean": "",
    "phonetic": "/ʧuːz  ʃoʊz  ˈʧoʊzən/",
    "des": ""
  },
  {
    "id_word": "101005427",
    "id_subject": "101000310",
    "id_course": "101000009",
    "word": "cleave , clove/cleft/cleaved , cloven/cleft/cleaved",
    "mean": "chẻ, tách hai",
    "example": "",
    "example_mean": "",
    "phonetic": "/kliːv  kloʊv kleft kliːvd  ˈkloʊvən kleft kliːvd/",
    "des": ""
  },
  {
    "id_word": "101005428",
    "id_subject": "101000310",
    "id_course": "101000009",
    "word": "cleave , clave , cleaved",
    "mean": "dính chặt",
    "example": "",
    "example_mean": "",
    "phonetic": "/kliːv  kleɪv  kliːvd/",
    "des": ""
  },
  {
    "id_word": "101005429",
    "id_subject": "101000310",
    "id_course": "101000009",
    "word": "come , came , come",
    "mean": "đến, đi đến",
    "example": "",
    "example_mean": "",
    "phonetic": "/kʌm  keɪm  kʌm/",
    "des": ""
  },
  {
    "id_word": "101005430",
    "id_subject": "101000310",
    "id_course": "101000009",
    "word": "cost , cost , cost",
    "mean": "có giá là",
    "example": "",
    "example_mean": "",
    "phonetic": "/kɔːst  kɔːst  kɔːst/",
    "des": ""
  },
  {
    "id_word": "101005431",
    "id_subject": "101000310",
    "id_course": "101000009",
    "word": "crow , crew/crewed , crowed",
    "mean": "gáy (gà)",
    "example": "",
    "example_mean": "",
    "phonetic": "/kroʊ  crewcrewed  kroʊd/",
    "des": ""
  },
  {
    "id_word": "101005432",
    "id_subject": "101000310",
    "id_course": "101000009",
    "word": "cut , cut , cut",
    "mean": "cắn, chặt",
    "example": "",
    "example_mean": "",
    "phonetic": "/kʌt  kʌt  kʌt/",
    "des": ""
  },
  {
    "id_word": "101005433",
    "id_subject": "101000311",
    "id_course": "101000009",
    "word": "deal , dealt , dealt",
    "mean": "giao thiệp",
    "example": "",
    "example_mean": "",
    "phonetic": "/diːl  delt  delt/",
    "des": ""
  },
  {
    "id_word": "101005434",
    "id_subject": "101000311",
    "id_course": "101000009",
    "word": "dig , dug , dug",
    "mean": "dào",
    "example": "",
    "example_mean": "",
    "phonetic": "/dɪg  dʌg  dʌg/",
    "des": ""
  },
  {
    "id_word": "101005435",
    "id_subject": "101000311",
    "id_course": "101000009",
    "word": "dive, dove/dived, dived",
    "mean": "lặn, lao xuống",
    "example": "",
    "example_mean": "",
    "phonetic": "/daɪv  dʌv daɪvd  daɪvd/",
    "des": ""
  },
  {
    "id_word": "101005436",
    "id_subject": "101000311",
    "id_course": "101000009",
    "word": "draw , drew , drawn",
    "mean": "vẽ, kéo",
    "example": "",
    "example_mean": "",
    "phonetic": "/drɔː  druː  drɔːn/",
    "des": ""
  },
  {
    "id_word": "101005437",
    "id_subject": "101000311",
    "id_course": "101000009",
    "word": "dream , dreamt/dreamed , dreamt/dreamed",
    "mean": "mơ thấy",
    "example": "",
    "example_mean": "",
    "phonetic": "/driːm  dremt driːmd  dremt driːmd/",
    "des": ""
  },
  {
    "id_word": "101005438",
    "id_subject": "101000311",
    "id_course": "101000009",
    "word": "drink , drank , drunk",
    "mean": "uống",
    "example": "",
    "example_mean": "",
    "phonetic": "/drɪŋk  dræŋk  drʌŋk/",
    "des": ""
  },
  {
    "id_word": "101005439",
    "id_subject": "101000311",
    "id_course": "101000009",
    "word": "drive , drove , driven",
    "mean": "lái xe",
    "example": "",
    "example_mean": "",
    "phonetic": "/draɪv  droʊv  ˈdrɪvən/",
    "des": ""
  },
  {
    "id_word": "101005440",
    "id_subject": "101000311",
    "id_course": "101000009",
    "word": "dwell , dwelt , dwelt",
    "mean": "trú ngụ, ở",
    "example": "",
    "example_mean": "",
    "phonetic": "/dwel  dwelt  dwelt/",
    "des": ""
  },
  {
    "id_word": "101005441",
    "id_subject": "101000312",
    "id_course": "101000009",
    "word": "eat , ate , eaten",
    "mean": "ăn",
    "example": "",
    "example_mean": "",
    "phonetic": "/iːt  eɪt  ˈiːtn/",
    "des": ""
  },
  {
    "id_word": "101005442",
    "id_subject": "101000313",
    "id_course": "101000009",
    "word": "fall , fell , fallen",
    "mean": "ngã, rơi",
    "example": "",
    "example_mean": "",
    "phonetic": "/fɔːl  fel  ˈfɔːlən/",
    "des": ""
  },
  {
    "id_word": "101005443",
    "id_subject": "101000313",
    "id_course": "101000009",
    "word": "feed , fed , fed",
    "mean": "cho ăn, ăn, nuôi",
    "example": "",
    "example_mean": "",
    "phonetic": "/fiːd  fed  fed/",
    "des": ""
  },
  {
    "id_word": "101005444",
    "id_subject": "101000313",
    "id_course": "101000009",
    "word": "feel , felt , felt",
    "mean": "cảm thấy",
    "example": "",
    "example_mean": "",
    "phonetic": "/fiːl  felt  felt/",
    "des": ""
  },
  {
    "id_word": "101005445",
    "id_subject": "101000313",
    "id_course": "101000009",
    "word": "fight , fought , fought",
    "mean": "chiến đấu",
    "example": "",
    "example_mean": "",
    "phonetic": "/faɪt  fɔːt  fɔːt/",
    "des": ""
  },
  {
    "id_word": "101005446",
    "id_subject": "101000313",
    "id_course": "101000009",
    "word": "find , found , found",
    "mean": "tìm thấy, thấy",
    "example": "",
    "example_mean": "",
    "phonetic": "/faɪnd  faʊnd  faʊnd/",
    "des": ""
  },
  {
    "id_word": "101005447",
    "id_subject": "101000313",
    "id_course": "101000009",
    "word": "flee , fled , fled",
    "mean": "chạy trốn",
    "example": "",
    "example_mean": "",
    "phonetic": "/fliː  fled  fled/",
    "des": ""
  },
  {
    "id_word": "101005448",
    "id_subject": "101000313",
    "id_course": "101000009",
    "word": "fling , flung , flung",
    "mean": "tung; quang",
    "example": "",
    "example_mean": "",
    "phonetic": "/flɪŋ  flʌŋ  flʌŋ/",
    "des": ""
  },
  {
    "id_word": "101005449",
    "id_subject": "101000313",
    "id_course": "101000009",
    "word": "fly , flew , flown",
    "mean": "bay",
    "example": "",
    "example_mean": "",
    "phonetic": "/flaɪ  fluː  floʊn/",
    "des": ""
  },
  {
    "id_word": "101005450",
    "id_subject": "101000313",
    "id_course": "101000009",
    "word": "forbear , forbore , forborne",
    "mean": "nhịn",
    "example": "",
    "example_mean": "",
    "phonetic": "/fɔːrˈber  fɔːrˈbɔːr  fɔːrˈbɔːrn/",
    "des": ""
  },
  {
    "id_word": "101005451",
    "id_subject": "101000313",
    "id_course": "101000009",
    "word": "forbid , forbade/forbad , forbidden",
    "mean": "cấm, cấm đoán",
    "example": "",
    "example_mean": "",
    "phonetic": "/fərˈbɪd  fərˈbæd fərd  fərˈbɪdn/",
    "des": ""
  },
  {
    "id_word": "101005452",
    "id_subject": "101000313",
    "id_course": "101000009",
    "word": "forecast , forecast/forecasted , forecast/forecasted",
    "mean": "tiên đoán",
    "example": "",
    "example_mean": "",
    "phonetic": "/fɔːrˌkæst  fɔːrˌkæst ˈfɔːrˌkæstɪd  fɔːrˌkæst ˈfɔːrˌkæstɪd/",
    "des": ""
  },
  {
    "id_word": "101005453",
    "id_subject": "101000313",
    "id_course": "101000009",
    "word": "foresee , foresaw , forseen",
    "mean": "thấy trước",
    "example": "",
    "example_mean": "",
    "phonetic": "/fɔːrˈsiː  foresaw  forseen/",
    "des": ""
  },
  {
    "id_word": "101005454",
    "id_subject": "101000313",
    "id_course": "101000009",
    "word": "foretell , foretold , foretold",
    "mean": "đoán trước",
    "example": "",
    "example_mean": "",
    "phonetic": "/fɔːrˈtel  foretold  foretold/",
    "des": ""
  },
  {
    "id_word": "101005455",
    "id_subject": "101000313",
    "id_course": "101000009",
    "word": "forget , forgot , forgotten",
    "mean": "quên",
    "example": "",
    "example_mean": "",
    "phonetic": "/fərˈget  fərˈgɑːt  fərˈgɑːtn/",
    "des": ""
  },
  {
    "id_word": "101005456",
    "id_subject": "101000313",
    "id_course": "101000009",
    "word": "forgive , forgave , forgiven",
    "mean": "tha thứ",
    "example": "",
    "example_mean": "",
    "phonetic": "/fərˈgɪv  fərˈgeɪv  forgiven/",
    "des": ""
  },
  {
    "id_word": "101005457",
    "id_subject": "101000313",
    "id_course": "101000009",
    "word": "forsake , forsook , forsaken",
    "mean": "ruồng bỏ",
    "example": "",
    "example_mean": "",
    "phonetic": "/fɔːrˈseɪk  fɔːrˈsʊk  fɔːrˈseɪkən/",
    "des": ""
  },
  {
    "id_word": "101005458",
    "id_subject": "101000313",
    "id_course": "101000009",
    "word": "freeze , froze , frozen",
    "mean": "(làm) đông lại",
    "example": "",
    "example_mean": "",
    "phonetic": "/friːz  froʊz  ˈfroʊzən/",
    "des": ""
  },
  {
    "id_word": "101005459",
    "id_subject": "101000314",
    "id_course": "101000009",
    "word": "get , got , got/gotten",
    "mean": "có được",
    "example": "",
    "example_mean": "",
    "phonetic": "/get  gɑːt  gɑːt ˈgɑːtn/",
    "des": ""
  },
  {
    "id_word": "101005460",
    "id_subject": "101000314",
    "id_course": "101000009",
    "word": "gild , gilt/gilded , gilt/gilded",
    "mean": "mạ vàng",
    "example": "",
    "example_mean": "",
    "phonetic": "/gɪld  gɪlt ˈgɪldɪd  gɪlt ˈgɪldɪd/",
    "des": ""
  },
  {
    "id_word": "101005461",
    "id_subject": "101000314",
    "id_course": "101000009",
    "word": "gird , girt/girded , girt/girded",
    "mean": "đeo vào",
    "example": "",
    "example_mean": "",
    "phonetic": "/gɜːrd  gɜːrt ˈgɜːrdɪd  gɜːrt ˈgɜːrdɪd/",
    "des": ""
  },
  {
    "id_word": "101005462",
    "id_subject": "101000314",
    "id_course": "101000009",
    "word": "give , gave , given",
    "mean": "cho",
    "example": "",
    "example_mean": "",
    "phonetic": "/gɪv  geɪv  ˈgɪvən/",
    "des": ""
  },
  {
    "id_word": "101005463",
    "id_subject": "101000314",
    "id_course": "101000009",
    "word": "go , went , gone",
    "mean": "đi",
    "example": "",
    "example_mean": "",
    "phonetic": "/goʊ  went  gɔːn/",
    "des": ""
  },
  {
    "id_word": "101005464",
    "id_subject": "101000314",
    "id_course": "101000009",
    "word": "grind , ground , ground",
    "mean": "nghiền, xay",
    "example": "",
    "example_mean": "",
    "phonetic": "/graɪnd  graʊnd  graʊnd/",
    "des": ""
  },
  {
    "id_word": "101005465",
    "id_subject": "101000314",
    "id_course": "101000009",
    "word": "grow , grew , grown",
    "mean": "mọc, trồng",
    "example": "",
    "example_mean": "",
    "phonetic": "/groʊ  gruː  groʊn/",
    "des": ""
  },
  {
    "id_word": "101005466",
    "id_subject": "101000315",
    "id_course": "101000009",
    "word": "hang , hung , hung",
    "mean": "móc lên, treo lên",
    "example": "",
    "example_mean": "",
    "phonetic": "/hæŋ  hʌŋ  hʌŋ/",
    "des": ""
  },
  {
    "id_word": "101005467",
    "id_subject": "101000315",
    "id_course": "101000009",
    "word": "hear , heard , heard",
    "mean": "nghe",
    "example": "",
    "example_mean": "",
    "phonetic": "/hiːr  hɜːrd  hɜːrd/",
    "des": ""
  },
  {
    "id_word": "101005468",
    "id_subject": "101000315",
    "id_course": "101000009",
    "word": "heave , hove/heaved , hove/heaved",
    "mean": "trục lên",
    "example": "",
    "example_mean": "",
    "phonetic": "/hiːv  hoʊv hiːvd  hoʊv hiːvd/",
    "des": ""
  },
  {
    "id_word": "101005469",
    "id_subject": "101000315",
    "id_course": "101000009",
    "word": "hide , hid , hidden",
    "mean": "giấu, trốn, nấp",
    "example": "",
    "example_mean": "",
    "phonetic": "/haɪd  hɪd  ˈhɪdn/",
    "des": ""
  },
  {
    "id_word": "101005470",
    "id_subject": "101000315",
    "id_course": "101000009",
    "word": "hit , hit , hit",
    "mean": "đụng",
    "example": "",
    "example_mean": "",
    "phonetic": "/hɪt  hɪt  hɪt/",
    "des": ""
  },
  {
    "id_word": "101005471",
    "id_subject": "101000315",
    "id_course": "101000009",
    "word": "hurt , hurt , hurt",
    "mean": "làm đau",
    "example": "",
    "example_mean": "",
    "phonetic": "/hɜːrt  hɜːrt  hɜːrt/",
    "des": ""
  },
  {
    "id_word": "101005472",
    "id_subject": "101000316",
    "id_course": "101000009",
    "word": "inlay , inlaid , inlaid",
    "mean": "cẩn, khảm",
    "example": "",
    "example_mean": "",
    "phonetic": "/ˈɪnˈleɪ  ɪnˌleɪd  ɪnˌleɪd/",
    "des": ""
  },
  {
    "id_word": "101005473",
    "id_subject": "101000316",
    "id_course": "101000009",
    "word": "input , input , input",
    "mean": "đưa vào (máy điện toán)",
    "example": "",
    "example_mean": "",
    "phonetic": "/ɪnˌpʊt  ɪnˌpʊt  ɪnˌpʊt/",
    "des": ""
  },
  {
    "id_word": "101005474",
    "id_subject": "101000316",
    "id_course": "101000009",
    "word": "inset , inset , inset",
    "mean": "dát, ghép",
    "example": "",
    "example_mean": "",
    "phonetic": "/ɪnˌset  ɪnˌset  ɪnˌset/",
    "des": ""
  },
  {
    "id_word": "101005475",
    "id_subject": "101000317",
    "id_course": "101000009",
    "word": "keep , kept , kept",
    "mean": "giữ",
    "example": "",
    "example_mean": "",
    "phonetic": "/kiːp  kept  kept/",
    "des": ""
  },
  {
    "id_word": "101005476",
    "id_subject": "101000317",
    "id_course": "101000009",
    "word": "kneel , knelt/kneeled , knelt/kneeled",
    "mean": "quỳ",
    "example": "",
    "example_mean": "",
    "phonetic": "/niːl  nelt niːld  nelt niːld/",
    "des": ""
  },
  {
    "id_word": "101005477",
    "id_subject": "101000317",
    "id_course": "101000009",
    "word": "knit , knit/knitted , knit/knitted",
    "mean": "đan",
    "example": "",
    "example_mean": "",
    "phonetic": "/nɪt  nɪt ˈnɪtɪd  nɪt ˈnɪtɪd/",
    "des": ""
  },
  {
    "id_word": "101005478",
    "id_subject": "101000317",
    "id_course": "101000009",
    "word": "know , knew , known",
    "mean": "biết, quen biết",
    "example": "",
    "example_mean": "",
    "phonetic": "/noʊ  nuː  noʊn/",
    "des": ""
  },
  {
    "id_word": "101005479",
    "id_subject": "101000318",
    "id_course": "101000009",
    "word": "lay , laid , laid",
    "mean": "đặt, để",
    "example": "",
    "example_mean": "",
    "phonetic": "/leɪ  leɪd  leɪd/",
    "des": ""
  },
  {
    "id_word": "101005480",
    "id_subject": "101000318",
    "id_course": "101000009",
    "word": "lead , led , led",
    "mean": "dẫn dắt, lãnh đạo",
    "example": "",
    "example_mean": "",
    "phonetic": "/led  led  led/",
    "des": ""
  },
  {
    "id_word": "101005481",
    "id_subject": "101000318",
    "id_course": "101000009",
    "word": "leap , leapt , leapt",
    "mean": "nhảy, nhảy qua",
    "example": "",
    "example_mean": "",
    "phonetic": "/liːp  lept  lept/",
    "des": ""
  },
  {
    "id_word": "101005482",
    "id_subject": "101000318",
    "id_course": "101000009",
    "word": "learn , learnt/learned , learnt/learned",
    "mean": "học, được biết",
    "example": "",
    "example_mean": "",
    "phonetic": "/lɜːrn  lɜːrnt lɜːrnd  lɜːrnt lɜːrnd/",
    "des": ""
  },
  {
    "id_word": "101005483",
    "id_subject": "101000318",
    "id_course": "101000009",
    "word": "leave , left , left",
    "mean": "ra đi, để lại",
    "example": "",
    "example_mean": "",
    "phonetic": "/liːv  left  left/",
    "des": ""
  },
  {
    "id_word": "101005484",
    "id_subject": "101000318",
    "id_course": "101000009",
    "word": "lend , lent , lent",
    "mean": "cho mượn (vay)",
    "example": "",
    "example_mean": "",
    "phonetic": "/lend  lent  lent/",
    "des": ""
  },
  {
    "id_word": "101005485",
    "id_subject": "101000318",
    "id_course": "101000009",
    "word": "let , let , let",
    "mean": "cho phép, để cho",
    "example": "",
    "example_mean": "",
    "phonetic": "/let  let  let/",
    "des": ""
  },
  {
    "id_word": "101005486",
    "id_subject": "101000318",
    "id_course": "101000009",
    "word": "lie , lay , lain",
    "mean": "nằm",
    "example": "",
    "example_mean": "",
    "phonetic": "/laɪ  leɪ  leɪn/",
    "des": ""
  },
  {
    "id_word": "101005487",
    "id_subject": "101000318",
    "id_course": "101000009",
    "word": "light , lit/lighted , lit/lighted",
    "mean": "thắp sáng",
    "example": "",
    "example_mean": "",
    "phonetic": "/laɪt  lɪt ˈlaɪtɪd  lɪt ˈlaɪtɪd/",
    "des": ""
  },
  {
    "id_word": "101005488",
    "id_subject": "101000318",
    "id_course": "101000009",
    "word": "lose , lost , lost",
    "mean": "làm mất, mất",
    "example": "",
    "example_mean": "",
    "phonetic": "/luːz  lɔːst  lɔːst/",
    "des": ""
  },
  {
    "id_word": "101005489",
    "id_subject": "101000319",
    "id_course": "101000009",
    "word": "make , made , made",
    "mean": "chế tạo, sản xuất",
    "example": "",
    "example_mean": "",
    "phonetic": "/meɪk  meɪd  meɪd/",
    "des": ""
  },
  {
    "id_word": "101005490",
    "id_subject": "101000319",
    "id_course": "101000009",
    "word": "mean , meant , meant",
    "mean": "có nghĩa là",
    "example": "",
    "example_mean": "",
    "phonetic": "/miːn  ment  ment/",
    "des": ""
  },
  {
    "id_word": "101005491",
    "id_subject": "101000319",
    "id_course": "101000009",
    "word": "meet , met , met",
    "mean": "gặp mặt",
    "example": "",
    "example_mean": "",
    "phonetic": "/miːt  met  met/",
    "des": ""
  },
  {
    "id_word": "101005492",
    "id_subject": "101000319",
    "id_course": "101000009",
    "word": "mislay , mislaid , mislaid",
    "mean": "để lạc mất",
    "example": "",
    "example_mean": "",
    "phonetic": "/mɪsˈleɪ  mislaid  mislaid/",
    "des": ""
  },
  {
    "id_word": "101005493",
    "id_subject": "101000319",
    "id_course": "101000009",
    "word": "misread , misread , misread",
    "mean": "đọc sai",
    "example": "",
    "example_mean": "",
    "phonetic": "/mɪsˈriːd  mɪsˈriːd  mɪsˈriːd/",
    "des": ""
  },
  {
    "id_word": "101005494",
    "id_subject": "101000319",
    "id_course": "101000009",
    "word": "misspell , misspelt , misspelt",
    "mean": "viết sai chính tả",
    "example": "",
    "example_mean": "",
    "phonetic": "/misspell  misspelt  misspelt/",
    "des": ""
  },
  {
    "id_word": "101005495",
    "id_subject": "101000319",
    "id_course": "101000009",
    "word": "mistake , mistook , mistaken",
    "mean": "phạm lỗi, lầm lẫn",
    "example": "",
    "example_mean": "",
    "phonetic": "/mɪˈsteɪk  mɪˈstʊk  mɪˈsteɪkən/",
    "des": ""
  },
  {
    "id_word": "101005496",
    "id_subject": "101000319",
    "id_course": "101000009",
    "word": "misunderstand , misunderstood , misunderstood",
    "mean": "hiểu lầm",
    "example": "",
    "example_mean": "",
    "phonetic": "/mɪsəndərˈstænd  mɪsəndərˈstʊd  mɪsəndərˈstʊd/",
    "des": ""
  },
  {
    "id_word": "101005497",
    "id_subject": "101000319",
    "id_course": "101000009",
    "word": "mow , mowed , mown/mowed",
    "mean": "cắt cỏ",
    "example": "",
    "example_mean": "",
    "phonetic": "/moʊ  moʊd  mown moʊd/",
    "des": ""
  },
  {
    "id_word": "101005498",
    "id_subject": "101000320",
    "id_course": "101000009",
    "word": "outbid , outbid , outbid",
    "mean": "trả hơn giá",
    "example": "",
    "example_mean": "",
    "phonetic": "/aʊtˈbɪd  aʊtˈbɪd  aʊtˈbɪd/",
    "des": ""
  },
  {
    "id_word": "101005499",
    "id_subject": "101000320",
    "id_course": "101000009",
    "word": "outdo , outdid , outdone",
    "mean": "làm giỏi hơn",
    "example": "",
    "example_mean": "",
    "phonetic": "/aʊtˈduː  ˈaʊtɪd  outdone/",
    "des": ""
  },
  {
    "id_word": "101005500",
    "id_subject": "101000320",
    "id_course": "101000009",
    "word": "outgrow , outgrew , outgrown",
    "mean": "lớn nhanh hơn",
    "example": "",
    "example_mean": "",
    "phonetic": "/ˌaʊtˈgroʊ  outgrew  outgrown/",
    "des": ""
  },
  {
    "id_word": "101005501",
    "id_subject": "101000320",
    "id_course": "101000009",
    "word": "output , output , output",
    "mean": "cho ra (dữ kiện)",
    "example": "",
    "example_mean": "",
    "phonetic": "/aʊtˌpʊt  aʊtˌpʊt  aʊtˌpʊt/",
    "des": ""
  },
  {
    "id_word": "101005502",
    "id_subject": "101000320",
    "id_course": "101000009",
    "word": "outrun , outran , outrun",
    "mean": "chạy nhanh hơn; vượt giá",
    "example": "",
    "example_mean": "",
    "phonetic": "/æʊtˈrʌn  ˌaʊtˈræn  æʊtˈrʌn/",
    "des": ""
  },
  {
    "id_word": "101005503",
    "id_subject": "101000320",
    "id_course": "101000009",
    "word": "outsell , outsold , outsold",
    "mean": "bán nhanh hơn",
    "example": "",
    "example_mean": "",
    "phonetic": "/ˌaʊtˈsel  aʊtˈsoʊld  aʊtˈsoʊld/",
    "des": ""
  },
  {
    "id_word": "101005504",
    "id_subject": "101000320",
    "id_course": "101000009",
    "word": "overcome , overcame , overcome",
    "mean": "khắc phục",
    "example": "",
    "example_mean": "",
    "phonetic": "/ˌoʊvərˈkʌm  oʊvərˈkeɪm  ˌoʊvərˈkʌm/",
    "des": ""
  },
  {
    "id_word": "101005505",
    "id_subject": "101000320",
    "id_course": "101000009",
    "word": "overeat , overate , overeaten",
    "mean": "ăn quá nhiều",
    "example": "",
    "example_mean": "",
    "phonetic": "/ˌoʊvərˈiːt  ˌoʊvərˈeɪt  overeaten/",
    "des": ""
  },
  {
    "id_word": "101005506",
    "id_subject": "101000320",
    "id_course": "101000009",
    "word": "overfly , overflew , overflown",
    "mean": "bay qua",
    "example": "",
    "example_mean": "",
    "phonetic": "/overfly  overflew  overflown/",
    "des": ""
  },
  {
    "id_word": "101005507",
    "id_subject": "101000320",
    "id_course": "101000009",
    "word": "overhang , overhung , overhung",
    "mean": "nhô lên trên, treo lơ lửng",
    "example": "",
    "example_mean": "",
    "phonetic": "/oʊvərˌhæŋ  overhung  overhung/",
    "des": ""
  },
  {
    "id_word": "101005508",
    "id_subject": "101000320",
    "id_course": "101000009",
    "word": "overhear , overheard , overheard",
    "mean": "nghe trộm",
    "example": "",
    "example_mean": "",
    "phonetic": "/oʊvərˈhiːr  oʊvərˈhiːrd  oʊvərˈhiːrd/",
    "des": ""
  },
  {
    "id_word": "101005509",
    "id_subject": "101000320",
    "id_course": "101000009",
    "word": "overlay , overlaid , overlaid",
    "mean": "phủ lên",
    "example": "",
    "example_mean": "",
    "phonetic": "/overlay  overlaid  overlaid/",
    "des": ""
  },
  {
    "id_word": "101005510",
    "id_subject": "101000320",
    "id_course": "101000009",
    "word": "overpay , overpaid , overpaid",
    "mean": "trả quá tiền",
    "example": "",
    "example_mean": "",
    "phonetic": "/ˌoʊvərˈpeɪ  overpaid  overpaid/",
    "des": ""
  },
  {
    "id_word": "101005511",
    "id_subject": "101000320",
    "id_course": "101000009",
    "word": "overrun , overran , overrun",
    "mean": "tràn ngập",
    "example": "",
    "example_mean": "",
    "phonetic": "/oʊverˈrʌn  ˌoʊvərˈræn  oʊverˈrʌn/",
    "des": ""
  },
  {
    "id_word": "101005512",
    "id_subject": "101000320",
    "id_course": "101000009",
    "word": "oversee , oversaw , overseen",
    "mean": "trông nom",
    "example": "",
    "example_mean": "",
    "phonetic": "/oʊvərˈsiː  oversaw  overseen/",
    "des": ""
  },
  {
    "id_word": "101005513",
    "id_subject": "101000320",
    "id_course": "101000009",
    "word": "overshoot , overshot , overshot",
    "mean": "đi quá đích",
    "example": "",
    "example_mean": "",
    "phonetic": "/ˌoʊvərˈʃuːt  overshot  overshot/",
    "des": ""
  },
  {
    "id_word": "101005514",
    "id_subject": "101000320",
    "id_course": "101000009",
    "word": "oversleep , overslept , overslept",
    "mean": "ngủ quên",
    "example": "",
    "example_mean": "",
    "phonetic": "/ˌoʊvərˈsliːp  overslept  overslept/",
    "des": ""
  },
  {
    "id_word": "101005515",
    "id_subject": "101000320",
    "id_course": "101000009",
    "word": "overtake , overtook , overtaken",
    "mean": "đuổi bắt kịp",
    "example": "",
    "example_mean": "",
    "phonetic": "/ˌoʊvərˈteɪk  ˌoʊvərˈtʊk  overtaken/",
    "des": ""
  },
  {
    "id_word": "101005516",
    "id_subject": "101000320",
    "id_course": "101000009",
    "word": "overthrow , overthrew , overthrown",
    "mean": "lật đổ",
    "example": "",
    "example_mean": "",
    "phonetic": "/ˈoʊvərˈθroʊ  overthrew  overthrown/",
    "des": ""
  },
  {
    "id_word": "101005517",
    "id_subject": "101000321",
    "id_course": "101000009",
    "word": "pay , paid , paid",
    "mean": "trả (tiền)",
    "example": "",
    "example_mean": "",
    "phonetic": "/peɪ  peɪd  peɪd/",
    "des": ""
  },
  {
    "id_word": "101005518",
    "id_subject": "101000321",
    "id_course": "101000009",
    "word": "prove , proved , proven/proved",
    "mean": "chứng minh (tỏ)",
    "example": "",
    "example_mean": "",
    "phonetic": "/pruːv  pruːvd  provenproved/",
    "des": ""
  },
  {
    "id_word": "101005519",
    "id_subject": "101000321",
    "id_course": "101000009",
    "word": "put , put , put",
    "mean": "đặt; để",
    "example": "",
    "example_mean": "",
    "phonetic": "/pʊt  pʊt  pʊt/",
    "des": ""
  },
  {
    "id_word": "101005520",
    "id_subject": "101000322",
    "id_course": "101000009",
    "word": "read, read, read",
    "mean": "đọc",
    "example": "",
    "example_mean": "",
    "phonetic": "/riːd   riːd   riːd /",
    "des": ""
  },
  {
    "id_word": "101005521",
    "id_subject": "101000322",
    "id_course": "101000009",
    "word": "rebuild , rebuilt , rebuilt",
    "mean": "xây dựng lại",
    "example": "",
    "example_mean": "",
    "phonetic": "/riːˈbɪld  rebuilt  rebuilt/",
    "des": ""
  },
  {
    "id_word": "101005522",
    "id_subject": "101000322",
    "id_course": "101000009",
    "word": "redo , redid , redone",
    "mean": "làm lại",
    "example": "",
    "example_mean": "",
    "phonetic": "/riːˈduː  ˈredɪd  redone/",
    "des": ""
  },
  {
    "id_word": "101005523",
    "id_subject": "101000322",
    "id_course": "101000009",
    "word": "remake , remade , remade",
    "mean": "làm lại; chế tạo lại",
    "example": "",
    "example_mean": "",
    "phonetic": "/remake  remade  remade/",
    "des": ""
  },
  {
    "id_word": "101005524",
    "id_subject": "101000322",
    "id_course": "101000009",
    "word": "rend , rent , rent",
    "mean": "toạc ra; xé",
    "example": "",
    "example_mean": "",
    "phonetic": "/ˈrend  rent  rent/",
    "des": ""
  },
  {
    "id_word": "101005525",
    "id_subject": "101000322",
    "id_course": "101000009",
    "word": "repay , repaid , repaid",
    "mean": "hoàn tiền lại",
    "example": "",
    "example_mean": "",
    "phonetic": "/riːˈpeɪ  repaid  repaid/",
    "des": ""
  },
  {
    "id_word": "101005526",
    "id_subject": "101000322",
    "id_course": "101000009",
    "word": "resell , retold , retold",
    "mean": "bán lại",
    "example": "",
    "example_mean": "",
    "phonetic": "/riːˈsel  ˈretɪd  ˈretɪd/",
    "des": ""
  },
  {
    "id_word": "101005527",
    "id_subject": "101000322",
    "id_course": "101000009",
    "word": "retake , retook , retaken",
    "mean": "chiếm lại; tái chiếm",
    "example": "",
    "example_mean": "",
    "phonetic": "/retake  retook  retaken/",
    "des": ""
  },
  {
    "id_word": "101005528",
    "id_subject": "101000322",
    "id_course": "101000009",
    "word": "rewrite , rewrote , rewritten",
    "mean": "viết lại",
    "example": "",
    "example_mean": "",
    "phonetic": "/rewrite  rewrote  rewritten/",
    "des": ""
  },
  {
    "id_word": "101005529",
    "id_subject": "101000322",
    "id_course": "101000009",
    "word": "rid , rid , rid",
    "mean": "giải thoát",
    "example": "",
    "example_mean": "",
    "phonetic": "/rɪd  rɪd  rɪd/",
    "des": ""
  },
  {
    "id_word": "101005530",
    "id_subject": "101000322",
    "id_course": "101000009",
    "word": "ride , rode , ridden",
    "mean": "cưỡi",
    "example": "",
    "example_mean": "",
    "phonetic": "/raɪd  roʊd  ˈrɪdn/",
    "des": ""
  },
  {
    "id_word": "101005531",
    "id_subject": "101000322",
    "id_course": "101000009",
    "word": "ring , rang , rung",
    "mean": "rung chuông",
    "example": "",
    "example_mean": "",
    "phonetic": "/rɪŋ  ræŋ  rʌŋ/",
    "des": ""
  },
  {
    "id_word": "101005532",
    "id_subject": "101000322",
    "id_course": "101000009",
    "word": "rise , rose , risen",
    "mean": "đứng dậy; mọc",
    "example": "",
    "example_mean": "",
    "phonetic": "/raɪz  roʊˈzeɪ  ˈrɪzən/",
    "des": ""
  },
  {
    "id_word": "101005533",
    "id_subject": "101000322",
    "id_course": "101000009",
    "word": "run , ran , run",
    "mean": "chạy",
    "example": "",
    "example_mean": "",
    "phonetic": "/rʌn  ræn  rʌn/",
    "des": ""
  },
  {
    "id_word": "101005534",
    "id_subject": "101000323",
    "id_course": "101000009",
    "word": "saw , sawed , sawn",
    "mean": "cưa",
    "example": "",
    "example_mean": "",
    "phonetic": "/sɔː  sɔːd  sɔːn/",
    "des": ""
  },
  {
    "id_word": "101005535",
    "id_subject": "101000323",
    "id_course": "101000009",
    "word": "say , said , said",
    "mean": "nói",
    "example": "",
    "example_mean": "",
    "phonetic": "/seɪ  ˈsed  ˈsed/",
    "des": ""
  },
  {
    "id_word": "101005536",
    "id_subject": "101000323",
    "id_course": "101000009",
    "word": "see , saw , seen",
    "mean": "nhìn thấy",
    "example": "",
    "example_mean": "",
    "phonetic": "/siː  sɔː  seen/",
    "des": ""
  },
  {
    "id_word": "101005537",
    "id_subject": "101000323",
    "id_course": "101000009",
    "word": "seek , sought , sought",
    "mean": "tìm kiếm",
    "example": "",
    "example_mean": "",
    "phonetic": "/siːk  sɔːt  sɔːt/",
    "des": ""
  },
  {
    "id_word": "101005538",
    "id_subject": "101000323",
    "id_course": "101000009",
    "word": "sell , sold , sold",
    "mean": "bán",
    "example": "",
    "example_mean": "",
    "phonetic": "/sel  soʊld  soʊld/",
    "des": ""
  },
  {
    "id_word": "101005539",
    "id_subject": "101000323",
    "id_course": "101000009",
    "word": "send , sent , sent",
    "mean": "gửi",
    "example": "",
    "example_mean": "",
    "phonetic": "/send  sent  sent/",
    "des": ""
  },
  {
    "id_word": "101005540",
    "id_subject": "101000323",
    "id_course": "101000009",
    "word": "sew , sewed , sewn/sewed",
    "mean": "may",
    "example": "",
    "example_mean": "",
    "phonetic": "/sɔʊ  sɔʊd  sewnsewed/",
    "des": ""
  },
  {
    "id_word": "101005541",
    "id_subject": "101000323",
    "id_course": "101000009",
    "word": "shake , shook , shaken",
    "mean": "lay; lắc",
    "example": "",
    "example_mean": "",
    "phonetic": "/ʃeɪk  ʃʊk  ˈʃeɪkən/",
    "des": ""
  },
  {
    "id_word": "101005542",
    "id_subject": "101000323",
    "id_course": "101000009",
    "word": "shear  , sheared , shorn",
    "mean": "xén lông (Cừu)",
    "example": "",
    "example_mean": "",
    "phonetic": "/ʃiːr  ʃiːrd  ʃɔːrn /",
    "des": ""
  },
  {
    "id_word": "101005543",
    "id_subject": "101000323",
    "id_course": "101000009",
    "word": "shed , shed , shed",
    "mean": "rơi; rụng",
    "example": "",
    "example_mean": "",
    "phonetic": "/ʃed  ʃed  ʃed/",
    "des": ""
  },
  {
    "id_word": "101005544",
    "id_subject": "101000323",
    "id_course": "101000009",
    "word": "shine , shone , shone",
    "mean": "chiếu sáng",
    "example": "",
    "example_mean": "",
    "phonetic": "/ʃaɪn  ʃoʊn  ʃoʊn/",
    "des": ""
  },
  {
    "id_word": "101005545",
    "id_subject": "101000323",
    "id_course": "101000009",
    "word": "shoot , shot , shot",
    "mean": "bắn",
    "example": "",
    "example_mean": "",
    "phonetic": "/ʃuːt  ʃɑːt  ʃɑːt/",
    "des": ""
  },
  {
    "id_word": "101005546",
    "id_subject": "101000323",
    "id_course": "101000009",
    "word": "show , showed , shown/showed",
    "mean": "cho xem",
    "example": "",
    "example_mean": "",
    "phonetic": "/ʃoʊ  ʃoʊd  ʃoʊn ʃoʊd/",
    "des": ""
  },
  {
    "id_word": "101005547",
    "id_subject": "101000323",
    "id_course": "101000009",
    "word": "shrink , shrank , shrunk",
    "mean": "co rút",
    "example": "",
    "example_mean": "",
    "phonetic": "/ʃrɪŋk  ʃræŋk  ʃrʌŋk/",
    "des": ""
  },
  {
    "id_word": "101005548",
    "id_subject": "101000323",
    "id_course": "101000009",
    "word": "shut , shut , shut",
    "mean": "đóng lại",
    "example": "",
    "example_mean": "",
    "phonetic": "/ʃʌt  ʃʌt  ʃʌt/",
    "des": ""
  },
  {
    "id_word": "101005549",
    "id_subject": "101000323",
    "id_course": "101000009",
    "word": "sing , sang , sung",
    "mean": "ca hát",
    "example": "",
    "example_mean": "",
    "phonetic": "/sɪŋ  sæŋ  sʌŋ/",
    "des": ""
  },
  {
    "id_word": "101005550",
    "id_subject": "101000323",
    "id_course": "101000009",
    "word": "sink , sank , sunk",
    "mean": "chìm; lặn",
    "example": "",
    "example_mean": "",
    "phonetic": "/sɪŋk  sæŋk  sʌŋk/",
    "des": ""
  },
  {
    "id_word": "101005551",
    "id_subject": "101000323",
    "id_course": "101000009",
    "word": "sit , sat , sat",
    "mean": "ngồi",
    "example": "",
    "example_mean": "",
    "phonetic": "/sɪt  sæt  sæt/",
    "des": ""
  },
  {
    "id_word": "101005552",
    "id_subject": "101000323",
    "id_course": "101000009",
    "word": "slay , slew , slain",
    "mean": "sát hại; giết hại",
    "example": "",
    "example_mean": "",
    "phonetic": "/sleɪ  sluː  sleɪn/",
    "des": ""
  },
  {
    "id_word": "101005553",
    "id_subject": "101000323",
    "id_course": "101000009",
    "word": "sleep , slept , slept",
    "mean": "ngủ",
    "example": "",
    "example_mean": "",
    "phonetic": "/sliːp  slept  slept/",
    "des": ""
  },
  {
    "id_word": "101005554",
    "id_subject": "101000323",
    "id_course": "101000009",
    "word": "slide , slid , slid",
    "mean": "trượt; lướt",
    "example": "",
    "example_mean": "",
    "phonetic": "/slaɪd  slɪd  slɪd/",
    "des": ""
  },
  {
    "id_word": "101005555",
    "id_subject": "101000323",
    "id_course": "101000009",
    "word": "sling , slung , slung",
    "mean": "ném mạnh",
    "example": "",
    "example_mean": "",
    "phonetic": "/slɪŋ  slʌŋ  slʌŋ/",
    "des": ""
  },
  {
    "id_word": "101005556",
    "id_subject": "101000323",
    "id_course": "101000009",
    "word": "slink , slunk , slunk",
    "mean": "lẻn đi",
    "example": "",
    "example_mean": "",
    "phonetic": "/slɪŋk  slʌŋk  slʌŋk/",
    "des": ""
  },
  {
    "id_word": "101005557",
    "id_subject": "101000323",
    "id_course": "101000009",
    "word": "smell , smelt , smelt",
    "mean": "ngửi",
    "example": "",
    "example_mean": "",
    "phonetic": "/smel  smelt  smelt/",
    "des": ""
  },
  {
    "id_word": "101005558",
    "id_subject": "101000323",
    "id_course": "101000009",
    "word": "smite , smote , smitten",
    "mean": "đập mạnh",
    "example": "",
    "example_mean": "",
    "phonetic": "/smaɪt  smoʊt  ˈsmɪtn/",
    "des": ""
  },
  {
    "id_word": "101005559",
    "id_subject": "101000323",
    "id_course": "101000009",
    "word": "sow , sowed , sown/sewed",
    "mean": "gieo; rải",
    "example": "",
    "example_mean": "",
    "phonetic": "/soʊ  soʊd  seʊn sɔʊd/",
    "des": ""
  },
  {
    "id_word": "101005560",
    "id_subject": "101000323",
    "id_course": "101000009",
    "word": "speak , spoke , spoken",
    "mean": "nói",
    "example": "",
    "example_mean": "",
    "phonetic": "/spiːk  spoʊk  ˈspoʊkən/",
    "des": ""
  },
  {
    "id_word": "101005561",
    "id_subject": "101000323",
    "id_course": "101000009",
    "word": "speed , sped/speeded , sped/speeded",
    "mean": "chạy vụt",
    "example": "",
    "example_mean": "",
    "phonetic": "/spiːd  sped ˈspiːdɪd  sped ˈspiːdɪd/",
    "des": ""
  },
  {
    "id_word": "101005562",
    "id_subject": "101000323",
    "id_course": "101000009",
    "word": "spell , spelt/spelled , spelt/spelled",
    "mean": "đánh vần",
    "example": "",
    "example_mean": "",
    "phonetic": "/spel  spelt speld  spelt speld/",
    "des": ""
  },
  {
    "id_word": "101005563",
    "id_subject": "101000323",
    "id_course": "101000009",
    "word": "spend , spent , spent",
    "mean": "tiêu sài",
    "example": "",
    "example_mean": "",
    "phonetic": "/spend  spent  spent/",
    "des": ""
  },
  {
    "id_word": "101005564",
    "id_subject": "101000323",
    "id_course": "101000009",
    "word": "spill , spilt/spilled , spilt/spilled",
    "mean": "tràn; đổ ra",
    "example": "",
    "example_mean": "",
    "phonetic": "/spɪl  spɪlt spɪld  spɪlt spɪld/",
    "des": ""
  },
  {
    "id_word": "101005565",
    "id_subject": "101000323",
    "id_course": "101000009",
    "word": "spin , spun/span , spun",
    "mean": "quay sợi",
    "example": "",
    "example_mean": "",
    "phonetic": "/spɪn  spʌn spæn  spʌn/",
    "des": ""
  },
  {
    "id_word": "101005566",
    "id_subject": "101000323",
    "id_course": "101000009",
    "word": "spit , spat , spat",
    "mean": "khạc nhổ",
    "example": "",
    "example_mean": "",
    "phonetic": "/spɪt  spæt  spæt/",
    "des": ""
  },
  {
    "id_word": "101005567",
    "id_subject": "101000323",
    "id_course": "101000009",
    "word": "spoil , spoilt/spoiled , spoilt/spoiled",
    "mean": "làm hỏng",
    "example": "",
    "example_mean": "",
    "phonetic": "/spɔɪl  spɔɪlt spɔɪld  spɔɪlt spɔɪld/",
    "des": ""
  },
  {
    "id_word": "101005568",
    "id_subject": "101000323",
    "id_course": "101000009",
    "word": "spread , spread , spread",
    "mean": "lan truyền",
    "example": "",
    "example_mean": "",
    "phonetic": "/spred  spred  spred/",
    "des": ""
  },
  {
    "id_word": "101005569",
    "id_subject": "101000323",
    "id_course": "101000009",
    "word": "spring , sprang , sprung",
    "mean": "nhảy",
    "example": "",
    "example_mean": "",
    "phonetic": "/sprɪŋ  spræŋ  sprʌŋ/",
    "des": ""
  },
  {
    "id_word": "101005570",
    "id_subject": "101000323",
    "id_course": "101000009",
    "word": "stand , stood , stood",
    "mean": "đứng",
    "example": "",
    "example_mean": "",
    "phonetic": "/stænd  stʊd  stʊd/",
    "des": ""
  },
  {
    "id_word": "101005571",
    "id_subject": "101000323",
    "id_course": "101000009",
    "word": "stave , stove/staved , stove/staved",
    "mean": "đâm thủng",
    "example": "",
    "example_mean": "",
    "phonetic": "/steɪv  stoʊv steɪvd  stoʊv steɪvd/",
    "des": ""
  },
  {
    "id_word": "101005572",
    "id_subject": "101000323",
    "id_course": "101000009",
    "word": "steal , stole , stolen",
    "mean": "đánh cắp",
    "example": "",
    "example_mean": "",
    "phonetic": "/stiːl  stoʊl  ˈstoʊlən/",
    "des": ""
  },
  {
    "id_word": "101005573",
    "id_subject": "101000323",
    "id_course": "101000009",
    "word": "stick , stuck , stuck",
    "mean": "ghim vào; đính",
    "example": "",
    "example_mean": "",
    "phonetic": "/stɪk  stʌk  stʌk/",
    "des": ""
  },
  {
    "id_word": "101005574",
    "id_subject": "101000323",
    "id_course": "101000009",
    "word": "sting , stung , stung",
    "mean": "châm ; chích; đốt",
    "example": "",
    "example_mean": "",
    "phonetic": "/stɪŋ  stʌŋ  stʌŋ/",
    "des": ""
  },
  {
    "id_word": "101005575",
    "id_subject": "101000323",
    "id_course": "101000009",
    "word": "stink , stunk/stank , stunk",
    "mean": "bốc mùi hôi",
    "example": "",
    "example_mean": "",
    "phonetic": "/stɪŋk  stʌŋk stæŋk  stʌŋk/",
    "des": ""
  },
  {
    "id_word": "101005576",
    "id_subject": "101000323",
    "id_course": "101000009",
    "word": "strew , strewed , strewn/strewed",
    "mean": "rắc , rải",
    "example": "",
    "example_mean": "",
    "phonetic": "/struː  struːd  struːn struːd/",
    "des": ""
  },
  {
    "id_word": "101005577",
    "id_subject": "101000323",
    "id_course": "101000009",
    "word": "stride , strode , stridden",
    "mean": "bước sải",
    "example": "",
    "example_mean": "",
    "phonetic": "/straɪd  stroʊd  ˈstriːdən/",
    "des": ""
  },
  {
    "id_word": "101005578",
    "id_subject": "101000323",
    "id_course": "101000009",
    "word": "strike , struck , struck",
    "mean": "đánh đập",
    "example": "",
    "example_mean": "",
    "phonetic": "/straɪk  strʌk  strʌk/",
    "des": ""
  },
  {
    "id_word": "101005579",
    "id_subject": "101000323",
    "id_course": "101000009",
    "word": "string , strung , strung",
    "mean": "gắn dây vào",
    "example": "",
    "example_mean": "",
    "phonetic": "/strɪŋ  strʌŋ  strʌŋ/",
    "des": ""
  },
  {
    "id_word": "101005580",
    "id_subject": "101000323",
    "id_course": "101000009",
    "word": "strive , strove , striven",
    "mean": "cố sức",
    "example": "",
    "example_mean": "",
    "phonetic": "/straɪv  stroʊv  ˈstrɪvən/",
    "des": ""
  },
  {
    "id_word": "101005581",
    "id_subject": "101000323",
    "id_course": "101000009",
    "word": "swear , swore , sworn",
    "mean": "tuyên thệ",
    "example": "",
    "example_mean": "",
    "phonetic": "/swer  swɔːr  sworn/",
    "des": ""
  },
  {
    "id_word": "101005582",
    "id_subject": "101000323",
    "id_course": "101000009",
    "word": "sweep , swept , swept",
    "mean": "quét",
    "example": "",
    "example_mean": "",
    "phonetic": "/swiːp  swept  swept/",
    "des": ""
  },
  {
    "id_word": "101005583",
    "id_subject": "101000323",
    "id_course": "101000009",
    "word": "swell , swelled , swollen/ swelled",
    "mean": "phồng; sưng",
    "example": "",
    "example_mean": "",
    "phonetic": "/swel  sweld  ˈswoʊlən sweld/",
    "des": ""
  },
  {
    "id_word": "101005584",
    "id_subject": "101000323",
    "id_course": "101000009",
    "word": "swim , swam , swum",
    "mean": "bơi lội",
    "example": "",
    "example_mean": "",
    "phonetic": "/swɪm  swæm  swʌm/",
    "des": ""
  },
  {
    "id_word": "101005585",
    "id_subject": "101000323",
    "id_course": "101000009",
    "word": "swing , swung , swung",
    "mean": "đong đưa",
    "example": "",
    "example_mean": "",
    "phonetic": "/swɪŋ  swʌŋ  swʌŋ/",
    "des": ""
  },
  {
    "id_word": "101005586",
    "id_subject": "101000324",
    "id_course": "101000009",
    "word": "take , took , taken",
    "mean": "cầm ; lấy",
    "example": "",
    "example_mean": "",
    "phonetic": "/teɪk  tʊk  ˈteɪkən/",
    "des": ""
  },
  {
    "id_word": "101005587",
    "id_subject": "101000324",
    "id_course": "101000009",
    "word": "teach , taught , taught",
    "mean": "dạy ; giảng dạy",
    "example": "",
    "example_mean": "",
    "phonetic": "/tiːʧ  tɔːt  tɔːt/",
    "des": ""
  },
  {
    "id_word": "101005588",
    "id_subject": "101000324",
    "id_course": "101000009",
    "word": "tear , tore , torn",
    "mean": "xé; rách",
    "example": "",
    "example_mean": "",
    "phonetic": "/ter  tɔːr  tɔːrn/",
    "des": ""
  },
  {
    "id_word": "101005589",
    "id_subject": "101000324",
    "id_course": "101000009",
    "word": "tell , told , told",
    "mean": "kể ; bảo",
    "example": "",
    "example_mean": "",
    "phonetic": "/tel  toʊld  toʊld/",
    "des": ""
  },
  {
    "id_word": "101005590",
    "id_subject": "101000324",
    "id_course": "101000009",
    "word": "think , thought , thought",
    "mean": "suy nghĩ",
    "example": "",
    "example_mean": "",
    "phonetic": "/θɪŋk  θɔːt  θɔːt/",
    "des": ""
  },
  {
    "id_word": "101005591",
    "id_subject": "101000324",
    "id_course": "101000009",
    "word": "throw , threw , thrown",
    "mean": "ném ; liệng",
    "example": "",
    "example_mean": "",
    "phonetic": "/θroʊ  θruː  θroʊn/",
    "des": ""
  },
  {
    "id_word": "101005592",
    "id_subject": "101000324",
    "id_course": "101000009",
    "word": "thrust , thrust , thrust",
    "mean": "thọc ;nhấn",
    "example": "",
    "example_mean": "",
    "phonetic": "/θrʌst  θrʌst  θrʌst/",
    "des": ""
  },
  {
    "id_word": "101005593",
    "id_subject": "101000324",
    "id_course": "101000009",
    "word": "tread , trod , trodden/trod",
    "mean": "giẫm ; đạp",
    "example": "",
    "example_mean": "",
    "phonetic": "/tred  trɑːd  ˈtrɑːdən trɑːd/",
    "des": ""
  },
  {
    "id_word": "101005594",
    "id_subject": "101000325",
    "id_course": "101000009",
    "word": "unbend , unbent , unbent",
    "mean": "làm thẳng lại",
    "example": "",
    "example_mean": "",
    "phonetic": "/ənˈbend  ənˈbent  ənˈbent/",
    "des": ""
  },
  {
    "id_word": "101005595",
    "id_subject": "101000325",
    "id_course": "101000009",
    "word": "undercut , undercut , undercut",
    "mean": "ra giá rẻ hơn",
    "example": "",
    "example_mean": "",
    "phonetic": "/ʌndərˌkʌt  ʌndərˌkʌt  ʌndərˌkʌt/",
    "des": ""
  },
  {
    "id_word": "101005596",
    "id_subject": "101000325",
    "id_course": "101000009",
    "word": "undergo , underwent , undergone",
    "mean": "kinh qua",
    "example": "",
    "example_mean": "",
    "phonetic": "/ˌʌndərˈgoʊ  ˌʌndərˈwent  undergone/",
    "des": ""
  },
  {
    "id_word": "101005597",
    "id_subject": "101000325",
    "id_course": "101000009",
    "word": "underlie , underlay , underlain",
    "mean": "nằm dưới",
    "example": "",
    "example_mean": "",
    "phonetic": "/ʌndəˈlaɪ  underlay  underlain/",
    "des": ""
  },
  {
    "id_word": "101005598",
    "id_subject": "101000325",
    "id_course": "101000009",
    "word": "underpay , undercut , undercut",
    "mean": "trả lương thấp",
    "example": "",
    "example_mean": "",
    "phonetic": "/ˌʌndəˈpeɪ  ʌndərˌkʌt  ʌndərˌkʌt/",
    "des": ""
  },
  {
    "id_word": "101005599",
    "id_subject": "101000325",
    "id_course": "101000009",
    "word": "undersell , undersold , undersold",
    "mean": "bán rẻ hơn",
    "example": "",
    "example_mean": "",
    "phonetic": "/ʌndərˈsel  undersold  undersold/",
    "des": ""
  },
  {
    "id_word": "101005600",
    "id_subject": "101000325",
    "id_course": "101000009",
    "word": "understand , understood , understood",
    "mean": "hiểu",
    "example": "",
    "example_mean": "",
    "phonetic": "/ʌndərˈstænd  ʌndərˈstʊd  ʌndərˈstʊd/",
    "des": ""
  },
  {
    "id_word": "101005601",
    "id_subject": "101000325",
    "id_course": "101000009",
    "word": "undertake , undertook , undertaken",
    "mean": "đảm nhận",
    "example": "",
    "example_mean": "",
    "phonetic": "/ˌʌndərˈteɪk  ˌʌndərˈtʊk  undertaken/",
    "des": ""
  },
  {
    "id_word": "101005602",
    "id_subject": "101000325",
    "id_course": "101000009",
    "word": "underwrite , underwrote , underwritten",
    "mean": "bảo hiểm",
    "example": "",
    "example_mean": "",
    "phonetic": "/ˌʌndərˈraɪt  ʌndərˈroʊt  underwritten/",
    "des": ""
  },
  {
    "id_word": "101005603",
    "id_subject": "101000325",
    "id_course": "101000009",
    "word": "undo , undid , undone",
    "mean": "tháo ra",
    "example": "",
    "example_mean": "",
    "phonetic": "/ənˈduː  ʌnd  ənˈdʌn/",
    "des": ""
  },
  {
    "id_word": "101005604",
    "id_subject": "101000325",
    "id_course": "101000009",
    "word": "unfreeze , unfroze , unfrozen",
    "mean": "làm tan đông",
    "example": "",
    "example_mean": "",
    "phonetic": "/ənˈfriːz  unfroze  unfrozen/",
    "des": ""
  },
  {
    "id_word": "101005605",
    "id_subject": "101000325",
    "id_course": "101000009",
    "word": "unwind , unwound , unwound",
    "mean": "tháo ra",
    "example": "",
    "example_mean": "",
    "phonetic": "/ənˈwaɪnd  unwound  unwound/",
    "des": ""
  },
  {
    "id_word": "101005606",
    "id_subject": "101000325",
    "id_course": "101000009",
    "word": "uphold , upheld , upheld",
    "mean": "ủng hộ",
    "example": "",
    "example_mean": "",
    "phonetic": "/əpˈhoʊld  əpˈheld  əpˈheld/",
    "des": ""
  },
  {
    "id_word": "101005607",
    "id_subject": "101000325",
    "id_course": "101000009",
    "word": "upset , upset , upset",
    "mean": "đánh đổ; lật đổ",
    "example": "",
    "example_mean": "",
    "phonetic": "/əpˈset  əpˈset  əpˈset/",
    "des": ""
  },
  {
    "id_word": "101005608",
    "id_subject": "101000326",
    "id_course": "101000009",
    "word": "wake , woke/ waked , woken/ waked",
    "mean": "thức giấc",
    "example": "",
    "example_mean": "",
    "phonetic": "/weɪk  woʊk weɪkt  ˈwoʊkən weɪkt/",
    "des": ""
  },
  {
    "id_word": "101005609",
    "id_subject": "101000326",
    "id_course": "101000009",
    "word": "waylay , waylaid , waylaid",
    "mean": "mai phục",
    "example": "",
    "example_mean": "",
    "phonetic": "/weɪˈleɪ  waylaid  waylaid/",
    "des": ""
  },
  {
    "id_word": "101005610",
    "id_subject": "101000326",
    "id_course": "101000009",
    "word": "wear , wore , worn",
    "mean": "mặc",
    "example": "",
    "example_mean": "",
    "phonetic": "/wer  wɔːr  wɔːrn/",
    "des": ""
  },
  {
    "id_word": "101005611",
    "id_subject": "101000326",
    "id_course": "101000009",
    "word": "weave , wove/weaved , woven/weaved",
    "mean": "dệt",
    "example": "",
    "example_mean": "",
    "phonetic": "/wiːv  woʊv wiːvd  ˈwoʊvən wiːvd/",
    "des": ""
  },
  {
    "id_word": "101005612",
    "id_subject": "101000326",
    "id_course": "101000009",
    "word": "wed , wed/wedded , wed/wedded",
    "mean": "kết hôn",
    "example": "",
    "example_mean": "",
    "phonetic": "/wed  wed ˈwedɪd  wed ˈwedɪd/",
    "des": ""
  },
  {
    "id_word": "101005613",
    "id_subject": "101000326",
    "id_course": "101000009",
    "word": "weep , wept , wept",
    "mean": "khóc",
    "example": "",
    "example_mean": "",
    "phonetic": "/wiːp  wept  wept/",
    "des": ""
  },
  {
    "id_word": "101005614",
    "id_subject": "101000326",
    "id_course": "101000009",
    "word": "wet , wet/wetted , wet/wetted",
    "mean": "làm ướt",
    "example": "",
    "example_mean": "",
    "phonetic": "/wet  wet  ˈwetɪd  wet  ˈwetɪd/",
    "des": ""
  },
  {
    "id_word": "101005615",
    "id_subject": "101000326",
    "id_course": "101000009",
    "word": "win , won , won",
    "mean": "thắng ; chiến thắng",
    "example": "",
    "example_mean": "",
    "phonetic": "/wɪn  wʌn  wʌn/",
    "des": ""
  },
  {
    "id_word": "101005616",
    "id_subject": "101000326",
    "id_course": "101000009",
    "word": "wind , wound , wound",
    "mean": "quấn",
    "example": "",
    "example_mean": "",
    "phonetic": "/wɪnd  wuːnd  wuːnd/",
    "des": ""
  },
  {
    "id_word": "101005617",
    "id_subject": "101000326",
    "id_course": "101000009",
    "word": "withdraw , withdrew , withdrawn",
    "mean": "rút lui",
    "example": "",
    "example_mean": "",
    "phonetic": "/wɪðˈdrɔː  wɪðˈdruː  wɪðˈdrɔːn/",
    "des": ""
  },
  {
    "id_word": "101005618",
    "id_subject": "101000326",
    "id_course": "101000009",
    "word": "withhold , withheld , withheld",
    "mean": "từ khước",
    "example": "",
    "example_mean": "",
    "phonetic": "/wɪθˈhoʊld  withheld  withheld/",
    "des": ""
  },
  {
    "id_word": "101005619",
    "id_subject": "101000326",
    "id_course": "101000009",
    "word": "withstand , withstood , withstood",
    "mean": "cầm cự",
    "example": "",
    "example_mean": "",
    "phonetic": "/wɪθˈstænd  withstood  withstood/",
    "des": ""
  },
  {
    "id_word": "101005620",
    "id_subject": "101000326",
    "id_course": "101000009",
    "word": "work , worked ,  worked",
    "mean": "rèn (sắt), nhào nặng đất",
    "example": "",
    "example_mean": "",
    "phonetic": "/wɜːrk  wɜːrkt  wɜːrkt/",
    "des": ""
  },
  {
    "id_word": "101005621",
    "id_subject": "101000326",
    "id_course": "101000009",
    "word": "wring , wrung , wrung",
    "mean": "vặn ; siết chặt",
    "example": "",
    "example_mean": "",
    "phonetic": "/rɪŋ  rʌŋ  rʌŋ/",
    "des": ""
  },
  {
    "id_word": "101005622",
    "id_subject": "101000326",
    "id_course": "101000009",
    "word": "write , wrote , written",
    "mean": "viết",
    "example": "",
    "example_mean": "",
    "phonetic": "/raɪt  roʊt  ˈrɪtn/",
    "des": ""
  }
]