[
  {
    "idQuestion": "101",
    "answerCorrect": "B",
    "question": "101. In recognition of Elaine Tang’s exceptional service to ___ company, the human resources director will honor her at tonight’s employee awards ceremony.",
    "A": "ours",
    "B": "our",
    "C": "us",
    "D": "we"
  },
  {
    "idQuestion": "102",
    "answerCorrect": "B",
    "question": "102. Randy Waters will be doing a product demonstration ___ the electronics convention in Atlanta.",
    "A": "out",
    "B": "at",
    "C": "into",
    "D": "across"
  },
  {
    "idQuestion": "103",
    "answerCorrect": "A",
    "question": "103. The clothing shop is ___ because it sells quality uniforms at competitive prices.",
    "A": "successful",
    "B": "success",
    "C": "succeed",
    "D": "successfully"
  },
  {
    "idQuestion": "104",
    "answerCorrect": "A",
    "question": "104. Tomorrow we will meet with a ___ of consultants who specialize in staff training and team building",
    "A": "group",
    "B": "supply",
    "C": "measure",
    "D": "fraction"
  },
  {
    "idQuestion": "105",
    "answerCorrect": "C",
    "question": "105. Before using your savings ___ borrowingmoney to start a business, you should carefully evaluate the financial risks involved.",
    "A": "either",
    "B": "so that",
    "C": "or",
    "D": "nor"
  },
  {
    "idQuestion": "106",
    "answerCorrect": "D",
    "question": "106. Liza Baley recently ___ positive reviews for her performance in Mike Keric’s new drama, Nightfall.",
    "A": "receives",
    "B": "was receiving",
    "C": "is received",
    "D": "received"
  },
  {
    "idQuestion": "107",
    "answerCorrect": "D",
    "question": "107. The success of a product depends on ___ factors.",
    "A": "organized",
    "B": "useful",
    "C": "assembled",
    "D": "various"
  },
  {
    "idQuestion": "108",
    "answerCorrect": "C",
    "question": "108. Costs for building materials, such as cement, steel, and wood, rose ___ last quarter, lowering the profits of most construction companies.",
    "A": "sharp",
    "B": "sharpness",
    "C": "sharply",
    "D": "sharpen"
  },
  {
    "idQuestion": "109",
    "answerCorrect": "A",
    "question": "109. Our overseas branch office is ___. to open in Taipei next month.",
    "A": "scheduled",
    "B": "advanced",
    "C": "informed",
    "D": "maintained"
  },
  {
    "idQuestion": "110",
    "answerCorrect": "B",
    "question": "110. International experience is the main ___ that separates Mr. Sloan from the other candidates for the position.",
    "A": "qualified",
    "B": "qualification",
    "C": "qualify",
    "D": "qualifying"
  },
  {
    "idQuestion": "111",
    "answerCorrect": "D",
    "question": "111. Our marketing strategy will be ___ influenced by the feedback we receive from the customer satisfaction survey.",
    "A": "legibly",
    "B": "blankly",
    "C": "loudly",
    "D": "strongly"
  },
  {
    "idQuestion": "112",
    "answerCorrect": "A",
    "question": "112. The hotel’s quiet mountain setting provides a ___ change for visitors who live in a crowded city.",
    "A": "refreshing",
    "B": "refreshment",
    "C": "refreshed",
    "D": "refresh"
  },
  {
    "idQuestion": "113",
    "answerCorrect": "C",
    "question": "113. The building manager has informed us that the west entrance elevators will be out of ___ for the remainder of the week.",
    "A": "work",
    "B": "aid",
    "C": "service",
    "D": "help"
  },
  {
    "idQuestion": "114",
    "answerCorrect": "C",
    "question": "114. New employees ___ wish to receive benefits should complete the necessary forms before the 10:00 A.M. orientation session.",
    "A": "whose",
    "B": "whom",
    "C": "who",
    "D": "which"
  },
  {
    "idQuestion": "115",
    "answerCorrect": "B",
    "question": "115. Brown is best suited for the posting because she speaks ___ Mandarin and has lived in Beijing.",
    "A": "experienced",
    "B": "fluent",
    "C": "running",
    "D": "prolonged"
  },
  {
    "idQuestion": "116",
    "answerCorrect": "D",
    "question": "116. Thank you for taking the time to meet with me, and I look forward to ___. from you soon.",
    "A": "hear",
    "B": "hears",
    "C": "heard",
    "D": "hearing"
  },
  {
    "idQuestion": "117",
    "answerCorrect": "B",
    "question": "117. The afternoon flight from Tokyo has been canceled  a mechanical problem.",
    "A": "as much as",
    "B": "due to",
    "C": "because",
    "D": "in case"
  },
  {
    "idQuestion": "118",
    "answerCorrect": "A",
    "question": "118. Following Ms. Agio’s appointment to the board of directors, the firm’s investment strategy was ___ reevaluated.",
    "A": "thoroughly",
    "B": "thorough",
    "C": "thoroughness",
    "D": "more thorough"
  },
  {
    "idQuestion": "119",
    "answerCorrect": "C",
    "question": "119. Every summer, Brighton store owners create unique window displays ___ an effort to attract more tourists.",
    "A": "of",
    "B": "by",
    "C": "in",
    "D": "from"
  },
  {
    "idQuestion": "120",
    "answerCorrect": "A",
    "question": "120. Improvements in the manufacturing process resulted in greater ___ in the production of wood furniture.",
    "A": "consistency",
    "B": "consisting",
    "C": "consistently",
    "D": "consistent"
  },
  {
    "idQuestion": "121",
    "answerCorrect": "B",
    "question": "121. After the president’s welcoming remarks, sales manager Tonya Nero will lead a___ on product promotion strategies.",
    "A": "situation",
    "B": "discussion",
    "C": "selection",
    "D": "delivery"
  },
  {
    "idQuestion": "122",
    "answerCorrect": "A",
    "question": "122. In order to keep prices ___ , Kim’s Bakery will begin making its breads and cakes on the premises.",
    "A": "reasonable",
    "B": "reasonably",
    "C": "reasoning",
    "D": "reason"
  },
  {
    "idQuestion": "123",
    "answerCorrect": "C",
    "question": "123. After all resumes have been reviewed, selected candidates will be ___ for interviews.",
    "A": "signaled",
    "B": "stated",
    "C": "invited",
    "D": "produced"
  },
  {
    "idQuestion": "124",
    "answerCorrect": "D",
    "question": "124. Our contact information is printed on the back cover of the manual so that you may ___ refer to it.",
    "A": "ease",
    "B": "easy",
    "C": "easiest",
    "D": "easily"
  },
  {
    "idQuestion": "125",
    "answerCorrect": "B",
    "question": "125. Martin has decided to ___ the planning meeting because of a scheduling conflict.",
    "A": "evaluate",
    "B": "postpone",
    "C": "refer",
    "D": "identify"
  },
  {
    "idQuestion": "126",
    "answerCorrect": "B",
    "question": "126. A conservative investment strategy seems ___ in light of the company’s current financial situation.",
    "A": "recognized",
    "B": "appropriate",
    "C": "alternative",
    "D": "collective"
  },
  {
    "idQuestion": "127",
    "answerCorrect": "D",
    "question": "127. The company handbook ___ the topics of compensation, bonuses, and overtime.",
    "A": "has been covered",
    "B": "covering",
    "C": "is covered",
    "D": "covers"
  },
  {
    "idQuestion": "128",
    "answerCorrect": "C",
    "question": "128. The goal of our publication is to provide ___ to students who want to study overseas.",
    "A": "effort",
    "B": "engagement",
    "C": "assistance",
    "D": "attraction"
  },
  {
    "idQuestion": "129",
    "answerCorrect": "A",
    "question": "129. ___ budget constraints, all full-time employees will receive a 3 percent salary increase.",
    "A": "Despite",
    "B": "When",
    "C": "Even if",
    "D": "Besides"
  },
  {
    "idQuestion": "130",
    "answerCorrect": "D",
    "question": "130. During the hotel renovation, special ___ was given to the lighting fixtures and decorations.",
    "A": "introduction",
    "B": "attempt",
    "C": "conference",
    "D": "attention"
  },
  {
    "idQuestion": "131",
    "answerCorrect": "D",
    "question": "131. The inventory should be completed by the end of the week if everything goes ___ plan.",
    "A": "in addition to",
    "B": "agreeing with",
    "C": "relating to",
    "D": "according to"
  },
  {
    "idQuestion": "132",
    "answerCorrect": "B",
    "question": "132. Commuters can help reduce pollution by occasionally leaving ___ cars at home and using public transportation.",
    "A": "them",
    "B": "their",
    "C": "theirs",
    "D": "they"
  },
  {
    "idQuestion": "133",
    "answerCorrect": "C",
    "question": "133. Following her ___ to sales director, Ms. Lin assumed responsibility for the firm’s marketing activities.",
    "A": "development",
    "B": "delivery",
    "C": "promotion",
    "D": "acceptance"
  },
  {
    "idQuestion": "134",
    "answerCorrect": "D",
    "question": "134. Local manufacturers have been ___ to hire additional employees until productivity improves.",
    "A": "hesitate",
    "B": "hesitation",
    "C": "hesitated",
    "D": "hesitant"
  },
  {
    "idQuestion": "135",
    "answerCorrect": "A",
    "question": "135. The company ___ computer training to ensure that employees have the latest computer knowledge and skills.",
    "A": "provides",
    "B": "regrets",
    "C": "convinces",
    "D": "proceeds"
  },
  {
    "idQuestion": "136",
    "answerCorrect": "C",
    "question": "136. Recent data indicate that the ___ of water in Orlova Valley has dropped over the last two years.",
    "A": "consume",
    "B": "consumer",
    "C": "consumption",
    "D": "consumed"
  },
  {
    "idQuestion": "137",
    "answerCorrect": "D",
    "question": "137. If fuel costs rise ___ , the terms of our contract may have to be renegotiated.",
    "A": "mainly",
    "B": "sincerely",
    "C": "freshly",
    "D": "significantly"
  },
  {
    "idQuestion": "138",
    "answerCorrect": "B",
    "question": "138. It is imperative that computer passwords ___ kept confidential.",
    "A": "were",
    "B": "be",
    "C": "being",
    "D": "had been"
  },
  {
    "idQuestion": "139",
    "answerCorrect": "B",
    "question": "139. Sitting through long presentations can make the audience ___ , so speakers should limit their talks to 30 minutes.",
    "A": "remarkable",
    "B": "restless",
    "C": "concise",
    "D": "excessive"
  },
  {
    "idQuestion": "140",
    "answerCorrect": "C",
    "question": "140. Insurance specialists at Datweiler & Associates receive three months of intensive training ___ they begin working with clients.",
    "A": "rather",
    "B": "whereas",
    "C": "before",
    "D": "nearly"
  }
]