[{"idQuestion":"11","answerCorrect":"A"},{"idQuestion":"12","answerCorrect":"C"},{"idQuestion":"13","answerCorrect":"C"},{"idQuestion":"14","answerCorrect":"A"},{"idQuestion":"15","answerCorrect":"B"},{"idQuestion":"16","answerCorrect":"B"},{"idQuestion":"17","answerCorrect":"C"},{"idQuestion":"18","answerCorrect":"B"},{"idQuestion":"19","answerCorrect":"B"},{"idQuestion":"20","answerCorrect":"A"},{"idQuestion":"21","answerCorrect":"A"},{"idQuestion":"22","answerCorrect":"C"},{"idQuestion":"23","answerCorrect":"B"},{"idQuestion":"24","answerCorrect":"C"},{"idQuestion":"25","answerCorrect":"A"},{"idQuestion":"26","answerCorrect":"B"},{"idQuestion":"27","answerCorrect":"B"},{"idQuestion":"28","answerCorrect":"A"},{"idQuestion":"29","answerCorrect":"C"},{"idQuestion":"30","answerCorrect":"C"},{"idQuestion":"31","answerCorrect":"A"},{"idQuestion":"32","answerCorrect":"B"},{"idQuestion":"33","answerCorrect":"C"},{"idQuestion":"34","answerCorrect":"B"},{"idQuestion":"35","answerCorrect":"A"},{"idQuestion":"36","answerCorrect":"B"},{"idQuestion":"37","answerCorrect":"C"},{"idQuestion":"38","answerCorrect":"B"},{"idQuestion":"39","answerCorrect":"A"},{"idQuestion":"40","answerCorrect":"A"}]