[
  {
    "idQuestion": "41",
    "answerCorrect": "B",
    "question": "Where do the speakers probably work? ",
    "A": " In a post office",
    "B": "In a school",
    "C": "In a department store",
    "D": "In an office"
  },
  {
    "idQuestion": "42",
    "answerCorrect": "D",
    "question": "How does the man probably feel about the woman’s news? ",
    "A": "Excited",
    "B": "Happy",
    "C": "Angry",
    "D": "Surprised"
  },
  {
    "idQuestion": "43",
    "answerCorrect": "A",
    "question": "Why does the woman plan to change her job? ",
    "A": "She wants to teach younger children",
    "B": "Her contract is almost finished",
    "C": "She wants to live in a different city",
    "D": "Her friend told her about a sales position"
  },
  {
    "idQuestion": "44",
    "answerCorrect": "C",
    "question": "Where does the man probably work? ",
    "A": "In a post office",
    "B": "In a restaurant",
    "C": "In a hotel",
    "D": "In a school"
  },
  {
    "idQuestion": "45",
    "answerCorrect": "A",
    "question": "What does the caller do? ",
    "A": "Ask to speak to someone",
    "B": "Leave a message",
    "C": "Request a telephone number",
    "D": "Make a reservation"
  },
  {
    "idQuestion": "46",
    "answerCorrect": "C",
    "question": "What is the problem? ",
    "A": "Susan Lam is not in her room",
    "B": "The office is closed",
    "C": "The caller gave the wrong name",
    "D": "The man has lost his list"
  },
  {
    "idQuestion": "47",
    "answerCorrect": "B",
    "question": " What type of business does the man have? ",
    "A": "Automobile sales",
    "B": "Driveway construction",
    "C": "Garbage removal",
    "D": "Delivery service"
  },
  {
    "idQuestion": "48",
    "answerCorrect": "D",
    "question": "What does the man tell the woman to do? ",
    "A": "Park her car on the street",
    "B": "Orive to another location",
    "C": "Call another company",
    "D": "Obtain a permit for the work"
  },
  {
    "idQuestion": "49",
    "answerCorrect": "C",
    "question": "When did the woman expect the work to be started? ",
    "A": "Tomorrow",
    "B": "Later this week",
    "C": "Next week",
    "D": "Next month"
  },
  {
    "idQuestion": "50",
    "answerCorrect": "A",
    "question": "What are the speakers mainly discussing? ",
    "A": "Plans to attend a conference",
    "B": "A visit to their families",
    "C": "The cost of hotel rooms",
    "D": "Reservations for a vacation"
  },
  {
    "idQuestion": "51",
    "answerCorrect": "A",
    "question": "What does the woman suggest the man do?",
    "A": "Make his reservations soon",
    "B": "Cancel his flight",
    "C": "Call another hotel",
    "D": "Attend a different conference"
  },
  {
    "idQuestion": "52",
    "answerCorrect": "B",
    "question": "Where will the man probably stay? ",
    "A": "Near the library",
    "B": "With a relative",
    "C": "At the conference center",
    "D": "At a friend’s apartment"
  },
  {
    "idQuestion": "53",
    "answerCorrect": "B",
    "question": "What are the speakers discussing? ",
    "A": "The arrival of some guests",
    "B": "The delivery of some food",
    "C": "The location of a party",
    "D": "The cost of a meal"
  },
  {
    "idQuestion": "54",
    "answerCorrect": "B",
    "question": "What will the man do on Tuesday morning? ",
    "A": "Attend a party",
    "B": "Meet with clients",
    "C": "Place an order",
    "D": "Pick up a friend"
  },
  {
    "idQuestion": "55",
    "answerCorrect": "D",
    "question": "What does the woman offer to do for the  man?",
    "A": "Give him a discount",
    "B": "Introduce him to a customer",
    "C": "Take him to a restaurant",
    "D": "Deliver an order to his office"
  },
  {
    "idQuestion": "56",
    "answerCorrect": "B",
    "question": "What are the speakers discussing?",
    "A": "Attendance at a conference",
    "B": "Arrangements for a visit",
    "C": "A tour of Manchester",
    "D": "Plans for a company’ party"
  },
  {
    "idQuestion": "57",
    "answerCorrect": "C",
    "question": "What does the man ask Carol to do? ",
    "A": "Contact the Manchester oftice",
    "B": "Read some information",
    "C": "Reserve a meeting room",
    "D": "Talk to a group of employees"
  },
  {
    "idQuestion": "58",
    "answerCorrect": "C",
    "question": "What does Carol offer to do? ",
    "A": "Make travel arrangements",
    "B": "Meet with some visitors",
    "C": "Order food for a meeting",
    "D": "Remind employees of a policy"
  },
  {
    "idQuestion": "59",
    "answerCorrect": "A",
    "question": "What happened to the man? ",
    "A": "His flight was delayed",
    "B": "He forgot his plane ticket",
    "C": "He boarded the wrong airplane",
    "D": "His luggage was lost"
  },
  {
    "idQuestion": "60",
    "answerCorrect": "D",
    "question": "What did the airline do?",
    "A": "Conduct a survey",
    "B": "Cancel the man’s flight",
    "C": "Pay for the man’s luggage",
    "D": "Replace the plane’s pilot"
  },
  {
    "idQuestion": "61",
    "answerCorrect": "C",
    "question": "What did one passenger complain to the  airline about?",
    "A": "The bad quality of the meal service",
    "B": "An overbooked flight",
    "C": "Poor scheduling of pilots",
    "D": "Faulty baggage handling"
  },
  {
    "idQuestion": "62",
    "answerCorrect": "D",
    "question": "What does the woman say about the  volleyball team?",
    "A": "It participates in professional tournaments",
    "B": "It has a championship game on Saturday",
    "C": "It will play its first game this weekend",
    "D": "It is a relaxed and noncompetitive team"
  },
  {
    "idQuestion": "63",
    "answerCorrect": "C",
    "question": " Why does the man not want to play? ",
    "A": "He has an injury",
    "B": "He is busy on Saturday",
    "C": "He does not think he is a good player",
    "D": "He does not enjoy playing volleyball"
  },
  {
    "idQuestion": "64",
    "answerCorrect": "B",
    "question": "What does the man decide to do? ",
    "A": "Get into better shape",
    "B": "Participate in the game",
    "C": "Play a difterent sport",
    "D": "Go and watch the woman play"
  },
  {
    "idQuestion": "65",
    "answerCorrect": "C",
    "question": "What is the purpose of the woman’s call? ",
    "A": "She wants to upgrade her heating system",
    "B": "She wants to find out a price",
    "C": "She wants to sell a product",
    "D": "She wants to have a filter repaired"
  },
  {
    "idQuestion": "66",
    "answerCorrect": "B",
    "question": "What will be different for the next 90 days? ",
    "A": "The cost of repair jobs",
    "B": "The cost of some filters",
    "C": "The time required for repairs",
    "D": "The time required for delivering parts"
  },
  {
    "idQuestion": "67",
    "answerCorrect": "D",
    "question": "What does the man say he will do?",
    "A": "Provide an estimate of cost",
    "B": "Read some information about filters",
    "C": "Have another worker help the woman",
    "D": "Speak with the maintenance staff"
  },
  {
    "idQuestion": "68",
    "answerCorrect": "B",
    "question": "What are the speakers doing? ",
    "A": "Revising a report",
    "B": "Discussing an advertisement",
    "C": "Reviewing writing samples",
    "D": "Writing a news article"
  },
  {
    "idQuestion": "69",
    "answerCorrect": "A",
    "question": "What problem does the woman mention? ",
    "A": "A lack of clerical support",
    "B": "The need for better reporting",
    "C": "Fewer customers",
    "D": "Poor coverage of business news"
  },
  {
    "idQuestion": "70",
    "answerCorrect": "C",
    "question": "How does the man feel? ",
    "A": "Nervous",
    "B": "Bored",
    "C": "Hopeful",
    "D": "Pessimistic"
  }
]