[
  {
    "idQuestion": "71",
    "answerCorrect": "C",
    "question": "What is the main purpose of the talk? ",
    "A": "To announce a merger",
    "B": "To publicize a new product",
    "C": "To thank staff",
    "D": "To introduce new sales representatives"
  },
  {
    "idQuestion": "72",
    "answerCorrect": "D",
    "question": "How has the service that the company provides changed? ",
    "A": "It is faster",
    "B": "It is less expensive",
    "C": "It will be offered to fewer people",
    "D": "It covers a larger area"
  },
  {
    "idQuestion": "73",
    "answerCorrect": "A",
    "question": "What will happen on Saturday? ",
    "A": "There will be a picnic",
    "B": "A new network will be installed",
    "C": "There will be a staff meeting",
    "D": "A new company president will be named"
  },
  {
    "idQuestion": "74",
    "answerCorrect": "A",
    "question": "What is Ms. Parson’s current position? ",
    "A": "Company president",
    "B": "Consultant",
    "C": "News announcer",
    "D": "Employment counselor"
  },
  {
    "idQuestion": "75",
    "answerCorrect": "D",
    "question": "When will Ms. Parsons leave her current job? ",
    "A": "Today",
    "B": "Tomorrow",
    "C": "Next Tuesday",
    "D": "Next year"
  },
  {
    "idQuestion": "76",
    "answerCorrect": "C",
    "question": "What activity has already started?",
    "A": "The search for experienced consultants",
    "B": "The merging of two companies",
    "C": "The search for a new company head",
    "D": "The remodeling of the Star Company building"
  },
  {
    "idQuestion": "77",
    "answerCorrect": "C",
    "question": "Who is the intended audience for this talk? ",
    "A": "Athletes",
    "B": "Film stars",
    "C": "Journalists",
    "D": "Politicians"
  },
  {
    "idQuestion": "78",
    "answerCorrect": "C",
    "question": "What are the audience members asked to do?",
    "A": "Speak quietly in the interview area",
    "B": "Dress nicely for interviews",
    "C": "Use microphones when asking questions",
    "D": "Leave telephones outside the media center"
  },
  {
    "idQuestion": "79",
    "answerCorrect": "B",
    "question": "What will happen next? ",
    "A": "The audience will watch a film clip",
    "B": "A tennis player will answer questions",
    "C": "The audience will leave the meeting",
    "D": "A player will sign autographs"
  },
  {
    "idQuestion": "80",
    "answerCorrect": "B",
    "question": "Who is the intended audience for this announcement?",
    "A": "Supermarket customers",
    "B": "Office employees",
    "C": "International tourists",
    "D": "University students"
  },
  {
    "idQuestion": "81",
    "answerCorrect": "C",
    "question": "When will the change take place? ",
    "A": "Today",
    "B": "Next week",
    "C": "Next month",
    "D": "Next year"
  },
  {
    "idQuestion": "82",
    "answerCorrect": "D",
    "question": "Where will information be posted? ",
    "A": "On the company Web site",
    "B": "Next to the vending machines",
    "C": "On the front door of the building",
    "D": "Near the entrance to the cafeteria"
  },
  {
    "idQuestion": "83",
    "answerCorrect": "C",
    "question": "What is the main topic of the talk? ",
    "A": "Driving in heavy traffic",
    "B": "Purchasing a car",
    "C": "Driving safety",
    "D": "Traffic conditions"
  },
  {
    "idQuestion": "84",
    "answerCorrect": "A",
    "question": "What does the speaker suggest that drivers do?",
    "A": "Take frequent breaks",
    "B": "Avoid drinks with caffeine",
    "C": "Open a window",
    "D": "Change cars"
  },
  {
    "idQuestion": "85",
    "answerCorrect": "D",
    "question": "What will tomorrow’s talk be about? ",
    "A": "Saving money",
    "B": "Reducing stress",
    "C": "Getting a good night’s sleep",
    "D": "Family vacations"
  },
  {
    "idQuestion": "86",
    "answerCorrect": "D",
    "question": "What is the purpose of the announcement? ",
    "A": "To notify customers of a store closing",
    "B": "To inform staff of a merger with another company",
    "C": "To announce pay increases for employees",
    "D": "To announce a new location for a store"
  },
  {
    "idQuestion": "87",
    "answerCorrect": "A",
    "question": "What will happen at the end of the year? ",
    "A": "The bookstore’s lease will expire",
    "B": "The shopping center will be demolished",
    "C": "A new university will be opened",
    "D": "The rent on downtown stores will In crease"
  },
  {
    "idQuestion": "88",
    "answerCorrect": "B",
    "question": "Where is Barker’s Books currently located? ",
    "A": "In the new shopping center",
    "B": "Near the university",
    "C": "Next to the shoe store",
    "D": "Near the train station"
  },
  {
    "idQuestion": "89",
    "answerCorrect": "B",
    "question": "Who is the speaker probably addressing? ",
    "A": "A group of technical trainers",
    "B": "A group of new employees",
    "C": "Guests at a special dinner",
    "D": "Historians at a convention"
  },
  {
    "idQuestion": "90",
    "answerCorrect": "A",
    "question": "What will Karen Maitland do? ",
    "A": "Answer questions about policies",
    "B": "Talk about company products",
    "C": "Lead a tour of the company",
    "D": "Meet with the trainers"
  },
  {
    "idQuestion": "91",
    "answerCorrect": "B",
    "question": "When will a video be shown? ",
    "A": "This morning",
    "B": "This afternoon",
    "C": "Tomorrow morning",
    "D": "Tomorrow afternoon"
  },
  {
    "idQuestion": "92",
    "answerCorrect": "A",
    "question": "Who is the speaker? ",
    "A": "An architect",
    "B": "The museum president",
    "C": "A construction worker",
    "D": "A tour guide"
  },
  {
    "idQuestion": "93",
    "answerCorrect": "C",
    "question": "Why have Brown and Sons been contacted? ",
    "A": "To organize the museum’s collections",
    "B": "To teach an art history class",
    "C": "To check the condition of the building",
    "D": "To help find a new museum president"
  },
  {
    "idQuestion": "94",
    "answerCorrect": "D",
    "question": "What will the speaker do next? ",
    "A": "Describe the landscaping around the museum",
    "B": "Lead a tour of the museum’s collections",
    "C": "Show photographs of historic buildings",
    "D": "Explain how the museum can be restored"
  },
  {
    "idQuestion": "95",
    "answerCorrect": "B",
    "question": "What is the talk mainly about? ",
    "A": "The population of Canada",
    "B": "The design of the city of Toronto",
    "C": "The size of the shopping centers",
    "D": "The province of Ontario"
  },
  {
    "idQuestion": "96",
    "answerCorrect": "C",
    "question": " What does the speaker say about the weather in Toronto?",
    "A": "It is milder than in the rest of Ontario",
    "B": "It attracts many visitors",
    "C": "Its temperatures vary greatly",
    "D": "It is difficult to forecast accurately"
  },
  {
    "idQuestion": "97",
    "answerCorrect": "C",
    "question": "How is Toronto different from other cities? ",
    "A": "Construction costs are lower in the city center area",
    "B": "More tourists have come to visit recently",
    "C": "Businesses have remained in the city center",
    "D": "More people live within the city limits than in the suburbs"
  },
  {
    "idQuestion": "98",
    "answerCorrect": "B",
    "question": "What example of multitasking does the speaker give? ",
    "A": "Eating breakfast while driving to work",
    "B": "Commuting while getting exercise",
    "C": "Thinking while cycling",
    "D": "Drinking coffee while working"
  },
  {
    "idQuestion": "99",
    "answerCorrect": "A",
    "question": "What is the purpose of the event that the speaker announces? ",
    "A": "To encourage employees to cycle to work",
    "B": "To teach employees time-management techniques",
    "C": "To help employees cope with stress",
    "D": "To invite employees to join an aerobics class"
  },
  {
    "idQuestion": "100",
    "answerCorrect": "D",
    "question": "Which employees will get a free breakfast on July 16? ",
    "A": "Those who get to work before 8:00 A. M",
    "B": "Those who have paid for parking",
    "C": "Those who work in the Collins Building",
    "D": "Those who ride a bicycle to work"
  }
]