[
  {
    "idQuestion": "41",
    "answerCorrect": "C",
    "question": "What are the man and woman talking about?",
    "A": "A meeting",
    "B": "A hotel",
    "C": "A restaurant",
    "D": "A client"
  },
  {
    "idQuestion": "42",
    "answerCorrect": "D",
    "question": "What is the man planning to do next week? ",
    "A": "Take some time off",
    "B": "Travel out of town",
    "C": "Meet with the woman",
    "D": "Take some clients out to eat"
  },
  {
    "idQuestion": "43",
    "answerCorrect": "A",
    "question": "What does the woman give the man?",
    "A": "A business card",
    "B": "A meeting agenda",
    "C": "An expense report",
    "D": "A client’s phone number"
  },
  {
    "idQuestion": "44",
    "answerCorrect": "D",
    "question": "What is the woman working on? ",
    "A": "A staff survey",
    "B": "The monthly schedule",
    "C": "Some charts and graphs",
    "D": "A newsletter"
  },
  {
    "idQuestion": "45",
    "answerCorrect": "B",
    "question": "ong does the warranty last?",
    "A": "A copy of a letter",
    "B": "A message from the president",
    "C": "A clock",
    "D": "Some photographs"
  },
  {
    "idQuestion": "46",
    "answerCorrect": "C",
    "question": "What does the woman ask the man to do? ",
    "A": "Deliver a message",
    "B": "Place an order",
    "C": "Give some advice",
    "D": "Write a news report"
  },
  {
    "idQuestion": "47",
    "answerCorrect": "D",
    "question": "What does the woman ask the man to do?",
    "A": "Leave work early",
    "B": "Change into another suit",
    "C": "Buy a present for his cousin",
    "D": "Take some clothing to the cleaner’s"
  },
  {
    "idQuestion": "48",
    "answerCorrect": "A",
    "question": "Why does the man have to go to work early this morning?",
    "A": "He is working on a speech",
    "B": "He is leaving early to buy tickets for a ballgame",
    "C": "He is meeting with his boss",
    "D": "He is helping his cousin"
  },
  {
    "idQuestion": "49",
    "answerCorrect": "C",
    "question": "Where did the man plan to go on Saturday?",
    "A": "To work",
    "B": "To a clothing store",
    "C": "To a sporting event",
    "D": "To a party for a colleague"
  },
  {
    "idQuestion": "50",
    "answerCorrect": "B",
    "question": "What is the man’s occupation? ",
    "A": "Hotel clerk",
    "B": "Travel agent",
    "C": "Postal worker",
    "D": "Messenger"
  },
  {
    "idQuestion": "51",
    "answerCorrect": "C",
    "question": "Why does the woman call the man? ",
    "A": "She wants to request a refund",
    "B": "She plans to deliver a package",
    "C": "She has not received her ticket",
    "D": "She needs to make a reservation"
  },
  {
    "idQuestion": "52",
    "answerCorrect": "B",
    "question": "Why is Indira not in the office? ",
    "A": "She is sick",
    "B": "She no longer works there",
    "C": "She is doing an errand",
    "D": "She is receiving an award"
  },
  {
    "idQuestion": "53",
    "answerCorrect": "D",
    "question": "How did Beth spend her lunch hour? ",
    "A": "She had a meeting with a customer",
    "B": "She visited her friend at Yoon Corporation",
    "C": "To request a copy of a document",
    "D": "She ate a sandwich in the park"
  },
  {
    "idQuestion": "54",
    "answerCorrect": "A",
    "question": "What are the speakers mainly talking about? ",
    "A": "A new contract",
    "B": "The cafeteria menu",
    "C": "A story in the newspaper",
    "D": "Technical training for staff"
  },
  {
    "idQuestion": "55",
    "answerCorrect": "B",
    "question": "How does Beth say Jack should feel? ",
    "A": "Worried",
    "B": "Happy",
    "C": "Excited",
    "D": "Uncertain"
  },
  {
    "idQuestion": "56",
    "answerCorrect": "D",
    "question": "What is the purpose of Martha’s call to Jeffrey?",
    "A": "To tell him she is going out of town",
    "B": "To ask him to pay for some additional research",
    "C": "To thank him for meeting with her",
    "D": "To tell him she mailed a report to him"
  },
  {
    "idQuestion": "57",
    "answerCorrect": "C",
    "question": "What department does Martha most likely work in? ",
    "A": "Library services",
    "B": "Sales",
    "C": "Research",
    "D": "Communications"
  },
  {
    "idQuestion": "58",
    "answerCorrect": "A",
    "question": "What does Martha plan to do?",
    "A": "Make revisions to her report",
    "B": "Send Jeffrey more money",
    "C": "Take some time off work",
    "D": "Give Jeffrey some advice"
  },
  {
    "idQuestion": "59",
    "answerCorrect": "A",
    "question": "Where does Marie probably work?",
    "A": "In a hotel",
    "B": "In a factory",
    "C": "In a hospital",
    "D": "In a dormitory"
  },
  {
    "idQuestion": "60",
    "answerCorrect": "B",
    "question": "What will Maurice show Marie?",
    "A": "How to use the dishwasher",
    "B": "How to set the tables",
    "C": "How to fold the clean clothes",
    "D": "How to arrange the furniture"
  },
  {
    "idQuestion": "61",
    "answerCorrect": "D",
    "question": "What will Marie do first? ",
    "A": "Wash the dishes",
    "B": "Serve breakfast",
    "C": "Put tablecloths on the tables",
    "D": "Remove the dirty dishes"
  },
  {
    "idQuestion": "62",
    "answerCorrect": "A",
    "question": "Why is the woman unable to attend the staff meeting tomorrow afternoon? ",
    "A": "She will be meeting with the board of trustees",
    "B": "She will be at a conference center",
    "C": "She will be at a client meeting",
    "D": "She will be writing a report"
  },
  {
    "idQuestion": "63",
    "answerCorrect": "C",
    "question": "What does the woman suggest the man do? ",
    "A": "Reschedule the staff meeting",
    "B": "Cancel the staff meeting",
    "C": "Meet as originally planned with staff",
    "D": "Find a larger room to meet in"
  },
  {
    "idQuestion": "64",
    "answerCorrect": "A",
    "question": "What will the woman do at the next staff meeting?",
    "A": "Talk about the meeting of the trustees",
    "B": "Ask her colleagues to summarize the conference",
    "C": "Introduce new staff",
    "D": "Prepare the staff for a client visit"
  },
  {
    "idQuestion": "65",
    "answerCorrect": "A",
    "question": "What are the speakers mainly discussing? ",
    "A": "The woman’s assignment",
    "B": "The man's workload",
    "C": "The man’s contract",
    "D": "The woman’s salary"
  },
  {
    "idQuestion": "66",
    "answerCorrect": "B",
    "question": "What will the legal department send? ",
    "A": "A job description",
    "B": "An agreement",
    "C": "Some guidelines",
    "D": "A schedule"
  },
  {
    "idQuestion": "67",
    "answerCorrect": "D",
    "question": "When should the project be completed?",
    "A": "By the end of the day",
    "B": "By the end of the week",
    "C": "By the end of next month",
    "D": "By the end of the year"
  },
  {
    "idQuestion": "68",
    "answerCorrect": "B",
    "question": "What are the speakers discussing?",
    "A": "A new kind of bicycle",
    "B": "A company logo",
    "C": "A letter",
    "D": "A new store"
  },
  {
    "idQuestion": "69",
    "answerCorrect": "C",
    "question": "What is an aspect of the company that the man thinks is important?",
    "A": "Value for money",
    "B": "Creativity",
    "C": "Reliability",
    "D": "Timeliness"
  },
  {
    "idQuestion": "70",
    "answerCorrect": "D",
    "question": "What type of company do the speakers most likely work for? ",
    "A": "A graphic-design company",
    "B": "A fitness center",
    "C": "A printing company",
    "D": "A sporting-goods manufacturer"
  }
]