[{"id":"101000394","name":"B\u00e0i 1: FRIENDSHIP","id_course":"101000013","mean":"","total":"10","num_word":null,"time_date":""},{"id":"101000395","name":"B\u00e0i 2: PERSONAL EXPERIENCES","id_course":"101000013","mean":"","total":"13","num_word":null,"time_date":""},{"id":"101000396","name":"B\u00e0i 3: A PARTY","id_course":"101000013","mean":"","total":"15","num_word":null,"time_date":""},{"id":"101000397","name":"B\u00e0i 4: VOLUNTEER WORK","id_course":"101000013","mean":"","total":"15","num_word":null,"time_date":""},{"id":"101000398","name":"B\u00e0i 5: ILLITERACY","id_course":"101000013","mean":"","total":"13","num_word":null,"time_date":""},{"id":"101000399","name":"B\u00e0i 6: COMPETITIONS","id_course":"101000013","mean":"","total":"13","num_word":null,"time_date":""},{"id":"101000400","name":"B\u00e0i 7: WORLD POPULATION","id_course":"101000013","mean":"","total":"10","num_word":null,"time_date":""},{"id":"101000401","name":"B\u00e0i 8: CELEBRATIONS","id_course":"101000013","mean":"","total":"17","num_word":null,"time_date":""},{"id":"101000402","name":"B\u00e0i 9: THE POST OFFICE","id_course":"101000013","mean":"","total":"90","num_word":null,"time_date":""},{"id":"101000403","name":"B\u00e0i 10: NATURE IN DANGER","id_course":"101000013","mean":"","total":"60","num_word":null,"time_date":""},{"id":"101000404","name":"B\u00e0i 11: SOURCES OF ENERGY","id_course":"101000013","mean":"","total":"50","num_word":null,"time_date":""},{"id":"101000405","name":"B\u00e0i 12: THE ASIAN GAMES","id_course":"101000013","mean":"","total":"44","num_word":null,"time_date":""},{"id":"101000406","name":"B\u00e0i 13: HOBBIES","id_course":"101000013","mean":"","total":"35","num_word":null,"time_date":""},{"id":"101000407","name":"B\u00e0i 14: RECREATION","id_course":"101000013","mean":"","total":"41","num_word":null,"time_date":""},{"id":"101000408","name":"B\u00e0i 15: SPACE CONQUEST","id_course":"101000013","mean":"","total":"52","num_word":null,"time_date":""},{"id":"101000409","name":"B\u00e0i 16: THE WONDERS OF THE WORLD","id_course":"101000013","mean":"","total":"38","num_word":null,"time_date":""}]