[
  {
    "paragraph": "Vancouver Manufacturing<br>9102 NW 99* Street, Vancouver Washington 98655<br>(800)-555-1212 – www.example.com<br>September 25, 2005<br><br>Mr. John Taylor<br>Director of Operations<br>ABC corporation<br>100 E Main Street<br>Vancouver, WA 98685<br><br>Dear Mr. Taylor, <br><br>As our new letterhead indicates, we have recently changed the name of our business from Fort Vancouver Manufacturing to Vancouver Manufacturing. <br>There has been no change in management and we will be providing the same products and fine service in which we have built our reputation in the industry. We would appreciate it if you would bring this annoucement to the attention of your accounts payable department and direct them accordingly. <br>Thank you for being one of our valued customers. We appreciate your cooperation in this matter. <br><br>Al Olsen, <br>President, Vancouver Manufacturing",
    "listquestion": [
      {
        "answerCorrect": "D",
        "D": "To announce a change in company name",
        "B": "To announce a change in company management",
        "C": "To announce a change in providing products",
        "A": "To thank valued customers",
        "question": "What is the purpose of this letter?",
        "idQuestion": 153
      },
      {
        "answerCorrect": "A",
        "A": "collaboration",
        "B": "Link",
        "C": "Connection",
        "D": "Relation",
        "question": "The word ”cooperation” in paragraph 3, line 2 is closest in meaning to?",
        "idQuestion": 154
      },
      {
        "answerCorrect": "D",
        "D": "The director of Operations at ABC corporation",
        "B": "A customer of ABC corporation",
        "C": "The president of Vancouver Manufacturing",
        "A": "The accountant at Vancouver Manufacturing",
        "question": "Who is Mr. Taylor?",
        "idQuestion": 155
      }
    ]
  },
  {
    "paragraph": "TO: Bill Meredith<br>FROM: Mr. Chambers<br>DATE: May 29th, 2011<br>SUBJECT: seminar<br><br>A seminar on Selling Computerized High Technology will be held at the Bolten Hotel on June 15th, 2011; at 1:00 p.m. ABC Corporation is conducting the seminar, which should be extremely informative. <br>We strongly recommend that every member of the sales force attend this seminar. We will, of course, pay the entrance fees for all employees who attend. Please encourage everyone to go, and please provide me with the names of those who will attend no later than June 1st. I appreciate it.",
    "listquestion": [
      {
        "answerCorrect": "B",
        "B": "Computerized High Technology sale",
        "A": "Training sales force",
        "C": "Technological sales information",
        "D": "Technology",
        "question": "What will this seminar be about?",
        "idQuestion": 156
      },
      {
        "answerCorrect": "B",
        "B": "In about two weeks",
        "A": "At the end of the summer",
        "C": "In the first month of the year",
        "D": "In one month",
        "question": "When will the seminar be held?",
        "idQuestion": 157
      },
      {
        "answerCorrect": "B",
        "B": "The sales department officers",
        "A": "All employees",
        "C": "Bill Meredith",
        "D": "ABC Corporation’s officers",
        "question": "Who is most recommended to take part in the workshop?",
        "idQuestion": 158
      }
    ]
  },
  {
    "paragraph": "COMMUNICATIONS EQUIPMENT EXHIBITION<br>CARACAS, VENEZUELA<br>JUNE 2~27<br><br>Rapid economic development, high oil revenues, few trade barriers, and geographic proximity make Venezuela an extremely attractive market for US manufacturers of communications equipment. Sales of these products are projected to climb from $191 million this year and peak at nearly $600 million in five years, reflecting not only large increases in the amount and variety of equipment purchased, but also significant upgrading of current installations. Call 721-6389 for more information.",
    "listquestion": [
      {
        "answerCorrect": "B",
        "B": "A nationwide communications system",
        "A": "A lack of trade restrictions",
        "C": "Accelerated economic growth",
        "D": "Significant revenues from oil",
        "question": "Which of the following is NOT mentioned as a key factor in making Venezuela an attractive market?",
        "idQuestion": 159
      },
      {
        "answerCorrect": "C",
        "C": "In five years",
        "B": "This year",
        "A": "Next year",
        "D": "In two years",
        "question": "When are sates expected to level off?",
        "idQuestion": 160
      },
      {
        "answerCorrect": "A",
        "A": "United States manufacturers",
        "B": "Venezuelan distributors",
        "C": "Manufacturers from all Latin American countries",
        "D": "United States importers",
        "question": "For whom is this notice intended?",
        "idQuestion": 161
      }
    ]
  },
  {
    "paragraph": "<b><p align =\"center\"> PETERBOROUGH MANOR - Guest Attendant (Part Time)</p></b>A P.S.W guest attendant is required at Peterborough Manor.<br>Must be available for shift work and every other weekend. Previous housekeeping experience is required. Experience with seniors preferred. Police check is required.<br>Resumes for this position may be forwarded in confidence to: Peterboroughmanor@chartwellreit.ca or mail to: Administrator, Peterborough Manor, 1039 Water St., Peterborough, ON. K9H 3P5<br>Thank you for your interest. Only candidates selected for an interview will be contacted. No phone calls please.",
    "listquestion": [
      {
        "answerCorrect": "B",
        "B": "A job recruitment",
        "A": "A new company",
        "C": "A new website",
        "D": "A new house",
        "question": "What is this advertisement about?",
        "idQuestion": 162
      },
      {
        "answerCorrect": "B",
        "B": "Via email",
        "A": "In person",
        "C": "Via interview",
        "D": "By phone",
        "question": "How can applicants apply for this position?",
        "idQuestion": 163
      },
      {
        "answerCorrect": "D",
        "D": "Applicants must have experience in the police field.",
        "B": "Applicants must be ready for shift work.",
        "C": "Applicants must work on Saturdays and Sundays.",
        "A": "Applicants must have experience in doing housework.",
        "question": "Which of the following is NOT mentioned in this advertisement?",
        "idQuestion": 164
      }
    ]
  },
  {
    "paragraph": "<b><p align =\"center\"> Low Airfares </p></b><table align =\"center\"><tr><td> New York </td><td> Berlin </td><td> $349 </td></tr><tr><td> New York </td><td> San Francisco </td><td> $239 </td></tr><tr><td> New York </td><td> Bombay </td><td> $538 </td></tr><tr><td> Washington </td><td> Rome </td><td> $379 </td></tr><tr><td> San Francisco </td><td> Paris </td><td> $456 </td></tr></table>Alt flights make at least one stop with a change of aircraft. Tickets must be purchased two weeks in advance. Once ticketed any alteration wit coat $25.00. No refunds.",
    "listquestion": [
      {
        "answerCorrect": "C",
        "C": "You change planes.",
        "B": "You can get a refund.",
        "A": "You must pay an alteration fee",
        "D": "You pay $239.",
        "question": "If you go from New York to Berlin, what happens?",
        "idQuestion": 165
      },
      {
        "answerCorrect": "B",
        "B": "Pay a $25 charge.",
        "A": "Trade tickets at the airport.",
        "C": "Buy a new ticket.",
        "D": "Fly with another airline.",
        "question": "If you want to change your ticket, what do you have to do?",
        "idQuestion": 166
      },
      {
        "answerCorrect": "B",
        "B": "Fourteen days",
        "A": "One day",
        "C": "One week",
        "D": "Ten days",
        "question": "How early do you have to purchase your ticket in order to get the lowest fare?",
        "idQuestion": 167
      }
    ]
  },
  {
    "paragraph": "TO: All Supervisor<br>Personnel Staff<br>Department Secretaries<br>-------------------------------<br>FROM: Mr. Henry Sy, President<br>DATE: September 30, 2003<br>SUBJECT: Seminar-Workshop on Technical Writing<br>Staff development is one of the major concerns of this company. To this effect, you are requested to attend the aforementioned training to be sponsored by the English Department of Kapatiran Foundation on October 15 and 16 at the AVR. Registration is free; hence, everybody is enjoyed to participate.",
    "listquestion": [
      {
        "answerCorrect": "B",
        "B": "A workshop on Technical Writing",
        "A": "Employee development",
        "C": "Increasing the English ability",
        "D": "Professional training",
        "question": "What is the memo about?",
        "idQuestion": 168
      },
      {
        "answerCorrect": "D",
        "D": "Technical field",
        "B": "Language (English)",
        "C": "Human resources training",
        "A": "Publishing",
        "question": "To which field would this company most likely belong?",
        "idQuestion": 169
      },
      {
        "answerCorrect": "D",
        "D": "The president",
        "B": "All secretaries",
        "C": "All senior leaders",
        "A": "Personnel staff members",
        "question": "To whom will this memo NOT be sent?",
        "idQuestion": 170
      }
    ]
  },
  {
    "paragraph": "<b><p align =\"center\"> GOLF Colures DEVELOPMENTS</p></b>By D.W. Jones and G. L Santini<br>Illustrated, 258 pp. Los Angeles: <br>Comex Publishing Company. $9.95. <br><br>Golf Course Developments provides developers with everything they need to know about the elements of a regulation golf course as well as alternative layout types. It explains the various configurations that can be used and discusses the site factors which must be considered before a golf course is planned. Necessary golf course construction methods with their alternatives are detailed.",
    "listquestion": [
      {
        "answerCorrect": "A",
        "A": "A landscape architect",
        "B": "A mathematician",
        "C": "A type settler",
        "D": "An amateur golfer",
        "question": "Who would be most interested in this publication?",
        "idQuestion": 171
      },
      {
        "answerCorrect": "C",
        "C": "Design schemes",
        "B": "Golf rules and regulations",
        "A": "The names of planning board members",
        "D": "Tips on how to Improve your golf game",
        "question": "What information would you expect to find in this book?",
        "idQuestion": 172
      }
    ]
  },
  {
    "paragraph": "<b>Passage 1:</b><br><br><b><p align =\"center\"> Ride in Style! Save $15 off a weekly rental or get a free weekend day with this coupon!</p></b>Johnson’s Motors is offering you the chance to rent a quality vehicle at an all-time low price. Rent any vehicle from an Intermediate through a Sport Utility Vehicle, and you can get one weekend day free or save $15 on a weekly rental when you present this coupon at any participating Johnson’s Motors Rental Car location in the US.<br>To take advantage of this offer, call your travel consultant or the Rental Car Specialists at 1-800-226-7985. Coupon #MUJ8745. Rental must begin by 6/30/05.<br>An advance reservation is required. Subject to complete Terms and Conditions.<br>To view complete terms and conditions, log on to www.johnsons_rental.co or call 1-800-226-7986 to request a brochure. Subject to approval, eligibility restrictions apply.<br><br><b>Passage 2:</b><br><br>35 Sunny Dales<br>Westport<br>CA 30057<br>June 25, 2005<br><br>Re: Coupon #MUJ8745<br><br>Dear Sirs,<br>I recently applied for the above coupon, the details of which ran in the national press earlier this month. I am a 35-year-old with a clean driving, no traffic violation, a perfect credit record, and no criminal background. However, when I tried to apply for this rental offer, I was treated like a common criminal.<br>I object strongly to the fact that I was fingerprinted and my prints were run through police records. All I wanted to do was to take advantage of a $15 rental discount. I had heard that Johnson’s Motors operates according to very strict guidelines, but this is ridiculous. Furthermore, my application was rejected with no explanation other than, “Sorry, you do not fit our rental criteria”. I cannot begin to imagine who you do rent cars to.<br>I will be warning all my friends and acquaintances against using Johnson’s Motors.<br><br>Sincerely,<br>Mathew Jernsted",
    "listquestion": [
      {
        "answerCorrect": "B",
        "B": "Annual membership discounts",
        "A": "Continuation of organized lessons",
        "C": "Personalized coaching to suit individuals ‘needs",
        "D": "Free signup",
        "question": "What is NOT offered in the advertisement?",
        "idQuestion": 173
      },
      {
        "answerCorrect": "B",
        "B": "People who need a little nudge at getting into shape",
        "A": "Anyone who failed at dieting during the summer",
        "C": "People without much time on their hands",
        "D": "Athletes training for upcoming competitions",
        "question": "Who does this advertisement mainly target?",
        "idQuestion": 174
      }
    ]
  },
  {
    "paragraph": "<b><p align =\"center\"> HOW TO  INVEST MORE AT<br> SMITH MUTUAL FUNDS </p></b>By Mail<br>To add to your account, send a check or money order payable to Smith Funds along with the additional investment form that is attached to this statement Please see Minimum investment requirements for each fund in the appropriate prospectus. <br>By Electronic Transfer? <br>After an account has been established, you may purchase additional shares by electronic transfer. Please call Smith Funds for instructions. <br>By Exchange<br>You can open a new account by exchanging from one Smith Funds account to an identically registered account. Please verify the Investment guidelines for each Fund in the appropriate prospectus. The Fund may modify, suspend, or terminate the exchange privilege at its discretion.",
    "listquestion": [
      {
        "answerCorrect": "A",
        "A": "Telephone for information ",
        "B": "Mail a written request ",
        "C": " Send in another form ",
        "D": " Terminate their exchange privilege ",
        "question": "What should clients do to invest by electronic transfer?",
        "idQuestion": 175
      },
      {
        "answerCorrect": "A",
        "A": "The exchange privilege ",
        "B": "The investment guidelines ",
        "C": "The account registraton number ",
        "D": "The minimum investment ",
        "question": "What can the Fund change at any time?",
        "idQuestion": 176
      }
    ]
  },
  {
    "paragraph": "<b>SOPHIE’S PLACE Questionnaire</b><br>Dear Guests,<br><br>Your continuous support and patronage is our greatest source of comfort. Your heartfelt comments are our compelling drive to provide better service for you. Please kindly complete this questionnaire to let us know your thoughts. Thanks you very much.<br><br><b>Name: John Williams<br>Telephone: 755 2563<br>Date of Visit: Nov. 28, 2006<br>Time of Visit: 6:30 p.m</b><table align =\"center\" width=\"500\"><tr><td> Quality of Food </td><td> Good </td><td> Fair </td><td> Poor </td><td> Very poor</td></tr><tr><td> Taste </td><td> X</td><td> </td><td> </td><td> </td></tr><tr><td> Variety </td><td> </td><td> </td><td>X </td><td> </td></tr><tr><td> Price </td><td>X </td><td> </td><td> </td><td> </td></tr></table>&nbsp;&nbsp;&nbsp;&nbsp;&nbsp;&nbsp;&nbsp;&nbsp;-----------------------------------<table align =\"center\" width=\"500\"><tr><td> Quality of Food </td><td> Good </td><td> Fair </td><td> Poor </td><td> Very poor</td></tr><tr><td> Efficiency of service </td><td> </td><td> </td><td> X</td><td> </td></tr><tr><td> Staff Courtesy </td><td> </td><td> X </td><td> </td><td> </td></tr><tr><td> Cleanliness </td><td></td><td>X </td><td> </td><td> </td></tr></table><br>Further Comments:<br>We had to wait over an hour for our food to arrive. The food was very tasty, but I think the place needs more people to wait on customers.",
    "listquestion": [
      {
        "answerCorrect": "C",
        "C": "He had dinner at the restaurant",
        "B": "He came with several guests",
        "A": "He is a regular customer",
        "D": "He is a very picky person",
        "question": "What can be implied about Mr. Williams?",
        "idQuestion": 177
      },
      {
        "answerCorrect": "C",
        "C": "Mr. Williams felt that the price was very unreasonable",
        "B": "Mr. Williams felt that the restaurant was understaffed",
        "A": "Mr. Williams liked the food he had today",
        "D": "Mr. Williams thought the menu selection needs were limited",
        "question": "Which of the following is NOT true about the results of the questionnaire?",
        "idQuestion": 178
      }
    ]
  },
  {
    "paragraph": "Dear Jake,<br><br>I just wanted to write you a note to tell you how much I've appreciated everything you've done for me. You were willing to take a chance on me when others wouldn't, due to my inexperience. Not only that, but you stuck by me as I learned and made mistakes.<br>I'm happy that you've found a new position with greater responsibilities. You deserve it. But I'm sad to see you go. You were more than a boss to me; you were a mentor and a friend. I will always value your advice, and will remember the lessons you have taught me. I remember the first time I missed deadline, and help up the whole paper. I was scared you would fire me. Instead you were supportive and understanding.<br>I hope we can stay in touch, professionally and personally. I have the highest respect for your talent and leadership skills. You have the ambition and acumen to be wildly successful. I hope you and Denise will find personal satisfaction in Albany as well. I hear it's a nice city. If there's ever anything I can do for you, please don't hesitate to ask.<br>All my best,<br>Tanya",
    "listquestion": [
      {
        "answerCorrect": "C",
        "C": "To commemorate Jake's response",
        "B": "To remind Jake of his mistake",
        "A": "To highlight her competence",
        "D": "To elaborate on an opinion",
        "question": "Why does Tanya mention missing a deadline?",
        "idQuestion": 179
      },
      {
        "answerCorrect": "A",
        "A": "Change jobs",
        "B": "Take a vacation",
        "C": "Retire",
        "D": "Get married",
        "question": "What is Jake going to do?",
        "idQuestion": 180
      },
      {
        "answerCorrect": "B",
        "B": "She was hired by Jake.",
        "A": "She is not happy in her job.",
        "C": "She does not know Jake well.",
        "D": "She is a receptionist.",
        "question": "What can be inferred about Tanya?",
        "idQuestion": 181
      },
      {
        "answerCorrect": "B",
        "B": "He is a talented leader.",
        "A": "He is a competent teacher.",
        "C": "He is an egotistical editor.",
        "D": "He is a supportive husband.",
        "question": "What does Tanya say about Jake?",
        "idQuestion": 182
      }
    ]
  },
  {
    "paragraph": "Mr. George Mackie<br>IFS Freight Forwarding<br>8471 S. Eastern Avenue<br>Chicago, IL 60647<br><br>Dear Mr. Mackie: <br><br>We have just received a complaint about a mishandled delivery from one of our trusted customers. Mr. C. Benson of Butterfly Beauty Care in Dubuque, Iowa. <br>Apparently. a member of your staff delivered two cartons of goods to the Butterfly Beauty Cure facility despite the fact that the items they contained had been damaged in transit.<br>Enclosed, you will find a copy of the transmittal form signed by Mr. Benson, on which he clearly indicated that he noticed Use damage while your driver was still on the premises.<br>Mr. Benson reports that the driver refused to lake the goods back, contrary to your company's stated policy. Furthermore, the driver indicated that our packing was responsible roe the breakage. We can assure you that these boxes were packed with the usual care, and left our warehouse in perfect condition. We can only conclude that they were damaged during shipment. <br>We expect you to pick up the hoses immediately at absolutely no cost to Mr. Benson or Smooth Skin. We are far from satisfied with the actions of your employee, and in view of the fact that this is the third complaint we have received in six mouths, my further incidents of this nature will force us to reconsider the renewal of our contract with your firm. <br><br>Sincerely. <br>Peggy S. Rolf<br> Shipping Manager<br> Enclosure",
    "listquestion": [
      {
        "answerCorrect": "A",
        "A": "A shipping document ",
        "B": "A check ",
        "C": "Two cartons ",
        "D": " A new contract ",
        "question": "What was sent to Mr. Mackie with this letter?",
        "idQuestion": 183
      },
      {
        "answerCorrect": "A",
        "A": "Smooth Skin was responsible for the damage. ",
        "B": " Butterfly Beauty should file a complaint. ",
        "C": " The shipment was damaged in transit. ",
        "D": " IFS should refund the customer''s money. ",
        "question": "According to the letter, what did the delivery driver do?",
        "idQuestion": 184
      },
      {
        "answerCorrect": "B",
        "B": "Returns ",
        "A": " Shipping charges. ",
        "C": " Weight limits ",
        "D": " Travel expenses ",
        "question": "Ms. Rolf refers to the IFS policy about",
        "idQuestion": 185
      },
      {
        "answerCorrect": "A",
        "A": "By retrieving the goods ",
        "B": "By contacting her directly ",
        "C": "By renewing the contract ",
        "D": "By paying for the damage",
        "question": "How does Ms. Rolf want the firm to respond to her teller?",
        "idQuestion": 186
      }
    ]
  },
  {
    "paragraph": "<b><p align =\"center\"> How to get accepted to Fullgate University </p></b>.By Alex Herd, Fullgate University Admissions Office. It is time to start applying for university. Some students will be successful, but others will not. If you have dreamed of being admitted to Fullgate University, this article can show you what to do to improve your chances of success. First, you must apply early. You must apply before the application deadline. This is, perhaps, the most important consideration. We receive a lot of applications from excellent students who we have to reject because they sent us their application far too late. Make sure to apply before January 1 7,h. Fullgate University believes that after-school activities such as volunteer work, sports participation, and employment are very important. We look for any activities that help develop a student's character. Your grades are not the only aspect we consider. Finally, Fullgate University looks closely at letters of recommendation. We require at least three letters of recommendation. These should be written by people such as your teachers, sports club coaches, employers and the leaders of any volunteer organizations you belong to. We suggest that you get these as soon as possible so you can submit them with your application.",
    "listquestion": [
      {
        "answerCorrect": "D",
        "D": "Three",
        "B": "Four",
        "C": "Five",
        "A": "None",
        "question": "How many letters of recommendation does the university require?",
        "idQuestion": 187
      },
      {
        "answerCorrect": "B",
        "B": "the application deadline",
        "A": "volunteer work",
        "C": "sports participation",
        "D": "Employment",
        "question": "What is the most important thing to consider?",
        "idQuestion": 188
      },
      {
        "answerCorrect": "B",
        "B": "Pries",
        "A": "Teacher",
        "C": "Employer",
        "D": "Sports coach",
        "question": "Which of the following is NOT mentioned as someone to write a letter of recommendation?",
        "idQuestion": 189
      },
      {
        "answerCorrect": "A",
        "A": "high school students",
        "B": "fullgate University students",
        "C": "volunteers",
        "D": "school teachers",
        "question": "Who would be interested in this information?",
        "idQuestion": 190
      }
    ]
  },
  {
    "paragraph": "McDowell Publishing plans to merge with Harvey Media this January, a spokesman for McDowell Publishing said. The new company will be called McDowell and Harvey Media. The decision comes after both companies experienced their third straight year of losses. Both companies have struggled to compete with the world’s largest publishing company, Watson Media Inc., which accounts for about 75% of the market. Since Watson Media Inc. was founded by Charles Duvet Jr. in 1999 the company has successfully forced ten other small publishing companies to declare bankruptcy.<br>According to a spokesman form Harvey Media, after the merger is completed, the new company will launch a 3-million-dollar marketing campaign. Jackson Polkins, the famous children’s writer, has already announced he will be leaving Watson Media Inc. to pursue a contract with the new company.",
    "listquestion": [
      {
        "answerCorrect": "D",
        "D": "To remain competitive",
        "B": "To induce voluntary retirement",
        "C": "To hire more employees",
        "A": "To reduce operation costs",
        "question": "According to the article why are the two companies making the change?",
        "idQuestion": 191
      },
      {
        "answerCorrect": "C",
        "C": "Deficits",
        "B": "Fortunes",
        "A": "Properties",
        "D": "Resources",
        "question": "The word “losses” in line 5 is closest in meaning to",
        "idQuestion": 192
      },
      {
        "answerCorrect": "B",
        "B": "Children’s writer",
        "A": "Company spokesman",
        "C": "Financial advisor",
        "D": "Publishing assistant",
        "question": "What is Jackson Polkins’s occupation?",
        "idQuestion": 193
      },
      {
        "answerCorrect": "A",
        "A": "Charles Duvet Jr. started a company",
        "B": "Watson Media Inc. went bankrupt",
        "C": "Jackson Polkins published a book",
        "D": "Harvey Media introduced a new campaign",
        "question": "According to the article, what happened in 1999?",
        "idQuestion": 194
      },
      {
        "answerCorrect": "B",
        "B": "Watson Media Inc. is a huge company",
        "A": "The new company will lay off many workers",
        "C": "McDowell Publishing will invest considerable money",
        "D": "Harvey Media will change location",
        "question": "What can be inferred from the newspaper article?",
        "idQuestion": 195
      }
    ]
  },
  {
    "paragraph": "<b>Passage 1:</b><br><br> <b><p align =\"center\"> Cross – Cultural Communication in Business Negotiations</p></b>Business Weekly&nbsp;&nbsp; &nbsp;&nbsp; By Dr. Rod Steiner &nbsp;&nbsp; &nbsp;&nbsp; November 2006<br><br>The importance of effective cross-cultural communication during business conferences or negotiations is often unappreciated. And yet it is not just the immediate outcome of the negotiation which is at stake but also the possibility of a positive, ongoing business relationship.<br><br>Here’s a simple example:”don’t mix business and pleasure.” We say, thinking ourselves to be efficient and “virtuous”. But trying to negotiate with that attitude in some other cultures may well put future relationships under a cloud. So, the first rule should be to study the culture of the people with whom you are going to negotiate.<br><br>Dr. Rod Steiner, assistant lecturer, Department of Business Studies, South Australian Institute of Technology.<br><br> <b>Passage 2:</b><br><br><b><p align =\"center\"> South Australian Institute of Technology<br> Department of Business Studies</p></b><br>44 Berwick St<br>Adelaide, <br>Australia 5066<br>November 24, 2006<br><br>Dear Dr. Steiner,<br><br>I read your article “Cross – Cultural Communication in Business Negotiations” with a great deal of interest. I am a postgraduate language/business student at the University of Adelaide, and I have also had some experience living and studying in Japan.<br><br>You are absolutely right when you highlight possible “cross cultural irritation”. In our culture, we would never associate business transactions of any type with drinking alcohol and going to nightclubs. However, that’s more or less the normal way of doing things in Japan.<br><br>I hope to specialize in this area of study – I mean, in cross-cultural communication – and that’s why I have chosen also to study some foreign languages. If you have any suggestions for further reading, could you please let me know?<br><br>Thanks for your attention.<br><br>Julie Luddon",
    "listquestion": [
      {
        "answerCorrect": "A",
        "A": "Pursue a career in cross-cultural communication",
        "B": "Inquire about the source of information mentioned in the article",
        "C": "Contradict what Dr. Steiner had said in his article",
        "D": "Learn as many languages as possible",
        "question": "What does Ms. Luddon want to do?",
        "idQuestion": 196
      },
      {
        "answerCorrect": "D",
        "D": "She has already received a bachelor’s degree",
        "B": "She is writing a book about cultural negotiations",
        "C": "She is studying to become a university professor",
        "A": "She wants to work in a foreign country",
        "question": "What can be inferred about Julie Luddon?",
        "idQuestion": 197
      },
      {
        "answerCorrect": "A",
        "A": "Alarm",
        "B": "Admiration",
        "C": "Fear",
        "D": "Assurance",
        "question": "In the article, the word “consternation” in paragraph 2, line 3 is closest in meaning to",
        "idQuestion": 198
      },
      {
        "answerCorrect": "A",
        "A": "To know the culture of your business counterpart",
        "B": "To take a course in international business relationships at the institute",
        "C": "Always to be alert of hints that can damage an ongoing business relationship",
        "D": "Not to mix business and pleasure when dealing with any culture",
        "question": "What does the article suggest?",
        "idQuestion": 199
      },
      {
        "answerCorrect": "C",
        "C": "Both are interested in the same subject",
        "B": "Both have lived overseas in the past",
        "A": "Both are writing books",
        "D": "Both work in the same university",
        "question": "What do Julie and Dr. Steiner have in common?",
        "idQuestion": 200
      }
    ]
  }
]