[{"idQuestion":"11","answerCorrect":"B"},{"idQuestion":"12","answerCorrect":"C"},{"idQuestion":"13","answerCorrect":"A"},{"idQuestion":"14","answerCorrect":"C"},{"idQuestion":"15","answerCorrect":"B"},{"idQuestion":"16","answerCorrect":"B"},{"idQuestion":"17","answerCorrect":"B"},{"idQuestion":"18","answerCorrect":"C"},{"idQuestion":"19","answerCorrect":"A"},{"idQuestion":"20","answerCorrect":"C"},{"idQuestion":"21","answerCorrect":"A"},{"idQuestion":"22","answerCorrect":"B"},{"idQuestion":"23","answerCorrect":"C"},{"idQuestion":"24","answerCorrect":"B"},{"idQuestion":"25","answerCorrect":"C"},{"idQuestion":"26","answerCorrect":"A"},{"idQuestion":"27","answerCorrect":"B"},{"idQuestion":"28","answerCorrect":"A"},{"idQuestion":"29","answerCorrect":"C"},{"idQuestion":"30","answerCorrect":"A"},{"idQuestion":"31","answerCorrect":"B"},{"idQuestion":"32","answerCorrect":"A"},{"idQuestion":"33","answerCorrect":"B"},{"idQuestion":"34","answerCorrect":"B"},{"idQuestion":"35","answerCorrect":"A"},{"idQuestion":"36","answerCorrect":"B"},{"idQuestion":"37","answerCorrect":"C"},{"idQuestion":"38","answerCorrect":"C"},{"idQuestion":"39","answerCorrect":"A"},{"idQuestion":"40","answerCorrect":"C"}]