[{"id":"101000258","name":"Contracts","id_course":"101000008","mean":"","total":"12","num_word":"","time_date":""},{"id":"101000259","name":"Marketing","id_course":"101000008","mean":"","total":"12","num_word":"","time_date":""},{"id":"101000260","name":"Warranties","id_course":"101000008","mean":"","total":"12","num_word":"","time_date":""},{"id":"101000261","name":"Business Planning","id_course":"101000008","mean":"","total":"12","num_word":"","time_date":""},{"id":"101000262","name":"Conferences","id_course":"101000008","mean":"","total":"12","num_word":"","time_date":""},{"id":"101000263","name":"Computers & the Internet","id_course":"101000008","mean":"","total":"12","num_word":"","time_date":""},{"id":"101000264","name":"Office Technology","id_course":"101000008","mean":"","total":"12","num_word":"","time_date":""},{"id":"101000265","name":"Office Procedures","id_course":"101000008","mean":"","total":"12","num_word":"","time_date":""},{"id":"101000266","name":"Electronics","id_course":"101000008","mean":"","total":"12","num_word":"","time_date":""},{"id":"101000267","name":"Correspondence","id_course":"101000008","mean":"","total":"12","num_word":"","time_date":""},{"id":"101000268","name":"Job Ads & Recruitment","id_course":"101000008","mean":"","total":"12","num_word":"","time_date":""},{"id":"101000269","name":"Apply and Interviewing","id_course":"101000008","mean":"","total":"12","num_word":"","time_date":""},{"id":"101000270","name":"Hiring and Training","id_course":"101000008","mean":"","total":"12","num_word":"","time_date":""},{"id":"101000271","name":"Salaries & Benefits","id_course":"101000008","mean":"","total":"12","num_word":"","time_date":""},{"id":"101000272","name":"Promotions & Awards","id_course":"101000008","mean":"","total":"12","num_word":"","time_date":""},{"id":"101000273","name":"Shopping","id_course":"101000008","mean":"","total":"12","num_word":"","time_date":""},{"id":"101000274","name":"Ordering Supplies","id_course":"101000008","mean":"","total":"12","num_word":"","time_date":""},{"id":"101000275","name":"Shipping","id_course":"101000008","mean":"","total":"12","num_word":"","time_date":""},{"id":"101000276","name":"Invoices","id_course":"101000008","mean":"","total":"12","num_word":"","time_date":""},{"id":"101000277","name":"Inventory","id_course":"101000008","mean":"","total":"12","num_word":"","time_date":""},{"id":"101000278","name":"Banking","id_course":"101000008","mean":"","total":"12","num_word":"","time_date":""},{"id":"101000279","name":"Accounting","id_course":"101000008","mean":"","total":"12","num_word":"","time_date":""},{"id":"101000280","name":"Investments","id_course":"101000008","mean":"","total":"12","num_word":"","time_date":""},{"id":"101000281","name":"Taxes","id_course":"101000008","mean":"","total":"12","num_word":"","time_date":""},{"id":"101000282","name":"Financial Statements","id_course":"101000008","mean":"","total":"12","num_word":"","time_date":""},{"id":"101000283","name":"Property & Departments","id_course":"101000008","mean":"","total":"12","num_word":"","time_date":""},{"id":"101000284","name":"Board Meeting","id_course":"101000008","mean":"","total":"12","num_word":"","time_date":""},{"id":"101000285","name":"Quality Control","id_course":"101000008","mean":"","total":"12","num_word":"","time_date":""},{"id":"101000286","name":"Product Development","id_course":"101000008","mean":"","total":"12","num_word":"","time_date":""},{"id":"101000287","name":"Renting & Leasing","id_course":"101000008","mean":"","total":"12","num_word":"","time_date":""},{"id":"101000288","name":"Selecting A Restaurant","id_course":"101000008","mean":"","total":"12","num_word":"","time_date":""},{"id":"101000289","name":"Eating Out","id_course":"101000008","mean":"","total":"12","num_word":"","time_date":""},{"id":"101000290","name":"Ordering Lunch","id_course":"101000008","mean":"","total":"12","num_word":"","time_date":""},{"id":"101000291","name":"Cooking As A Career","id_course":"101000008","mean":"","total":"12","num_word":"","time_date":""},{"id":"101000292","name":"Events","id_course":"101000008","mean":"","total":"12","num_word":"","time_date":""},{"id":"101000293","name":"General Travel","id_course":"101000008","mean":"","total":"12","num_word":"","time_date":""},{"id":"101000294","name":"Airlines","id_course":"101000008","mean":"","total":"12","num_word":"","time_date":""},{"id":"101000295","name":"Trains","id_course":"101000008","mean":"","total":"12","num_word":"","time_date":""},{"id":"101000296","name":"Hotels","id_course":"101000008","mean":"","total":"12","num_word":"","time_date":""},{"id":"101000297","name":"Car Rentals","id_course":"101000008","mean":"","total":"12","num_word":"","time_date":""},{"id":"101000298","name":"Movies","id_course":"101000008","mean":"","total":"12","num_word":"","time_date":""},{"id":"101000299","name":"Theater","id_course":"101000008","mean":"","total":"12","num_word":"","time_date":""},{"id":"101000300","name":"Music","id_course":"101000008","mean":"","total":"12","num_word":"","time_date":""},{"id":"101000301","name":"Museums","id_course":"101000008","mean":"","total":"12","num_word":"","time_date":""},{"id":"101000302","name":"Media","id_course":"101000008","mean":"","total":"12","num_word":"","time_date":""},{"id":"101000303","name":"Doctor's Office","id_course":"101000008","mean":"","total":"12","num_word":"","time_date":""},{"id":"101000304","name":"Dentist's Office","id_course":"101000008","mean":"","total":"12","num_word":"","time_date":""},{"id":"101000305","name":"Health","id_course":"101000008","mean":"","total":"12","num_word":"","time_date":""},{"id":"101000306","name":"Hopitals","id_course":"101000008","mean":"","total":"12","num_word":"","time_date":""},{"id":"101000307","name":"Pharmacy","id_course":"101000008","mean":"","total":"12","num_word":"","time_date":""}]